Pořadí,ID,Hráč,Rok narození,Pohlaví,Oddíl,Kraj,Region,STR letošní,STR loňské,STR změna
1,42351,Dusík Stanislav,1998,M,"SK Kotlářka, z.s.",Pražský SST,Pražský SST,1811,1614,197
2,49821,Strejc Filip,1998,M,"TTC Kladno, z.s.",Středočeský SST,RSST Kladno,1794,1606,188
3,44107,Buben Vlastimil,1999,M,TJ Sokol PP Hradec Králové 2,KSST Kralovéhradecký,RSST Hradec Králové,1862,1709,153
3,48175,Šenk Jakub,1994,M,"AC Sparta Praha - stolní tenis, z.s.",Pražský SST,Pražský SST,1794,1641,153
5,56504,Lamač Petr,1988,M,Tělocvičná jednota Sokol Brno I,KSST Jihomoravský,RSST Brno - město,1930,1784,146
6,48370,Vybíral Lukáš,1996,M,KST Sokol Znojmo-Orel Únanov,KSST Jihomoravský,RSST Znojmo,1770,1627,143
7,45904,Korbel Filip,1974,M,Tělocvičná jednota Sokol Černovice,KSST Vysočina,RSST Pelhřimov,1807,1667,140
7,4986,Martenek Tomáš,1970,M,"TJ Spartak Chrastava, spolek",KSST Liberecký,RSST Liberec,1748,1608,140
9,43723,Hobl Lukáš,1998,M,SKST Cheb,KSST Karlovarský,RSST Cheb,1846,1708,138
10,53567,Konečný Lukáš,1998,M,TJ Chropyně,KSST Olomoucký,RSST Přerov,1810,1673,137
11,47970,Olejník Jakub,1997,M,"Table Tennis Club Šumperk, z.s.",KSST Olomoucký,RSST Šumperk,1782,1656,126
12,29676,Chalupa Jakub,1987,M,T.J.  Sokol Olomouc Neředín z.s.,KSST Olomoucký,RSST Olomouc,1839,1716,123
12,3560,Levenec Petr,1978,M,Tělocvičná jednota Sokol Roztoky u Prahy,Středočeský SST,RSST Praha - západ,1778,1655,123
14,43989,Vévoda Ondřej,1999,M,BSK Malenovice,Moravskoslezský SST,OSST Frýdek-Místek,1779,1660,119
14,32602,Nešněra Jiří,1985,M,"TJ Auto Škoda Mladá Boleslav, z.s.",Středočeský SST,RSST Mladá Boleslav,1927,1808,119
16,46353,Brát Karel ml.,1997,M,TJ Sokol PP Hradec Králové 2,KSST Kralovéhradecký,RSST Hradec Králové,1841,1724,117
17,46964,Čajka Filip,1996,M,"KST Zlín, z.s.",KSST Zlínský,OSST Zlín,1874,1758,116
17,45717,Sedlář David,2000,M,Table Tennis Club Koral Tišnov z.s.,KSST Jihomoravský,RSST Brno - venkov,1825,1709,116
19,47346,Mádlo Martin,1986,M,"KST Holice, z.s.",KSST Pardubický,RSST Pardubice,1869,1755,114
20,40574,Toufar Jan,1997,M,"TTC Moravská Slavia Brno, z.s.",KSST Jihomoravský,RSST Brno - město,1761,1648,113
21,26905,Frühauf Filip,1990,M,Tělovýchovná jednota MĚSTO ZBIROH,KSST Plzeňský,RSST Rokycany,1779,1668,111
22,43828,Bárta Daniel,1999,M,TJ Jiskra Havlíčkův Brod z.s.,KSST Vysočina,RSST Havlíčkův Brod,1742,1632,110
23,46226,Knap Lukáš,1993,M,"TJ Nová Paka, z.s.",KSST Kralovéhradecký,RSST Jičín,1710,1601,109
24,51123,Martinko Jiří,1999,M,Tělovýchovná jednota Ostrava,Moravskoslezský SST,MěSST Ostrava,1983,1875,108
25,13867,Uhlíř Petr,1963,M,TJ Třebíč,KSST Vysočina,RSST Třebíč,1719,1615,104
26,42375,Polanský Tomáš,1998,M,TJ Slavoj Severotuk Ústí n.L.,KSST Ústecký,RSST Ústí nad Labem,2173,2070,103
26,26427,Píšan Ondřej,1984,M,Tělocvičná jednota Sokol Nusle Praha,Pražský SST,Pražský SST,1713,1610,103
28,44731,Kowal René,1996,M,Sportovní klub stolního tenisu Havířov z.s.,Moravskoslezský SST,RSST Karviná,1940,1842,98
29,43810,Kapounová Barbora,1997,Z,SKST Hodonín z.s.,KSST Jihomoravský,RSST Hodonín,1803,1706,97
29,39371,Mádr Miloslav,1989,M,Tělocvičná jednota Sokol Studená I.,KSST Jihočeský,RSST Jindřichův Hradec,1760,1663,97
31,28662,Štrof Vojtěch,1992,M,Sportovní klub stolního tenisu Havířov z.s.,Moravskoslezský SST,RSST Karviná,2212,2116,96
32,14424,Hudec Stanislav,1959,M,TJ Žďár nad Sázavou z.s.,KSST Vysočina,RSST Žďár nad Sázavou,1720,1627,93
33,32046,Kubát Jan,1987,M,Sportovní klub U Řeky Plzeň,KSST Plzeňský,RSST Plzeň - město,1717,1625,92
34,45877,Marat Petr,1999,M,Sportovní Jižní Město o.p.s.,Pražský SST,Pražský SST,1712,1621,91
34,55304,Brzecki Pawel,1979,M,TJ Lokomotiva Meziměstí z.s.,KSST Kralovéhradecký,RSST Náchod,1727,1636,91
34,44164,Vašíček Jan,1999,M,"Městský sportovní klub Břeclav stolní tenis, pobočný spolek",KSST Jihomoravský,RSST Břeclav,1770,1679,91
34,27324,Foldyna Radek,1981,M,SK - SVINOV z.s.,Moravskoslezský SST,MěSST Ostrava,1730,1639,91
34,3595,Šedivý Zdeněk,1978,M,"TTC ELIZZA PRAHA, z.s.",Pražský SST,Pražský SST,2020,1929,91
34,56502,Kalužný Samuel,1997,M,Tělovýchovná jednota Ostrava,Moravskoslezský SST,MěSST Ostrava,2108,2017,91
34,45843,Němeček Jakub,1997,M,"SK Kotlářka, z.s.",Pražský SST,Pražský SST,2003,1912,91
41,52885,Průša David,2000,M,Sportovní Jižní Město o.p.s.,Pražský SST,Pražský SST,1721,1631,90
42,24943,Řežáb Jiří,1956,M,"Oddíl stolního tenisu TTC MG ODRA GAS Vratimov,z.s.",Moravskoslezský SST,MěSST Ostrava,1940,1851,89
43,24476,Reichert Tomáš,1984,M,Tělocvičná jednota Sokol Plzeň V,KSST Plzeňský,RSST Plzeň - město,1713,1625,88
43,7713,Hoch Jiří,1962,M,Tělocvičná jednota Sokol Plzeň V,KSST Plzeňský,RSST Plzeň - město,1878,1790,88
45,48614,Borovský Šimon,1996,M,"TJ Frenštát pod Radhoštěm, spolek",Moravskoslezský SST,RSST Nový Jičín,1761,1674,87
45,38506,Veselý Lukáš,1988,M,"KST Blansko, z.s.",KSST Jihomoravský,RSST Blansko,1863,1776,87
47,35055,Suchánek Martin,1987,M,Jiskra Raspenava z.s.,KSST Liberecký,RSST Liberec,1725,1640,85
48,28860,Lukaščuk Josef,1974,M,Sportovní klub stolního tenisu Baník Most z. s.,KSST Ústecký,RSST Most,1988,1904,84
49,27534,Zvěřina Jiří,1965,M,"Table Tennis Club Bělá pod Bezdězem, z.s.",Středočeský SST,RSST Mladá Boleslav,1727,1644,83
50,45279,Šilhán Petr,1995,M,"Sportovní klub stolního tenisu Liberec, z.s.",KSST Liberecký,RSST Liberec,1883,1801,82
50,49694,Pych Luděk ml.,1996,M,TJ Sadská o.s.,Středočeský SST,RSST Nymburk,1710,1628,82
52,34970,Wollný Michal,1993,M,"TTC Bolatice, z.s.",Moravskoslezský SST,RSST Opava,1798,1717,81
52,44508,Klos Patrik,1998,M,Tělovýchovná jednota Ostrava,Moravskoslezský SST,MěSST Ostrava,2032,1951,81
54,59206,Gomola Jan,1988,M,Tělovýchovná jednota Ostrava,Moravskoslezský SST,MěSST Ostrava,1806,1726,80
54,1497,Kuba Miloslav,1973,M,z.s.TTC Klánovice - stolní tenis,Pražský SST,Pražský SST,1705,1625,80
54,43775,Pluhař Jan,1997,M,TJ Žďár nad Sázavou z.s.,KSST Vysočina,RSST Žďár nad Sázavou,1857,1777,80
54,55792,Štěpán Libor,1969,M,Orel jednota Ivančice,KSST Jihomoravský,RSST Brno - venkov,1696,1616,80
58,31266,Pinka Jan,1991,M,"Table Tennis Club Litoměřice, z.s.",KSST Ústecký,RSST Litoměřice,2066,1987,79
58,37721,Šulc Jiří,1993,M,"Tělovýchovná jednota Union Plzeň, z.s.",KSST Plzeňský,RSST Plzeň - město,1987,1908,79
60,39501,Černý Jiří,1990,M,TJ BLATNÁ z.s.,KSST Jihočeský,RSST Strakonice,1795,1717,78
60,40553,Vítovec Martin,1997,M,"SK Kotlářka, z.s.",Pražský SST,Pražský SST,1877,1799,78
62,31560,Knybel Kamil,1990,M,"KST NOVÝ JIČÍN, z.s.",Moravskoslezský SST,RSST Nový Jičín,1989,1912,77
62,49424,Lapka Miroslav,1998,M,"Table Tennis Club Bělá pod Bezdězem, z.s.",Středočeský SST,RSST Mladá Boleslav,1688,1611,77
64,4965,Harabaszová Lenka,1985,Z,SKST Hodonín z.s.,KSST Jihomoravský,RSST Hodonín,2031,1955,76
64,45305,Salomon Daniel,1996,M,"Sportovní klub stolního tenisu Liberec, z.s.",KSST Liberecký,RSST Liberec,1698,1622,76
64,14456,Sedlář Jakub,1984,M,Table Tennis Club Koral Tišnov z.s.,KSST Jihomoravský,RSST Brno - venkov,1756,1680,76
64,49124,Černý Zdeněk,1981,M,Tělocvičná jednota Sokol Petrovice I.,Pražský SST,Pražský SST,1742,1666,76
68,10479,Studecký Ivan,1955,M,TTC koberce Brázda Vrchlabí,KSST Kralovéhradecký,RSST Trutnov,1717,1642,75
68,52087,Fischer Karel,1997,M,"TTC Moravská Slavia Brno, z.s.",KSST Jihomoravský,RSST Brno - město,1842,1767,75
68,14472,Antoš Jiří,1977,M,Table Tennis Club Koral Tišnov z.s.,KSST Jihomoravský,RSST Brno - venkov,1802,1727,75
68,47414,Bíla Jindřich,1980,M,"MK Řeznovice, oddíl stolního tenisu Sportovního  klubu Řeznovice, z.s.",KSST Jihomoravský,RSST Brno - venkov,1721,1646,75
72,5972,Hrabec Michal,1979,M,"TTC FRÝDLANT, z.s.",Moravskoslezský SST,OSST Frýdek-Místek,1815,1741,74
72,34519,Bíza Martin,1992,M,"TTC Moravská Slavia Brno, z.s.",KSST Jihomoravský,RSST Brno - město,1851,1777,74
72,30905,Malý Petr,1989,M,"Tělovýchovná jednota Union Plzeň, z.s.",KSST Plzeňský,RSST Plzeň - město,1973,1899,74
72,45525,Doležal Ondřej,1997,M,Katolický dům Dačice z.s.,KSST Jihočeský,RSST Jindřichův Hradec,1676,1602,74
72,4593,Frýb Tomáš,1973,M,"Sportovní klub Slatina, z.s.",KSST Jihomoravský,RSST Brno - město,1725,1651,74
77,36921,Smejkal Tomáš,1992,M,"Sportovní klub stolního tenisu Liberec, z.s.",KSST Liberecký,RSST Liberec,1859,1786,73
77,43609,Kratochvíl Michal,1995,M,Sportovní klub stolního tenisu Havířov z.s.,Moravskoslezský SST,RSST Karviná,1952,1879,73
79,60404,Kézr Aleš,1974,M,Klub stolního tenisu Bohnice z.s.,Pražský SST,Pražský SST,1906,1834,72
79,27658,Fišar Martin,1978,M,"TJ Jiskra Humpolec, z.s.",KSST Vysočina,RSST Pelhřimov,1747,1675,72
79,14991,Čihák Milan,1964,M,TJ Sokol Kostelec nad Černými lesy,Středočeský SST,RSST Kolín,1682,1610,72
79,13752,Brom Vladan,1964,M,"Sportovní klub Jihlava, z.s.",KSST Vysočina,RSST Jihlava,1822,1750,72
79,43809,Kaplan Vojtěch,1996,M,Table Tennis Club Ústí nad Orlicí z. s.,KSST Pardubický,RSST Ústí nad Orlicí,1770,1698,72
79,6708,Svoboda Lukáš I.,1981,M,"KST Blansko, z.s.",KSST Jihomoravský,RSST Blansko,1982,1910,72
79,32695,Kopecký Tadeáš,1991,M,TJ Sokol PP Hradec Králové 2,KSST Kralovéhradecký,RSST Hradec Králové,1689,1617,72
86,45044,Fabini Jan,1998,M,"Sportovní klub stolního tenisu Liberec, z.s.",KSST Liberecký,RSST Liberec,1728,1657,71
86,46972,Liška Libor,1995,M,"KST Zlín, z.s.",KSST Zlínský,OSST Zlín,2017,1946,71
88,19888,Bezdíček Martin,1977,M,KST SK US Steinerová Choceň,KSST Pardubický,RSST Ústí nad Orlicí,1882,1812,70
88,37930,Ornst Jan,1966,M,"TJ Jiskra Nový Bydžov, z.s.",KSST Kralovéhradecký,RSST Jičín,1721,1651,70
88,52847,Rajnoch Tomáš,1995,M,"KST NOVÝ JIČÍN, z.s.",Moravskoslezský SST,RSST Nový Jičín,1676,1606,70
88,4606,Heuman Ivan,1980,M,"SK Slavia Orlová , z.s.",Moravskoslezský SST,RSST Karviná,1855,1785,70
88,50889,Merta Jakub,1989,M,KST SK US Steinerová Choceň,KSST Pardubický,RSST Ústí nad Orlicí,1985,1915,70
88,28895,Širuček Pavel,1992,M,STEN marketing s.r.o.,Pražský SST,Pražský SST,2445,2375,70
88,21664,Šumpík Viktor,1984,M,"DTJ Hradec Králové, z.s.",KSST Kralovéhradecký,RSST Hradec Králové,1834,1764,70
95,46971,Lapčík Ondřej,1999,M,"KST Zlín, z.s.",KSST Zlínský,OSST Zlín,1834,1765,69
95,34681,Švec Radek,1986,M,Tělocvičná jednota Sokol Michle,Pražský SST,Pražský SST,1715,1646,69
95,27651,Borůvka Lukáš,1985,M,"Sportovní klub stolního tenisu Liberec, z.s.",KSST Liberecký,RSST Liberec,2028,1959,69
95,13563,Pikula Radek,1980,M,Orel jednota Silůvky,KSST Jihomoravský,RSST Brno - venkov,1702,1633,69
95,11465,Horák Aleš,1985,M,"MK Řeznovice, oddíl stolního tenisu Sportovního  klubu Řeznovice, z.s.",KSST Jihomoravský,RSST Brno - venkov,1700,1631,69
100,40668,Svoboda Aleš,1996,M,TJ Sokol Moravské Budějovice,KSST Vysočina,RSST Třebíč,1760,1692,68
100,14126,Kavala Filip,1979,M,Tělocvičná jednota Sokol Klimkovice,Moravskoslezský SST,MěSST Ostrava,1753,1685,68
100,40318,Mikeska Jakub,1991,M,"TTC Ostrava-Poruba, z.s.",Moravskoslezský SST,MěSST Ostrava,1844,1776,68
100,16798,Hanák Jiří,1968,M,"Tělovýchovná jednota Sokol Lanžhot, z.s.",KSST Jihomoravský,RSST Břeclav,1691,1623,68
100,18869,Novotný Petr,1985,M,Tělocvičná jednota Sokol Michle,Pražský SST,Pražský SST,1835,1767,68
100,10494,Jirouch Tomáš,1973,M,Tělocvičná jednota Sokol Hořovice,Středočeský SST,RSST Beroun,1690,1622,68
106,56453,Vaculík Petr,1979,M,"TTC ELIZZA PRAHA, z.s.",Pražský SST,Pražský SST,2037,1970,67
106,47505,Schwarz Ota,1995,M,Asociace sportovních klubů Tatra Kopřivnice,Moravskoslezský SST,RSST Nový Jičín,1768,1701,67
106,716,Poloch Roman,1977,M,"Oddíl stolního tenisu TTC MG ODRA GAS Vratimov,z.s.",Moravskoslezský SST,MěSST Ostrava,1737,1670,67
109,8266,Šimeček Luboš,1963,M,TJ Sokol Moravské Budějovice,KSST Vysočina,RSST Třebíč,1713,1647,66
109,3377,Jančík Jiří,1973,M,"TJ Sokol Čechovice, z.s.",KSST Olomoucký,RSST Prostějov,1728,1662,66
109,36811,Kliment Miroslav,1985,M,"TJ Třineckých železáren, spolek",Moravskoslezský SST,OSST Frýdek-Místek,1683,1617,66
112,18075,Kantorek Jiří,1969,M,Table Tennis Club Ústí nad Orlicí z. s.,KSST Pardubický,RSST Ústí nad Orlicí,1750,1685,65
112,10437,Drechsler Dušan,1973,M,"TJ TATRAN SEDLČANY, z.s.",Středočeský SST,RSST Příbram,1830,1765,65
112,29603,Uksa Tomáš,1971,M,"TJ Tourist, z.s. - TTC Říčany",Středočeský SST,RSST Praha - východ,1690,1625,65
112,50826,Krejcar Vilém,1998,M,TJ Jiskra Havlíčkův Brod z.s.,KSST Vysočina,RSST Havlíčkův Brod,1679,1614,65
116,50617,Šantavý Jan,1980,M,"TJ Tourist, z.s. - TTC Říčany",Středočeský SST,RSST Praha - východ,1679,1615,64
116,25153,Hudeczek Roman,1977,M,"TJ Slovan Karviná-Lázně Darkov, z.s.",Moravskoslezský SST,RSST Karviná,1705,1641,64
116,3905,Tivodar Michal,1964,M,Tělocvičná jednota Sokol Kutná Hora,Středočeský SST,RSST Kutná Hora,1698,1634,64
116,41578,Rozínek Vojtěch,1998,M,Sportovní klub stolního tenisu Havířov z.s.,Moravskoslezský SST,RSST Karviná,1817,1753,64
116,49324,Cafourek Jan,1988,M,"TJ Šanov, z.s.",Středočeský SST,RSST Rakovník,1922,1858,64
121,41364,Hrabica Marián,1995,M,SK Přerov,KSST Olomoucký,RSST Přerov,1739,1676,63
121,13240,Maděra Jaroslav,1960,M,"TJ Slovan Moravská Třebová,z.s.",KSST Pardubický,RSST Svitavy,1679,1616,63
121,37391,Málek Daniel,1996,M,TJ Sokol PP Hradec Králové 2,KSST Kralovéhradecký,RSST Hradec Králové,1767,1704,63
121,52567,Holiš Roman,1972,M,T.J. Sokol Nový Svět,KSST Olomoucký,RSST Olomouc,1702,1639,63
121,48371,Vybíral Marek,1997,M,KST Sokol Znojmo-Orel Únanov,KSST Jihomoravský,RSST Znojmo,1856,1793,63
121,29359,Ulbrich Ondřej,1990,M,"TJ Sokol Lhůta, z. s.",KSST Plzeňský,RSST Plzeň - město,1674,1611,63
127,8545,Hudek Tomáš,1968,M,z.s.TTC Klánovice - stolní tenis,Pražský SST,Pražský SST,1685,1623,62
127,45801,Dušek Jan,1976,M,"TTC ELIZZA PRAHA, z.s.",Pražský SST,Pražský SST,1724,1662,62
127,46397,Krýza Luděk,1962,M,"Tělovýchovná jednota Dvůr Králové n.L.,z.s.",KSST Kralovéhradecký,RSST Trutnov,1697,1635,62
127,13818,Krček Kamil,1966,M,Tělocvičná jednota Sokol Příbor,Moravskoslezský SST,RSST Nový Jičín,1665,1603,62
127,19899,Juklík Tomáš,1973,M,TJ Kyje,Pražský SST,Pražský SST,1801,1739,62
127,17283,Holman Libor,1970,M,Sokol Cehnice z.s.,KSST Jihočeský,RSST Strakonice,1709,1647,62
127,10033,Hýbl Tomáš,1967,M,Tělocvičná jednota Sokol Česká Třebová,KSST Pardubický,RSST Ústí nad Orlicí,1669,1607,62
134,2165,Pisár Petr,1976,M,"Klub stolního tenisu Rakovník, z.s.",Středočeský SST,RSST Rakovník,1855,1794,61
135,28137,Bukovský Radek,1977,M,Tělocvičná jednota Sokol Mnichovo Hradiště,Středočeský SST,RSST Mladá Boleslav,1913,1853,60
135,16941,Pavel Jan,1985,M,Tělocvičná jednota Sokol Česká Třebová,KSST Pardubický,RSST Ústí nad Orlicí,1680,1620,60
135,11685,Mrázek Jiří,1985,M,TJ Sokol Chlumec nad Cidlinou,KSST Kralovéhradecký,RSST Jičín,1740,1680,60
135,2127,Přibík Jan,1974,M,"Klub stolního tenisu Rakovník, z.s.",Středočeský SST,RSST Rakovník,1699,1639,60
135,5939,Vícha Radomír,1980,M,KST Slezan Opava z.s.,Moravskoslezský SST,RSST Opava,1818,1758,60
135,1251,Čonka Martin,1977,M,"Tělovýchovná jednota Ostrov, z.s.",KSST Karlovarský,RSST Karlovy Vary,1671,1611,60
135,57036,Cholínský Jan,1965,M,TJ Sokol Borová,KSST Pardubický,RSST Svitavy,1931,1871,60
142,17182,Šubrt Jaroslav,1976,M,"TTC Brandýs n.L, spolek",Středočeský SST,RSST Praha - východ,1755,1696,59
142,10395,Kocmánek Tomáš,1980,M,"Sportovní klub Jihlava, z.s.",KSST Vysočina,RSST Jihlava,1677,1618,59
142,29462,Hodas David,1990,M,Table Tennis Club Ústí nad Orlicí z. s.,KSST Pardubický,RSST Ústí nad Orlicí,1731,1672,59
142,45907,Pražák Arnošt,1946,M,SK Domeček Soběslav z.s.,KSST Jihočeský,RSST Tábor,1708,1649,59
142,45832,Bútora Michal,1997,M,"SK Kotlářka, z.s.",Pražský SST,Pražský SST,1756,1697,59
147,36944,Záškodný Marek,1990,M,SK - SVINOV z.s.,Moravskoslezský SST,MěSST Ostrava,1731,1673,58
147,15203,Bezdíček Lukáš,1980,M,TTC Skuteč,KSST Pardubický,RSST Chrudim,1667,1609,58
147,46234,Šmidrkal Jan,1993,M,"TJ Nová Paka, z.s.",KSST Kralovéhradecký,RSST Jičín,1660,1602,58
147,25011,Král Michal,1985,M,"TJ ODRY, z.s.",Moravskoslezský SST,RSST Nový Jičín,1707,1649,58
147,49201,Kortus Pavel ml.,1995,M,SK Pedagog ČB,KSST Jihočeský,RSST České Budějovice,1880,1822,58
152,36795,Trojan Luděk,1966,M,"DTJ Hradec Králové, z.s.",KSST Kralovéhradecký,RSST Hradec Králové,1678,1621,57
152,29774,Soused Zbyněk,1974,M,SK Březnice,Středočeský SST,RSST Příbram,1675,1618,57
152,18193,Kubala Petr,1979,M,SK - SVINOV z.s.,Moravskoslezský SST,MěSST Ostrava,1777,1720,57
152,44728,Karabec Ivan,1980,M,Sportovní klub stolního tenisu Havířov z.s.,Moravskoslezský SST,RSST Karviná,2139,2082,57
156,6230,Juchelka Miroslav,1954,M,Tělocvičná jednota Sokol Klimkovice,Moravskoslezský SST,MěSST Ostrava,1678,1622,56
156,42038,Javůrek Petr,1968,M,Klub stolního tenisu KT Praha,Pražský SST,Pražský SST,2046,1990,56
156,36380,Duchaň Stanislav,1986,M,"TableTenis Club Mohelnice, z.s.",KSST Olomoucký,RSST Šumperk,1687,1631,56
159,19944,Dvořák Zdeněk,1967,M,Tělovýchovná jednota Neratovice z.s.,Středočeský SST,RSST Mělník,1685,1630,55
159,12165,Kohout Pavel,1982,M,TJ Jičín z.s.,KSST Kralovéhradecký,RSST Jičín,1793,1738,55
159,29037,Provazník Jakub,1990,M,"Tělovýchovná jednota Ostrov, z.s.",KSST Karlovarský,RSST Karlovy Vary,1725,1670,55
159,37243,Valošek Jan,1993,M,"KST NOVÝ JIČÍN, z.s.",Moravskoslezský SST,RSST Nový Jičín,1916,1861,55
163,32889,Berka Lukáš,1989,M,Tělocvičná jednota Sokol Železný Brod,KSST Liberecký,RSST Jablonec nad Nisou,1669,1615,54
163,3614,Brož Pavel,1977,M,Klub stolního tenisu Bohnice z.s.,Pražský SST,Pražský SST,1725,1671,54
163,2041,Jareš Oldřich,1961,M,"TJ Jiskra Třeboň, z.s.",KSST Jihočeský,RSST Jindřichův Hradec,1738,1684,54
163,26827,Masařík Lukáš,1988,M,TTC Komořany,KSST Jihomoravský,RSST Vyškov,1702,1648,54
163,60040,Adam Lukáš,1985,M,"AC Sparta Praha - stolní tenis, z.s.",Pražský SST,Pražský SST,1766,1712,54
168,29193,Mazura Pavel,1971,M,Tělocvičná jednota Sokol Horažďovice,KSST Plzeňský,RSST Klatovy,1678,1625,53
168,35398,Babinec Zdeněk,1990,M,SK Slavoj Pstruží,Moravskoslezský SST,OSST Frýdek-Místek,1756,1703,53
168,3542,Navrátil Tomáš,1973,M,"TTC Kladno, z.s.",Středočeský SST,RSST Kladno,1664,1611,53
168,45269,Perný Michal,1976,M,"Sportovní klub stolního tenisu Liberec, z.s.",KSST Liberecký,RSST Liberec,1723,1670,53
168,52699,Kolbert David,1986,M,Orel jednota Silůvky,KSST Jihomoravský,RSST Brno - venkov,1764,1711,53
168,33394,Volný Karel,1990,M,Sportovní klub stolního tenisu Havířov z.s.,Moravskoslezský SST,RSST Karviná,1967,1914,53
174,41764,Sikora Filip,1997,M,Tělovýchovná jednota Ostrava,Moravskoslezský SST,MěSST Ostrava,1925,1873,52
174,6090,Peška Ladislav,1971,M,Orel jednota Ivančice,KSST Jihomoravský,RSST Brno - venkov,1670,1618,52
174,16391,Šourek Pavel,1969,M,Tělocvičná jednota Sokol Bratříkov,KSST Liberecký,RSST Jablonec nad Nisou,1654,1602,52
174,32642,Karatidis Petros,1955,M,KST Jeseník,KSST Olomoucký,RSST Jeseník,1821,1769,52
174,14728,Ellner Martin,1982,M,"TableTenis Club Mohelnice, z.s.",KSST Olomoucký,RSST Šumperk,1681,1629,52
174,44569,Roleder Ondřej,1988,M,"Tělovýchovná jednota Sokol Opava- Kateřinky,z.s",Moravskoslezský SST,RSST Opava,1658,1606,52
174,30134,Kazda Vojtěch,1984,M,"TJ Nová Paka, z.s.",KSST Kralovéhradecký,RSST Jičín,1672,1620,52
181,3914,Hrstka Pavel,1962,M,"TJ Sokol Hrabůvka, z.s",Moravskoslezský SST,MěSST Ostrava,1651,1600,51
181,43783,Bělohlávek Dominik,1998,M,KST SK US Steinerová Choceň,KSST Pardubický,RSST Ústí nad Orlicí,1829,1778,51
181,25981,Randák Adam,1975,M,Tělocvičná jednota Sokol Velké Popovice,Středočeský SST,RSST Praha - východ,1750,1699,51
181,45849,Šindelář Daniel,1993,M,Stavební fakulta SK Kotlářka El Niňo Praha,Pražský SST,Pražský SST,1794,1743,51
181,33869,Štofka Filip,1991,M,"Tělovýchovná jednota Sokol Lanžhot, z.s.",KSST Jihomoravský,RSST Břeclav,1847,1796,51
181,4431,Šoc Milan,1980,M,SK Přerov,KSST Olomoucký,RSST Přerov,1665,1614,51
181,45932,Korbel Alen,1972,M,Tělocvičná jednota Sokol Černovice,KSST Vysočina,RSST Pelhřimov,1740,1689,51
188,46956,Glac Michal,1995,M,"Tělovýchovná jednota Vidče, z.s.",KSST Zlínský,RSST Vsetín,1682,1632,50
188,27912,Kettner Martin,1987,M,"Klub stolního tenisu Rakovník, z.s.",Středočeský SST,RSST Rakovník,1739,1689,50
188,31260,Smýkal Tomáš,1993,M,"KST Zlín, z.s.",KSST Zlínský,OSST Zlín,2031,1981,50
188,44388,Štieber Břetislav,1976,M,"TJ Jiskra Litomyšl,z.s.",KSST Pardubický,RSST Svitavy,1717,1667,50
188,13281,Kolovratník Martin,1973,M,Tělocvičná jednota Sokol Lenešice,KSST Ústecký,RSST Louny,1797,1747,50
188,2159,Volák Martin,1975,M,"TJ Šanov, z.s.",Středočeský SST,RSST Rakovník,1785,1735,50
188,5745,Novotný Petr,1976,M,Klub stolního tenisu Bohnice z.s.,Pražský SST,Pražský SST,1786,1736,50
188,10918,Kalenský Jaroslav,1976,M,"TJ Tatran Hostinné, spolek",KSST Kralovéhradecký,RSST Trutnov,1980,1930,50
188,17718,Táborský Jiří ml.,1976,M,"KST Holice, z.s.",KSST Pardubický,RSST Pardubice,1879,1829,50
188,44735,Mikolášík Michal,1999,M,Sportovní klub stolního tenisu Havířov z.s.,Moravskoslezský SST,RSST Karviná,1736,1686,50
188,2248,Budjač Libor,1964,M,SKC Zruč nad Sázavou z.s.,Středočeský SST,RSST Kutná Hora,1682,1632,50
199,36700,Bittner Miloslav,1977,M,TJ Sokol Krchleby,Středočeský SST,RSST Nymburk,1672,1623,49
199,4510,Kortus Petr,1967,M,TJ SOKOL Stará Paka z.s.,KSST Kralovéhradecký,RSST Jičín,1772,1723,49
199,24610,Dražinovský Tomáš,1983,M,"TJ Slovan Broumov, z.s.",KSST Kralovéhradecký,RSST Náchod,1690,1641,49
199,31016,Šigut Tomáš,1977,M,TJ Sokol  Metylovice,Moravskoslezský SST,OSST Frýdek-Místek,1665,1616,49
199,4685,Slavík Miroslav,1971,M,KST SK US Steinerová Choceň,KSST Pardubický,RSST Ústí nad Orlicí,1666,1617,49
199,48497,Jungvirt Josef,1976,M,"TJ ČZ Strakonice , spolek",KSST Jihočeský,RSST Strakonice,1837,1788,49
205,3565,Pilner Jaroslav,1971,M,ST EUROMASTER Kolín,Středočeský SST,RSST Kolín,1848,1800,48
205,31970,Nováček Petr,1984,M,"TJ Auto Škoda Mladá Boleslav, z.s.",Středočeský SST,RSST Mladá Boleslav,1684,1636,48
205,47203,Kovářík Matěj,1989,M,Klub stolního tenisu Klatovy z.s.,KSST Plzeňský,RSST Klatovy,1743,1695,48
205,15109,Cudlín Michael,1975,M,TJ Sokol Chlumec nad Cidlinou,KSST Kralovéhradecký,RSST Jičín,1719,1671,48
205,7675,Brůna Petr,1962,M,"TTC Kostelec nad Orlicí, z.s.",KSST Kralovéhradecký,RSST Rychnov nad Kněžnou,1805,1757,48
205,43804,Hájek Ladislav,1965,M,Table Tennis Club Ústí nad Orlicí z. s.,KSST Pardubický,RSST Ústí nad Orlicí,1657,1609,48
205,30282,Buriánek Patrik,1993,M,SKST Hodonín z.s.,KSST Jihomoravský,RSST Hodonín,1737,1689,48
212,43613,Madusiok Marek,1995,M,"Oddíl stolního tenisu TTC MG ODRA GAS Vratimov,z.s.",Moravskoslezský SST,MěSST Ostrava,1647,1600,47
212,35775,Koblížek Martin,1996,M,TJ Sokol PP Hradec Králové 2,KSST Kralovéhradecký,RSST Hradec Králové,2069,2022,47
212,11099,Janíček Petr,1962,M,"TTC ELIZZA PRAHA, z.s.",Pražský SST,Pražský SST,1676,1629,47
212,28221,Jančář Luděk,1988,M,"Klub stolního tenisu Dolní Němčí, z.s.",KSST Zlínský,Stolní tenis Uherské Hradiště,1669,1622,47
212,56833,Lískovec Jindřich,1987,M,"TJ TATRAN SEDLČANY, z.s.",Středočeský SST,RSST Příbram,1712,1665,47
212,15117,Řezníček Tomáš,1967,M,KST Linea Chrudim,KSST Pardubický,RSST Chrudim,1782,1735,47
218,2425,Müller Jiří,1958,M,"Table Tennis Club Šumperk, z.s.",KSST Olomoucký,RSST Šumperk,1731,1685,46
218,39807,Holaň Pavel,1978,M,Tělovýchovná jednota Ostrava,Moravskoslezský SST,MěSST Ostrava,2044,1998,46
218,7778,Rujder David,1971,M,Tělocvičná jednota Sokol Králův Dvůr,Středočeský SST,RSST Beroun,1672,1626,46
218,15800,Čeřovský Petr,1966,M,"TJ Auto Škoda Mladá Boleslav, z.s.",Středočeský SST,RSST Mladá Boleslav,1834,1788,46
218,14615,Stupavský Milan,1966,M,Tělocvičná jednota Sokol Velké Popovice,Středočeský SST,RSST Praha - východ,1682,1636,46
223,32256,Tupec Pavel,1978,M,"Sportovní klub Slatina, z.s.",KSST Jihomoravský,RSST Brno - město,1675,1630,45
223,45540,Hüttl Michal,1989,M,"TJ AVIA Čakovice, z.s.",Pražský SST,Pražský SST,1823,1778,45
223,49254,Hrubý Vlastimil,1967,M,"TTC Kladno, z.s.",Středočeský SST,RSST Kladno,1745,1700,45
223,3554,Bajer Jiří,1976,M,"TTC Kladno, z.s.",Středočeský SST,RSST Kladno,1876,1831,45
223,2375,Dřevěný Petr,1981,M,Tělocvičná jednota Sokol Hudlice,Středočeský SST,RSST Beroun,1809,1764,45
223,40252,Karásek Vít,1994,M,TJ Slavoj Severotuk Ústí n.L.,KSST Ústecký,RSST Ústí nad Labem,1849,1804,45
223,21556,Dunovský Libor,1978,M,TJ Slavoj Protivín,KSST Jihočeský,RSST Písek,1771,1726,45
223,43369,Lapisz Břetislav,1965,M,Tělovýchovná jednota Ostrava,Moravskoslezský SST,MěSST Ostrava,1864,1819,45
223,37605,Kmoníček Pavel,1977,M,TJ Sokol Moravské Prusy,KSST Jihomoravský,RSST Vyškov,1650,1605,45
223,7576,Vajbar Michal,1982,M,"AC Sparta Praha - stolní tenis, z.s.",Pražský SST,Pražský SST,1759,1714,45
233,12946,Záděra František,1953,M,Orel jednota Silůvky,KSST Jihomoravský,RSST Brno - venkov,1655,1611,44
233,49790,Novák Petr,1970,M,"TTC Kladno, z.s.",Středočeský SST,RSST Kladno,1759,1715,44
233,35175,Mencl Jiří,1990,M,"TTC Kladno, z.s.",Středočeský SST,RSST Kladno,1696,1652,44
233,38389,Stehlík Oldřich,1992,M,TJ Jiskra Havlíčkův Brod z.s.,KSST Vysočina,RSST Havlíčkův Brod,1699,1655,44
233,30909,Javůrek Martin,1986,M,TJ Holásky,KSST Jihomoravský,RSST Brno - město,1654,1610,44
233,17443,Linhart František ml.,1977,M,"TJ TATRAN SEDLČANY, z.s.",Středočeský SST,RSST Příbram,1652,1608,44
233,12658,Bajger Jiří,1972,M,Tělovýchovná jednota Ostrava,Moravskoslezský SST,MěSST Ostrava,1762,1718,44
233,49413,Brožík Karel,1978,M,"Table Tennis Club Bělá pod Bezdězem, z.s.",Středočeský SST,RSST Mladá Boleslav,1702,1658,44
233,51137,Svoboda Jaromír,1979,M,KST Oltec Brno,KSST Jihomoravský,RSST Brno - město,1787,1743,44
233,20167,Janda Jiří,1959,M,"Tělovýchovná jednota Calofrig BOROVANY, spolek",KSST Jihočeský,RSST České Budějovice,1675,1631,44
243,24706,Schopf Karel,1965,M,KST Jeseník,KSST Olomoucký,RSST Jeseník,1731,1688,43
243,41041,Hruška Václav ml.,1994,M,"Tělovýchovná jednota Jiskra Nový Bor, z.s.",KSST Liberecký,RSST Česká Lípa,1861,1818,43
243,8298,Bugoš Rostislav,1978,M,TJ Sokol Ropice,Moravskoslezský SST,OSST Frýdek-Místek,1677,1634,43
243,39045,Reitšpies David,1996,M,"SK Kotlářka, z.s.",Pražský SST,Pražský SST,2292,2249,43
243,1979,Morávek Zdeněk,1973,M,TJ Jiskra Strážnice z.s.,KSST Jihomoravský,RSST Hodonín,1829,1786,43
243,17187,Alinče Petr,1960,M,TTC koberce Brázda Vrchlabí,KSST Kralovéhradecký,RSST Trutnov,1748,1705,43
243,48617,Masnica Michal,1995,M,Asociace sportovních klubů Tatra Kopřivnice,Moravskoslezský SST,RSST Nový Jičín,1827,1784,43
243,17122,Burdík Vítězslav,1985,M,"TTC Bolatice, z.s.",Moravskoslezský SST,RSST Opava,1802,1759,43
251,26580,Ovčačík Tomáš,1987,M,TJ CHS Chotěboř,KSST Vysočina,RSST Havlíčkův Brod,1654,1612,42
251,1826,Pěnkava Pavel,1974,M,"PM Ostrava, z. s.",Moravskoslezský SST,MěSST Ostrava,1820,1778,42
251,1798,Dostál Jiří,1972,M,"TJ Jiskra Litomyšl,z.s.",KSST Pardubický,RSST Svitavy,1762,1720,42
251,45685,Novotný Petr,1977,M,"TJ Tatran Hostinné, spolek",KSST Kralovéhradecký,RSST Trutnov,2017,1975,42
251,48205,Charous Jan,1992,M,Tělovýchovná jednota Sokol Rovečné z.s.,KSST Vysočina,RSST Žďár nad Sázavou,1739,1697,42
251,14853,Procházka Jiří,1968,M,Table Tennis Club Ústí nad Orlicí z. s.,KSST Pardubický,RSST Ústí nad Orlicí,1746,1704,42
251,13102,Lučan Martin,1966,M,"DTJ Hradec Králové, z.s.",KSST Kralovéhradecký,RSST Hradec Králové,1886,1844,42
251,57763,Smola Igor,1962,M,Tělocvičná jednota Sokol Studená I.,KSST Jihočeský,RSST Jindřichův Hradec,1887,1845,42
251,13050,Klimeš René,1966,M,TJ Holásky,KSST Jihomoravský,RSST Brno - město,1659,1617,42
251,47835,Kazdera Pavel,1955,M,KST Sokol Znojmo-Orel Únanov,KSST Jihomoravský,RSST Znojmo,1657,1615,42
251,50081,Matějíček Marián,1962,M,Tělocvičná jednota Sokol Roztoky u Prahy,Středočeský SST,RSST Praha - západ,1644,1602,42
262,19633,Bittner Martin,1967,M,"Tělovýchovná jednota Bižuterie, z.s.",KSST Liberecký,RSST Jablonec nad Nisou,1699,1658,41
262,14246,Kmoch Zdeněk,1960,M,TJ Spartak Kaplice,KSST Jihočeský,RSST Český Krumlov,1703,1662,41
262,31356,Tregler Tomáš,1990,M,Stavební fakulta SK Kotlářka El Niňo Praha,Pražský SST,Pražský SST,2357,2316,41
262,48128,Abdullin Denis,1989,M,"AC Sparta Praha - stolní tenis, z.s.",Pražský SST,Pražský SST,1717,1676,41
262,40028,Fabíni Marek,1995,M,"Sportovní klub stolního tenisu Liberec, z.s.",KSST Liberecký,RSST Liberec,1855,1814,41
262,48831,David Jakub,1991,M,"TJ ČZ Strakonice , spolek",KSST Jihočeský,RSST Strakonice,1783,1742,41
262,31955,Láriš Petr,1987,M,Klub stolního tenisu Klatovy z.s.,KSST Plzeňský,RSST Klatovy,1801,1760,41
269,4981,Horák Leoš,1967,M,Jiskra Raspenava z.s.,KSST Liberecký,RSST Liberec,1679,1639,40
269,14544,Řípa Vladimír,1959,M,"Table Tennis Club Bělá pod Bezdězem, z.s.",Středočeský SST,RSST Mladá Boleslav,1739,1699,40
269,1973,Marek Jan st.,1973,M,TJ Jiskra Strážnice z.s.,KSST Jihomoravský,RSST Hodonín,1801,1761,40
269,19984,Polášek Radovan,1974,M,Asociace sportovních klubů Tatra Kopřivnice,Moravskoslezský SST,RSST Nový Jičín,1875,1835,40
269,1240,Hrnčiřík Karel,1946,M,TJ Sokol Velká Hleďsebe,KSST Karlovarský,RSST Cheb,1685,1645,40
269,31322,Zajíček Michal,1987,M,"TJ Auto Škoda Mladá Boleslav, z.s.",Středočeský SST,RSST Mladá Boleslav,1725,1685,40
269,1805,Mikulecký Jan,1968,M,KST SK US Steinerová Choceň,KSST Pardubický,RSST Ústí nad Orlicí,1814,1774,40
269,21845,Janko Lukáš,1971,M,TJ Sokol Libchyně,KSST Kralovéhradecký,RSST Náchod,1689,1649,40
269,48913,Pavlík Michal,1974,M,"Tělovýchovná jednota Spartak Pelhřimov, z.s.",KSST Vysočina,RSST Pelhřimov,1880,1840,40
269,16040,Netolický Tomáš,1984,M,KST Linea Chrudim,KSST Pardubický,RSST Chrudim,1712,1672,40
279,16263,Matějíček Miloš,1975,M,KST Jeseník,KSST Olomoucký,RSST Jeseník,1908,1869,39
279,8603,Prokeš Zdeněk,1980,M,"TJ SPORT Němčičky, z.s.",KSST Jihomoravský,RSST Břeclav,1640,1601,39
279,16791,Malý Jan,1971,M,"Table Tennis Club Šumperk, z.s.",KSST Olomoucký,RSST Šumperk,1643,1604,39
279,17964,Špaček Michal,1983,M,Tělocvičná jednota Sokol Roztoky u Prahy,Středočeský SST,RSST Praha - západ,1830,1791,39
283,45143,Šilhán Josef,1975,M,"Tělovýchovná jednota Bižuterie, z.s.",KSST Liberecký,RSST Jablonec nad Nisou,1704,1666,38
283,46047,Obrdlík Štěpán,1983,M,"DTJ Hradec Králové, z.s.",KSST Kralovéhradecký,RSST Hradec Králové,1707,1669,38
283,29031,Koutník Josef,1951,M,TJ Jiskra Havlíčkův Brod z.s.,KSST Vysočina,RSST Havlíčkův Brod,1716,1678,38
283,49709,Škopek Pavel,1997,M,SKST Vlašim,Středočeský SST,RSST Benešov,1778,1740,38
283,6249,Melichar Jiří,1979,M,"TJ AVIA Čakovice, z.s.",Pražský SST,Pražský SST,1783,1745,38
283,33065,Polák Roman,1972,M,"TJ Jiskra Hořice, z.s.",KSST Kralovéhradecký,RSST Jičín,1643,1605,38
283,48070,Merta Matouš,1989,M,TJ Tesla Pardubice,KSST Pardubický,RSST Pardubice,1671,1633,38
283,765,Veselá Jaroslava,1981,Z,Klub stolního tenisu Bohnice z.s.,Pražský SST,Pražský SST,1803,1765,38
283,45957,Jindra Miroslav,1962,M,"SK ZD Pojbuky, z.s.",KSST Jihočeský,RSST Tábor,1667,1629,38
283,26289,Bartošek Vít,1986,M,"AC Sparta Praha - stolní tenis, z.s.",Pražský SST,Pražský SST,1900,1862,38
283,3222,Hájko Marian,1964,M,TJ Slovan Ostrava,Moravskoslezský SST,MěSST Ostrava,1733,1695,38
283,17681,Martin Petr,1982,M,TJ Baník Rtyně v Podkrkonoší z.s.,KSST Kralovéhradecký,RSST Trutnov,1748,1710,38
283,26585,Martiška Jan,1986,M,"AC Sparta Praha - stolní tenis, z.s.",Pražský SST,Pražský SST,1682,1644,38
283,38168,Macela Petr,1981,M,"TJ Auto Škoda Mladá Boleslav, z.s.",Středočeský SST,RSST Mladá Boleslav,1975,1937,38
297,44249,Volek Pavel ml.,1980,M,Tělovýchovná jednota SOKOL KOBYLÍ z.s.,KSST Jihomoravský,RSST Břeclav,1664,1627,37
297,48172,Orlowski Milan,1952,M,Klub stolního tenisu KT Praha,Pražský SST,Pražský SST,2090,2053,37
297,45983,Soukup Miloš,1976,M,Tělocvičná jednota Sokol Horažďovice,KSST Plzeňský,RSST Klatovy,1709,1672,37
297,11167,Němeček Jiří,1963,M,"Policejní sportovní klub OLYMP Praha, z.s.",Pražský SST,Pražský SST,1660,1623,37
297,47539,Vybíralová Monika,1986,Z,TJ Spartak Hluk,KSST Zlínský,Stolní tenis Uherské Hradiště,1789,1752,37
297,12011,Karlík Zdeněk,1959,M,Tělocvičná jednota Sokol Česká Skalice,KSST Kralovéhradecký,RSST Náchod,1689,1652,37
297,2166,Lédl Jiří,1963,M,"Klub stolního tenisu Rakovník, z.s.",Středočeský SST,RSST Rakovník,1798,1761,37
297,33426,Gřunděl Matěj,1989,M,"TTC FRÝDLANT, z.s.",Moravskoslezský SST,OSST Frýdek-Místek,1789,1752,37
305,29007,Hašlík Jakub,1996,M,SKST Hodonín z.s.,KSST Jihomoravský,RSST Hodonín,1706,1670,36
305,4496,Maděrka Svatopluk,1960,M,SK Přerov,KSST Olomoucký,RSST Přerov,1711,1675,36
305,12883,Peckert Daniel,1976,M,Sportovní klub U Řeky Plzeň,KSST Plzeňský,RSST Plzeň - město,1846,1810,36
305,14128,Petřík Aleš,1975,M,"TJ AVIA Čakovice, z.s.",Pražský SST,Pražský SST,1876,1840,36
305,12680,Inderský Martin,1979,M,"TJ MSV STUDÉNKA, z.s.",Moravskoslezský SST,RSST Nový Jičín,1916,1880,36
305,14480,Dospíšil Pavel,1969,M,Table Tennis Club Koral Tišnov z.s.,KSST Jihomoravský,RSST Brno - venkov,1763,1727,36
305,43346,Skulina David,1991,M,SK - SVINOV z.s.,Moravskoslezský SST,MěSST Ostrava,1735,1699,36
305,54347,Miarko Martin,1974,M,TJ Baník Líně,KSST Plzeňský,RSST Plzeň - sever,1653,1617,36
313,47834,Forman Libor,1981,M,KST Sokol Znojmo-Orel Únanov,KSST Jihomoravský,RSST Znojmo,1888,1853,35
313,31698,Kanclíř Přemysl,1983,M,Tělocvičná jednota Sokol Nová Bělá,Moravskoslezský SST,MěSST Ostrava,1655,1620,35
313,7396,Kříž Jaromír,1979,M,Tělocvičná jednota Sokol Jemnice,KSST Vysočina,RSST Třebíč,1721,1686,35
313,9451,Michalec Roman,1964,M,TJ Sokol Chrudim,KSST Pardubický,RSST Chrudim,1730,1695,35
313,260,Cupák Zdeněk,1982,M,Tělocvičná jednota Sokol Brno I,KSST Jihomoravský,RSST Brno - město,1854,1819,35
313,16783,Studýnka František,1960,M,TJ Agrotec Hustopeče z.s.,KSST Jihomoravský,RSST Břeclav,1715,1680,35
313,14342,Štěpánek Aleš,1981,M,"TJ Tourist, z.s. - TTC Říčany",Středočeský SST,RSST Praha - východ,1835,1800,35
313,14396,Sikora Ladislav,1962,M,TTC Siko Orlová z.s.,Moravskoslezský SST,RSST Karviná,1823,1788,35
313,46405,Šulc Petr,1964,M,"Tělovýchovná jednota Dvůr Králové n.L.,z.s.",KSST Kralovéhradecký,RSST Trutnov,1673,1638,35
313,10652,Rybenský Dušan,1974,M,TTC  Hlinsko,KSST Pardubický,RSST Chrudim,1769,1734,35
313,55643,Vojtěch Radek,1977,M,Tělocvičná jednota Sokol Petrovice I.,Pražský SST,Pražský SST,1665,1630,35
324,46395,Kléma Jan,1976,M,"Tělovýchovná jednota Dvůr Králové n.L.,z.s.",KSST Kralovéhradecký,RSST Trutnov,1689,1655,34
324,19422,Langer Aleš,1981,M,TJ BLATNÁ z.s.,KSST Jihočeský,RSST Strakonice,1708,1674,34
324,25646,Ehl Ladislav,1984,M,Tělovýchovná jednota Neratovice z.s.,Středočeský SST,RSST Mělník,1681,1647,34
324,41763,Sikorová Kamila,1997,Z,Sportovní klub stolního tenisu Havířov z.s.,Moravskoslezský SST,RSST Karviná,1634,1600,34
324,313,Bohunský Rostislav,1965,M,TJ Slovan Hodonín,KSST Jihomoravský,RSST Hodonín,1715,1681,34
324,6086,Feith Marek,1968,M,Orel jednota Ivančice,KSST Jihomoravský,RSST Brno - venkov,1677,1643,34
324,18636,Dlabola Petr,1977,M,TJ SOKOL Stará Paka z.s.,KSST Kralovéhradecký,RSST Jičín,1784,1750,34
324,44568,Ribka Jakub,1988,M,"Tělovýchovná jednota Sokol Opava- Kateřinky,z.s",Moravskoslezský SST,RSST Opava,1804,1770,34
324,31107,Kuča Jan,1986,M,"TTC FRÝDLANT, z.s.",Moravskoslezský SST,OSST Frýdek-Místek,1739,1705,34
324,19730,Bereiter Marek,1971,M,"Tělovýchovná jednota Sokol Opava- Kateřinky,z.s",Moravskoslezský SST,RSST Opava,1703,1669,34
324,12428,Grmela Aleš,1968,M,TJ Sokol Ondratice z.s.,KSST Olomoucký,RSST Prostějov,1748,1714,34
335,3216,Košťál Radek,1974,M,Tělocvičná jednota Sokol Králův Dvůr,Středočeský SST,RSST Beroun,2379,2346,33
335,29930,Prachař Marek,1970,M,Tělocvičná jednota Sokol Brno I,KSST Jihomoravský,RSST Brno - město,1699,1666,33
335,13930,Duchoň Roman,1972,M,"Tělovýchovná jednota Union Plzeň, z.s.",KSST Plzeňský,RSST Plzeň - město,1647,1614,33
335,34478,Topič Arnošt,1993,M,"KST Zlín, z.s.",KSST Zlínský,OSST Zlín,1928,1895,33
335,19644,Strapek Josef,1966,M,TJ Sokol Přídolí,KSST Jihočeský,RSST Český Krumlov,1661,1628,33
335,10489,Koros Pavel,1981,M,Tělocvičná jednota Sokol Hořovice,Středočeský SST,RSST Beroun,1720,1687,33
335,44180,Vítek Vladimír,1952,M,TJ Sokol Křepice z.s.,KSST Jihomoravský,RSST Břeclav,1658,1625,33
335,48361,Ondrovčák Miroslav,1976,M,Orel Únanov,KSST Jihomoravský,RSST Znojmo,1922,1889,33
335,52205,Busta Stanislav,1985,M,TJ Sokol Moravské Prusy,KSST Jihomoravský,RSST Vyškov,1688,1655,33
335,19595,Provazník Jiří,1965,M,"Tělovýchovná jednota Ostrov, z.s.",KSST Karlovarský,RSST Karlovy Vary,1759,1726,33
335,25251,Slavík Jan,1975,M,TJ Sokol Stěžery,KSST Kralovéhradecký,RSST Hradec Králové,1798,1765,33
346,12681,Karásek Karel,1968,M,Tělovýchovná jednota Ostrava,Moravskoslezský SST,MěSST Ostrava,2114,2082,32
346,56379,Poláček Petr,1979,M,Tělocvičná jednota Sokol Sokolnice,KSST Jihomoravský,RSST Brno - město,1639,1607,32
346,48634,Loukota Filip,1993,M,Asociace sportovních klubů Tatra Kopřivnice,Moravskoslezský SST,RSST Nový Jičín,1737,1705,32
346,23556,Novák Lukáš,1988,M,"TTC Moravská Slavia Brno, z.s.",KSST Jihomoravský,RSST Brno - město,1689,1657,32
346,55465,Tomica Daniel,1980,M,Tělovýchovná jednota Ostrava,Moravskoslezský SST,MěSST Ostrava,1958,1926,32
346,19940,Příkaský Zbyněk,1981,M,SKST Rohatec,KSST Jihomoravský,RSST Hodonín,1684,1652,32
346,40299,Kubík Jiří,1993,M,Stavební fakulta SK Kotlářka El Niňo Praha,Pražský SST,Pražský SST,1944,1912,32
346,38551,Fiala Jakub,1995,M,"TJ ČZ Strakonice , spolek",KSST Jihočeský,RSST Strakonice,1719,1687,32
346,3344,Vyvial Jaromír,1948,M,TJ Krnov,KSST Olomoucký,RSST Bruntál,1637,1605,32
346,19031,Moravec Stanislav,1971,M,TJ Sokol Týnec nad Labem z.s.,Středočeský SST,RSST Kolín,1633,1601,32
346,467,Macháček Jan,1970,M,Sportovní klub stolního tenisu Baník Most z. s.,KSST Ústecký,RSST Most,1866,1834,32
346,11475,Dohnálek Petr,1971,M,SKST Dubňany,KSST Jihomoravský,RSST Hodonín,1644,1612,32
346,14487,Dospíšil Jiří ml.,1975,M,Table Tennis Club Koral Tišnov z.s.,KSST Jihomoravský,RSST Brno - venkov,1845,1813,32
346,15719,Mifka Alexius,1962,M,"TTC Brandýs n.L, spolek",Středočeský SST,RSST Praha - východ,1752,1720,32
346,3041,Kaipr Petr,1965,M,Tělocvičná jednota Sokol Libice nad Cidlinou,Středočeský SST,RSST Nymburk,1781,1749,32
361,563,Kábrt Vratislav,1967,M,TJ Baník Rtyně v Podkrkonoší z.s.,KSST Kralovéhradecký,RSST Trutnov,1653,1622,31
361,13715,Staněk Petr,1960,M,TJ Sokol České Budějovice,KSST Jihočeský,RSST České Budějovice,1700,1669,31
361,4003,Jirásek Jiří,1975,M,Tělocvičná jednota Sokol Roztoky u Prahy,Středočeský SST,RSST Praha - západ,1704,1673,31
361,9753,Soucha Jan,1970,M,SK Domeček Soběslav z.s.,KSST Jihočeský,RSST Tábor,1712,1681,31
361,2073,Horák Karel,1970,M,TJ Sokol Železnice z.s.,KSST Kralovéhradecký,RSST Jičín,1695,1664,31
361,28463,Cabiš Michal,1988,M,DOMIK - Ostrava,Moravskoslezský SST,MěSST Ostrava,1788,1757,31
361,49349,Kučera Stanislav,1997,M,"SK Kotlářka, z.s.",Pražský SST,Pražský SST,2103,2072,31
361,26421,Veselský Roman,1982,M,TJ Žďár nad Sázavou z.s.,KSST Vysočina,RSST Žďár nad Sázavou,1798,1767,31
361,18504,Dráždil Roman,1976,M,TJ Sokol Bor z.s.,KSST Plzeňský,RSST Tachov,1909,1878,31
361,52856,Jamrich Robert,1979,M,Tělocvičná jednota Sokol Praha - Břevnov,Pražský SST,Pražský SST,1703,1672,31
361,28777,Kypr Tomáš,1989,M,Tělocvičná jednota Sokol Příbor,Moravskoslezský SST,RSST Nový Jičín,1653,1622,31
361,57981,Žoldoš Petr,1986,M,"TTC Moravská Slavia Brno, z.s.",KSST Jihomoravský,RSST Brno - město,2058,2027,31
361,25056,Kurka Milan,1964,M,Tělovýchovná jednota Mikulčice,KSST Jihomoravský,RSST Hodonín,1708,1677,31
361,4940,Bednář Otakar,1962,M,"TJ Slovan Karviná-Lázně Darkov, z.s.",Moravskoslezský SST,RSST Karviná,1643,1612,31
361,36112,Ulrich Radek,1973,M,TJ Sokol Velký Osek,Středočeský SST,RSST Kolín,1645,1614,31
376,5490,Kroupa Tomáš,1983,M,TJ Slavoj Severotuk Ústí n.L.,KSST Ústecký,RSST Ústí nad Labem,1788,1758,30
376,36268,Pácha Robin,1992,M,"TJ Auto Škoda Mladá Boleslav, z.s.",Středočeský SST,RSST Mladá Boleslav,1646,1616,30
376,4920,Bittner Michal,1979,M,KST SK US Steinerová Choceň,KSST Pardubický,RSST Ústí nad Orlicí,1976,1946,30
376,21746,Pospíšil Jaroslav,1980,M,T.J.  Sokol Olomouc Neředín z.s.,KSST Olomoucký,RSST Olomouc,1817,1787,30
376,3077,Tyl Richard,1974,M,"TJ MSV STUDÉNKA, z.s.",Moravskoslezský SST,RSST Nový Jičín,1719,1689,30
376,10568,Kocáb Jan,1984,M,"AC Sparta Praha - stolní tenis, z.s.",Pražský SST,Pražský SST,1845,1815,30
376,14556,Sigmund Ivo,1978,M,"TTC Moravská Slavia Brno, z.s.",KSST Jihomoravský,RSST Brno - město,1887,1857,30
376,3102,Zetocha Martin,1981,M,"Sportovní klub Slatina, z.s.",KSST Jihomoravský,RSST Brno - město,1745,1715,30
376,10436,Drechsler Petr,1973,M,Tělocvičná jednota Sokol Nusle Praha,Pražský SST,Pražský SST,1792,1762,30
376,45327,Dědek Jiří,1968,M,Tělocvičná jednota Sokol Košťálov,KSST Liberecký,RSST Semily,1648,1618,30
386,7747,Holaň Petr,1969,M,Tělocvičná jednota Sokol Nová Bělá,Moravskoslezský SST,MěSST Ostrava,1699,1670,29
386,39553,Málek Tomáš,1996,M,"SK Kotlářka, z.s.",Pražský SST,Pražský SST,2099,2070,29
386,48181,Hrdý Martin,1972,M,TTC Alimpex Praha,Pražský SST,Pražský SST,1822,1793,29
386,42350,Červený Miroslav,1974,M,TJ Slavoj Severotuk Ústí n.L.,KSST Ústecký,RSST Ústí nad Labem,2068,2039,29
386,31582,Holáň Jan,1993,M,Asociace sportovních klubů Tatra Kopřivnice,Moravskoslezský SST,RSST Nový Jičín,2070,2041,29
386,16239,Stanček Ivo,1964,M,"Tělovýchovná jednota Sokol Kdyně, z. s.",KSST Plzeňský,RSST Domažlice,1704,1675,29
386,49751,Špalek Miroslav,1978,M,"Stolní tenis club Slaný, z.s.",Středočeský SST,RSST Kladno,1653,1624,29
386,19645,Blaško Ivo,1961,M,TTC Libín Prachatice z.s.,KSST Jihočeský,RSST Prachatice,1652,1623,29
386,9780,Hladký Rostislav,1979,M,Tělocvičná jednota Sokol Vranovice,KSST Jihomoravský,RSST Břeclav,1667,1638,29
386,23401,Pospíšil David,1979,M,"TJ Slavoj Praha, spolek",Pražský SST,Pražský SST,1667,1638,29
386,45284,Zikmund Adam,1995,M,"Klub mládeže stolního tenisu Liberec, z.s.",KSST Liberecký,RSST Liberec,1747,1718,29
386,25263,Hořan Marek,1984,M,"TJ Slavoj Stod, z.s.",KSST Plzeňský,RSST Plzeň - jih,1649,1620,29
386,51389,Plachta Jakub,2000,M,Tělovýchovná jednota Ostrava,Moravskoslezský SST,MěSST Ostrava,1706,1677,29
386,31495,Gajdičiar Ondřej,1987,M,"TJ ODRY, z.s.",Moravskoslezský SST,RSST Nový Jičín,1655,1626,29
400,27914,Štepka Miroslav,1990,M,"TJ Šanov, z.s.",Středočeský SST,RSST Rakovník,2078,2050,28
400,26439,Sklenář Ondřej,1990,M,"TJ Slavoj Praha, spolek",Pražský SST,Pražský SST,1675,1647,28
400,13335,Pour Pavel ml.,1986,M,TJ Sokol Bor z.s.,KSST Plzeňský,RSST Tachov,1809,1781,28
400,27027,Trcala Michal,1991,M,TJ Sokol Vracov z.s.,KSST Jihomoravský,RSST Hodonín,1881,1853,28
400,6532,Sebroň Jiří,1960,M,Tělocvičná jednota Sokol Bedřichov,KSST Vysočina,RSST Jihlava,1647,1619,28
400,58144,Čihák Marek,1974,M,Sportovní klub stolního tenisu Havířov z.s.,Moravskoslezský SST,RSST Karviná,2294,2266,28
400,14826,Hejl Petr ml.,1980,M,"TJ Sokol Horní Lhota, z.s.",Moravskoslezský SST,MěSST Ostrava,1712,1684,28
400,48807,Valašík Lukáš,1984,M,SK Přerov,KSST Olomoucký,RSST Přerov,1668,1640,28
400,14481,Nováček Libor,1965,M,Table Tennis Club Koral Tišnov z.s.,KSST Jihomoravský,RSST Brno - venkov,1779,1751,28
400,7517,Hanzal Petr,1979,M,z.s.TTC Klánovice - stolní tenis,Pražský SST,Pražský SST,1667,1639,28
410,3927,Košek Michal,1971,M,"SK Rokycany, z.s.",KSST Plzeňský,RSST Rokycany,1669,1642,27
410,47188,Kratochvíl Tomáš,1992,M,"KST NOVÝ JIČÍN, z.s.",Moravskoslezský SST,RSST Nový Jičín,1916,1889,27
410,33482,Pavlicová Renata,1992,Z,"TTC Moravská Slavia Brno, z.s.",KSST Jihomoravský,RSST Brno - město,1680,1653,27
410,51879,Stakhova Olesia,1985,Z,SVS Hradec Králové,KSST Kralovéhradecký,RSST Hradec Králové,1931,1904,27
410,13271,Dvořák Vít,1976,M,SK Přerov,KSST Olomoucký,RSST Přerov,1679,1652,27
410,54733,Jiříček Dalibor,1969,M,Asociace sportovních klubů Tatra Kopřivnice,Moravskoslezský SST,RSST Nový Jičín,1746,1719,27
410,28251,Bluma Jindřich ml.,1988,M,SK Přerov,KSST Olomoucký,RSST Přerov,1667,1640,27
410,40878,Ježek Michal,1992,M,"Tělovýchovná jednota Sokol Vesec, z.s.",KSST Liberecký,RSST Semily,1634,1607,27
410,50748,Baláž Branislav,1975,M,"Tělovýchovná jednota Sokol Lanžhot, z.s.",KSST Jihomoravský,RSST Břeclav,1804,1777,27
410,5181,Kamera Josef,1964,M,TJ Sokol Přídolí,KSST Jihočeský,RSST Český Krumlov,1696,1669,27
410,1981,Jamný Petr,1976,M,TJ Jiskra Strážnice z.s.,KSST Jihomoravský,RSST Hodonín,1726,1699,27
410,11134,Fuk Viktor,1974,M,TJ Chmelná z.s.,KSST Vysočina,RSST Pelhřimov,1662,1635,27
422,19164,Kalandra Miloslav ml.,1973,M,"TJ Slovan Moravská Třebová,z.s.",KSST Pardubický,RSST Svitavy,1678,1652,26
422,14694,Vondra Miroslav,1978,M,Sportovní klub stolního tenisu Baník Most z. s.,KSST Ústecký,RSST Most,2028,2002,26
422,60332,Kuchuk Maryia,1994,Z,TJ Spartak Hluk,KSST Zlínský,Stolní tenis Uherské Hradiště,1780,1754,26
422,9233,Vojáček Jiří,1979,M,TJ Sadská o.s.,Středočeský SST,RSST Nymburk,1655,1629,26
422,1746,Dolejší Stanislav,1966,M,ST EUROMASTER Kolín,Středočeský SST,RSST Kolín,1850,1824,26
422,26385,Horut Daniel,1981,M,"TJ MSV STUDÉNKA, z.s.",Moravskoslezský SST,RSST Nový Jičín,1773,1747,26
422,14830,Kelecseny Michal,1984,M,TJ Sokol Lískovec,Moravskoslezský SST,OSST Frýdek-Místek,1633,1607,26
422,7770,Kovanda Milan,1973,M,Sportovní klub Nižbor,Středočeský SST,RSST Beroun,1729,1703,26
422,31219,Černá Vendula,1993,Z,SK Kamenice nad Lipou z.s.,KSST Vysočina,RSST Pelhřimov,1652,1626,26
422,16014,Ondryáš Daniel,1971,M,"TJ Rožnov pod Radhoštěm, spolek",KSST Zlínský,RSST Vsetín,1960,1934,26
422,32622,Zajíc Milan,1973,M,"Tělovýchovná jednota Spartak Pelhřimov, z.s.",KSST Vysočina,RSST Pelhřimov,1779,1753,26
422,13887,Návrat Lubomír,1953,M,"TJ Třineckých železáren, spolek",Moravskoslezský SST,OSST Frýdek-Místek,1653,1627,26
422,44736,Mynářová Karolína,1996,Z,Sportovní klub stolního tenisu Havířov z.s.,Moravskoslezský SST,RSST Karviná,1848,1822,26
422,29839,Vojtek Lukáš,1986,M,"TTC Ostrava-Poruba, z.s.",Moravskoslezský SST,MěSST Ostrava,1832,1806,26
422,14241,Sláma Luboš,1963,M,TJ Spartak Kaplice,KSST Jihočeský,RSST Český Krumlov,1634,1608,26
422,1806,Šesták Radek,1979,M,"TJ Jiskra Litomyšl,z.s.",KSST Pardubický,RSST Svitavy,1748,1722,26
422,51476,Kvíčala David,1995,M,"KST Blansko, z.s.",KSST Jihomoravský,RSST Blansko,1846,1820,26
422,45134,Svatoš Roman,1980,M,Lokodepo Liberec z.s.,KSST Liberecký,RSST Liberec,1846,1820,26
422,57246,Ivanová Lucia,1997,Z,SKST Hodonín z.s.,KSST Jihomoravský,RSST Hodonín,1664,1638,26
422,4023,Maruščák Tomáš,1983,M,Tělocvičná jednota Sokol Kutná Hora,Středočeský SST,RSST Kutná Hora,1779,1753,26
442,28421,Šír Milan,1989,M,TJ Sokol Jablonec nad Jizerou z.s.,KSST Liberecký,RSST Semily,1758,1733,25
442,592,Vrkoslav Martin,1978,M,"TJ Baník Vamberk, z.s",KSST Kralovéhradecký,RSST Rychnov nad Kněžnou,1749,1724,25
442,28948,Kypta Michal,1988,M,"Tělovýchovná jednota Union Plzeň, z.s.",KSST Plzeňský,RSST Plzeň - město,1759,1734,25
442,21081,Ságl Ondřej,1978,M,Tělocvičná jednota Sokol Studená I.,KSST Jihočeský,RSST Jindřichův Hradec,1872,1847,25
442,26420,Veselský Tomáš,1980,M,TJ Žďár nad Sázavou z.s.,KSST Vysočina,RSST Žďár nad Sázavou,1745,1720,25
442,33727,Brož Petr,1996,M,TJ Sokol PP Hradec Králové 2,KSST Kralovéhradecký,RSST Hradec Králové,1895,1870,25
442,18157,Osecký Lukáš,1982,M,TJ Vidlatá Seč,KSST Pardubický,RSST Svitavy,1648,1623,25
442,43654,Rychlík Evžen,1972,M,"KST Brušperk, z.s.",Moravskoslezský SST,OSST Frýdek-Místek,1702,1677,25
442,11243,Chvojka Jaroslav,1975,M,z.s.TTC Klánovice - stolní tenis,Pražský SST,Pražský SST,1756,1731,25
442,36869,Šikula Jan,1991,M,TJ Sokol Bystřice nad Pernštejnem,KSST Vysočina,RSST Žďár nad Sázavou,1658,1633,25
442,38146,Černocký Dominik,1992,M,"KST NOVÝ JIČÍN, z.s.",Moravskoslezský SST,RSST Nový Jičín,1861,1836,25
442,20657,Kyncl Jiří,1983,M,TJ Sadská o.s.,Středočeský SST,RSST Nymburk,1771,1746,25
442,35373,Chrást Roman,1991,M,"TTC Moravská Slavia Brno, z.s.",KSST Jihomoravský,RSST Brno - město,1958,1933,25
442,18787,Böhm Pavel,1964,M,TJ Sokol Hluboká nad Vltavou,KSST Jihočeský,RSST České Budějovice,1714,1689,25
442,26376,Hach Václav,1990,M,"TJ Sokol Nezvěstice, z.s.",KSST Plzeňský,RSST Plzeň - město,1634,1609,25
442,10452,Jeřábek Vladimír,1972,M,"Sportovní klub Slatina, z.s.",KSST Jihomoravský,RSST Brno - město,1764,1739,25
458,24389,Sokol Michal,1986,M,TJ CHS Chotěboř,KSST Vysočina,RSST Havlíčkův Brod,1649,1625,24
458,10607,Toth Vlastimil,1963,M,Sportovní klub Janské Lázně z.s.,KSST Kralovéhradecký,RSST Trutnov,1715,1691,24
458,3358,Stužka Oldřich ml.,1978,M,"TJ Sokol Čechovice, z.s.",KSST Olomoucký,RSST Prostějov,1756,1732,24
458,15948,Minář Jiří,1975,M,"Tělovýchovná jednota Bižuterie, z.s.",KSST Liberecký,RSST Jablonec nad Nisou,1778,1754,24
458,16420,Jonáš Martin,1983,M,"HB Ostrov , z.s.",KSST Vysočina,RSST Havlíčkův Brod,1831,1807,24
458,9339,Foldyna Lukáš,1976,M,SSK Komorní Lhotka z.s.,Moravskoslezský SST,OSST Frýdek-Místek,1763,1739,24
458,47858,Nechvátal Petr,1982,M,Orel Únanov,KSST Jihomoravský,RSST Znojmo,1667,1643,24
458,46489,Maršík Richard,1970,M,Klub stolního tenisu Bohnice z.s.,Pražský SST,Pražský SST,1718,1694,24
458,49504,Sádlo Josef,1973,M,TJ Sokol Krchleby,Středočeský SST,RSST Nymburk,1648,1624,24
458,28601,Protiva Luboš,1988,M,"Tělovýchovná jednota Jiskra Nový Bor, z.s.",KSST Liberecký,RSST Česká Lípa,1759,1735,24
468,18765,Rohlík Jan ml.,1972,M,TJ Sokol Chrudim,KSST Pardubický,RSST Chrudim,1824,1801,23
468,4799,Šlapák Miloš,1986,M,TJ Sokol PP Hradec Králové 2,KSST Kralovéhradecký,RSST Hradec Králové,2046,2023,23
468,27649,Borůvka Jakub,1985,M,"Sportovní klub stolního tenisu Liberec, z.s.",KSST Liberecký,RSST Liberec,2041,2018,23
468,21803,Trávníček Luboš,1972,M,Tělocvičná jednota Sokol Mnichovo Hradiště,Středočeský SST,RSST Mladá Boleslav,1712,1689,23
468,31951,Zloch Petr,1985,M,Tělocvičná jednota Sokol Lysá nad Labem,Středočeský SST,RSST Nymburk,1639,1616,23
468,10758,Šuba Bedřich,1976,M,Sportovní klub  Rakov,KSST Olomoucký,RSST Přerov,1738,1715,23
468,1203,Štrobl Rudolf,1978,M,"TJ Tatran Hostinné, spolek",KSST Kralovéhradecký,RSST Trutnov,1859,1836,23
468,20315,Flanderka Miloš,1957,M,"TJ Lokomotiva Česká Lípa, z.s.",KSST Liberecký,RSST Česká Lípa,1692,1669,23
468,2985,Krajčí Josef,1972,M,"TJ Frenštát pod Radhoštěm, spolek",Moravskoslezský SST,RSST Nový Jičín,1786,1763,23
468,8967,Homolka Pavel,1972,M,Tělocvičná jednota Sokol Hudlice,Středočeský SST,RSST Beroun,1782,1759,23
468,19843,Pastuch Jan,1980,M,"TJ Dobřany, z.s.",KSST Plzeňský,RSST Plzeň - jih,1777,1754,23
468,16686,Martynek Krzysztof,1974,M,"TJ Třineckých železáren, spolek",Moravskoslezský SST,OSST Frýdek-Místek,1921,1898,23
468,14678,Tschakert Tomáš,1981,M,"Table Tennis Club Litoměřice, z.s.",KSST Ústecký,RSST Litoměřice,1918,1895,23
468,275,Vacenovský Pavel,1970,M,TJ Slovan Hodonín,KSST Jihomoravský,RSST Hodonín,1638,1615,23
468,34084,Svoboda David,1992,M,TJ Sokol Vodňany,KSST Jihočeský,RSST Strakonice,1649,1626,23
468,39419,Šenkeřík Marek,1996,M,"KST Zlín, z.s.",KSST Zlínský,OSST Zlín,1746,1723,23
484,38934,Hrušková Hana,1994,Z,SVS Hradec Králové,KSST Kralovéhradecký,RSST Hradec Králové,1685,1663,22
484,41710,Voříšek Tomáš,1993,M,Stavební fakulta SK Kotlářka El Niňo Praha,Pražský SST,Pražský SST,1791,1769,22
484,37957,Martinec Tomáš,1991,M,Tělocvičná jednota Sokol Michle,Pražský SST,Pražský SST,1746,1724,22
484,35778,Rýgl Vojtěch,1987,M,"Tělovýchovná jednota Dvůr Králové n.L.,z.s.",KSST Kralovéhradecký,RSST Trutnov,1879,1857,22
484,28825,Tauš René,1971,M,"Tělovýchovná jednota Bižuterie, z.s.",KSST Liberecký,RSST Jablonec nad Nisou,1656,1634,22
484,158,Sysel Pavel,1964,M,"TTC Brandýs n.L, spolek",Středočeský SST,RSST Praha - východ,1789,1767,22
484,14186,Orság David,1978,M,"Sportovní klub Slatina, z.s.",KSST Jihomoravský,RSST Brno - město,1682,1660,22
484,3375,Richter David,1973,M,"TJ Sokol Čechovice, z.s.",KSST Olomoucký,RSST Prostějov,1663,1641,22
484,57974,Cieslar Marcin,1986,M,TJ TTC Vendryně,Moravskoslezský SST,OSST Frýdek-Místek,1686,1664,22
484,17610,Srch Radek,1977,M,"TJ Spartak Rožmitál pod Třemšínem, spolek",Středočeský SST,RSST Příbram,1774,1752,22
494,11247,Kaucký Roman,1973,M,"Tělovýchovná jednota Lokomotiva Vršovice, z.s.",Pražský SST,Pražský SST,1822,1801,21
494,1920,Zahradník Tomáš,1968,M,Jiskra Raspenava z.s.,KSST Liberecký,RSST Liberec,1693,1672,21
494,14036,Horký Vladimír,1978,M,TJ Vladislav,KSST Vysočina,RSST Třebíč,1672,1651,21
494,48334,Fišar Jiří,1974,M,"Tělovýchovná jednota Střížkov, z.s.",Pražský SST,Pražský SST,1637,1616,21
494,60067,Benoit Arnaud,1986,M,Tělocvičná jednota Sokol Žižkov I,Pražský SST,Pražský SST,1710,1689,21
494,2988,Kantor Julius ml.,1970,M,"TJ Frenštát pod Radhoštěm, spolek",Moravskoslezský SST,RSST Nový Jičín,1692,1671,21
494,36971,Lukeš Marek,1994,M,TJ Tesla Pardubice,KSST Pardubický,RSST Pardubice,1649,1628,21
494,36373,Kopřiva Tomáš,1990,M,Tělocvičná jednota Sokol Králův Dvůr,Středočeský SST,RSST Beroun,1665,1644,21
494,23454,Srb Pavel,1964,M,TJ Sokol Bludov z.s.,KSST Olomoucký,RSST Šumperk,1643,1622,21
494,51337,Novotný Jiří,1976,M,TTC Siko Orlová z.s.,Moravskoslezský SST,RSST Karviná,1971,1950,21
494,16541,Flídr Bohdan,1961,M,KST Linea Chrudim,KSST Pardubický,RSST Chrudim,1657,1636,21
494,35112,Smoček Libor,1993,M,"KST Zlín, z.s.",KSST Zlínský,OSST Zlín,1899,1878,21
494,8697,Šebeček Marek,1972,M,TJ Sokol Otnice,KSST Jihomoravský,RSST Vyškov,1641,1620,21
507,14566,Svoboda Libor,1983,M,"TTC Moravská Slavia Brno, z.s.",KSST Jihomoravský,RSST Brno - město,1822,1802,20
507,32148,Lhoták Jakub,1992,M,ST EUROMASTER Kolín,Středočeský SST,RSST Kolín,1696,1676,20
507,52758,Hejdušek Ivan,1962,M,TTC Komořany,KSST Jihomoravský,RSST Vyškov,1691,1671,20
507,14881,Janák Martin,1966,M,Table Tennis Club Ústí nad Orlicí z. s.,KSST Pardubický,RSST Ústí nad Orlicí,1786,1766,20
507,45774,Slobodzian Adam,1997,M,Sportovní Jižní Město o.p.s.,Pražský SST,Pražský SST,1649,1629,20
507,346,Kmeťová Veronika,1997,Z,SKST Hodonín z.s.,KSST Jihomoravský,RSST Hodonín,1723,1703,20
507,1630,Šindelář Pavel,1965,M,TJ Sokol Chrudim,KSST Pardubický,RSST Chrudim,1773,1753,20
507,39751,Martin Petr,1980,M,TJ Sadská o.s.,Středočeský SST,RSST Nymburk,1648,1628,20
507,7353,Tůma Pavel,1961,M,Tělocvičná jednota Sokol Králův Dvůr,Středočeský SST,RSST Beroun,1834,1814,20
507,2167,Hejda Václav,1974,M,"TJ Šanov, z.s.",Středočeský SST,RSST Rakovník,1906,1886,20
507,55987,Smrček Michal,1984,M,Tělocvičná jednota Sokol Roztoky u Prahy,Středočeský SST,RSST Praha - západ,1887,1867,20
507,6798,Koutný Pavel,1970,M,TJ Sokol Buk,KSST Olomoucký,RSST Přerov,1753,1733,20
507,26458,Bezděk Luboš,1984,M,"Stolně-tenisový klub Zbraslavec, z.s.",KSST Jihomoravský,RSST Blansko,1697,1677,20
520,31316,Zahrádka Michal,1990,M,"TJ Auto Škoda Mladá Boleslav, z.s.",Středočeský SST,RSST Mladá Boleslav,1697,1678,19
520,5785,Budinský Petr,1979,M,TJ Slavoj Severotuk Ústí n.L.,KSST Ústecký,RSST Ústí nad Labem,1690,1671,19
520,11242,Kaucká Olga,1975,Z,Klub stolního tenisu Bohnice z.s.,Pražský SST,Pražský SST,1643,1624,19
520,52784,Chaloupka František,1977,M,Tělocvičná jednota Sokol Nová Bělá,Moravskoslezský SST,MěSST Ostrava,1703,1684,19
520,14119,Dudík Luboš,1978,M,"KST Blansko, z.s.",KSST Jihomoravský,RSST Blansko,2068,2049,19
520,3601,Rochowanski Lukáš,1977,M,"TTC ELIZZA PRAHA, z.s.",Pražský SST,Pražský SST,1741,1722,19
520,28727,Kvašnovský Petr,1970,M,Orel jednota České Budějovice,KSST Jihočeský,RSST České Budějovice,1672,1653,19
520,47049,Šubčík Jiří,1983,M,"Table Tennis Club Šumperk, z.s.",KSST Olomoucký,RSST Šumperk,1680,1661,19
528,34467,Palát Jiří ml.,1990,M,TJ Vladislav,KSST Vysočina,RSST Třebíč,1672,1654,18
528,10032,Soukup Jan,1984,M,Tělocvičná jednota Sokol Česká Třebová,KSST Pardubický,RSST Ústí nad Orlicí,1711,1693,18
528,38295,Jehlík Miroslav ml.,1996,M,Klub stolního tenisu Klatovy z.s.,KSST Plzeňský,RSST Klatovy,1661,1643,18
528,40367,Karda Martin,1993,M,TTC Příbram,Středočeský SST,RSST Příbram,1676,1658,18
528,41985,Skřivánek Petr,1993,M,Stavební fakulta SK Kotlářka El Niňo Praha,Pražský SST,Pražský SST,1667,1649,18
528,45809,Průša Martin,1967,M,"TTC ELIZZA PRAHA, z.s.",Pražský SST,Pražský SST,1633,1615,18
528,4850,Votava Milan,1969,M,TJ Slavoj Severotuk Ústí n.L.,KSST Ústecký,RSST Ústí nad Labem,1826,1808,18
528,13916,Kirchman Ondřej,1983,M,"Tělovýchovná jednota Union Plzeň, z.s.",KSST Plzeňský,RSST Plzeň - město,1920,1902,18
528,21381,Protiva Martin,1983,M,"Sportovní klub stolního tenisu Liberec, z.s.",KSST Liberecký,RSST Liberec,1853,1835,18
528,1582,Pangrác Martin,1977,M,"Sportovní klub Jiskra Domažlice, z. s.",KSST Plzeňský,RSST Domažlice,1785,1767,18
528,17011,Šmucr Jiří,1971,M,Klub stolního tenisu Jirkov z.s.,KSST Ústecký,RSST Chomutov,1790,1772,18
528,39605,Fuka Martin,1984,M,"TJ Auto Škoda Mladá Boleslav, z.s.",Středočeský SST,RSST Mladá Boleslav,1708,1690,18
528,19847,Skácelík Richard,1968,M,Tělovýchovná jednota Slavoj Český Těšín z.s.,Moravskoslezský SST,RSST Karviná,1713,1695,18
528,28091,Šulc Martin,1986,M,"TJ AVIA Čakovice, z.s.",Pražský SST,Pražský SST,1813,1795,18
528,9475,Pluhař Pavel,1977,M,Tělocvičná jednota Sokol Líšeň,KSST Jihomoravský,RSST Brno - město,1654,1636,18
528,12616,Zaremba Pavel,1967,M,TJ Hoštice - Heroltice,KSST Jihomoravský,RSST Vyškov,1666,1648,18
528,32777,Prágr Lukáš,1987,M,"TTC Kladno, z.s.",Středočeský SST,RSST Kladno,1630,1612,18
545,20287,Buba Ondřej,1988,M,Tělovýchovná jednota Ostrava,Moravskoslezský SST,MěSST Ostrava,2047,2030,17
545,47181,Pilch Jakub,1999,M,"TJ Třineckých železáren, spolek",Moravskoslezský SST,OSST Frýdek-Místek,1758,1741,17
545,47033,Honč Vladimír,1966,M,"TJ Rožnov pod Radhoštěm, spolek",KSST Zlínský,RSST Vsetín,1617,1600,17
545,28548,Vendl Jakub,1985,M,"Tělovýchovná jednota Sokol Býchory, z.s.",Středočeský SST,RSST Kolín,1703,1686,17
545,57179,Kouřil Vít,1975,M,TJ Sokol Vracov z.s.,KSST Jihomoravský,RSST Hodonín,1675,1658,17
545,59131,Kobes Kristián,1990,M,KST Robot Mokré Lazce,Moravskoslezský SST,RSST Opava,2248,2231,17
545,46339,Hrabě Václav,1951,M,Tělocvičná jednota Sokol Nusle Praha,Pražský SST,Pražský SST,1726,1709,17
545,5138,Plaček Jaroslav,1964,M,Sportovní klub stolního tenisu Chodov z. s.,KSST Karlovarský,RSST Sokolov,1703,1686,17
545,571,Bořík Milan,1973,M,Klub stolního tenisu Jirkov z.s.,KSST Ústecký,RSST Chomutov,1820,1803,17
545,21643,Táborský Jindřich,1956,M,"Sportovní klub Slatina, z.s.",KSST Jihomoravský,RSST Brno - město,1664,1647,17
545,8518,Nejedlý Petr,1978,M,"TTC ELIZZA PRAHA, z.s.",Pražský SST,Pražský SST,1907,1890,17
545,6719,Rotrekl David,1980,M,Tělocvičná jednota Sokol Brno-Židenice,KSST Jihomoravský,RSST Brno - město,1649,1632,17
545,31866,Langr Lukáš,1988,M,TJ Sokol Borová,KSST Pardubický,RSST Svitavy,1717,1700,17
545,1218,Kleprlík Kamil,1979,M,"SK Slavia Orlová , z.s.",Moravskoslezský SST,RSST Karviná,1749,1732,17
545,6952,Urbaniec Radim,1972,M,"TJ Třineckých železáren, spolek",Moravskoslezský SST,OSST Frýdek-Místek,1687,1670,17
545,8393,Brzokoupil Jiří,1978,M,T.J.  Sokol Olomouc Neředín z.s.,KSST Olomoucký,RSST Olomouc,1677,1660,17
545,38388,Stryhal Václav,1991,M,TJ Jiskra Havlíčkův Brod z.s.,KSST Vysočina,RSST Havlíčkův Brod,1760,1743,17
562,40702,Urbanczyk Jakub,1989,M,"TJ Třineckých železáren, spolek",Moravskoslezský SST,OSST Frýdek-Místek,1667,1651,16
562,7820,Sosnovec Martin,1973,M,Tělocvičná jednota Sokol Kutná Hora,Středočeský SST,RSST Kutná Hora,1682,1666,16
562,37066,Pečinka Lukáš,1994,M,"KST Holice, z.s.",KSST Pardubický,RSST Pardubice,1691,1675,16
562,28194,Šedina František ml.,1979,M,"TTC Hrádek nad Nisou, z.s.",KSST Liberecký,RSST Liberec,1624,1608,16
562,18143,Jakubec Jan,1985,M,TJ Sokol PP Hradec Králové 2,KSST Kralovéhradecký,RSST Hradec Králové,1689,1673,16
562,7240,Holík Petr,1979,M,T.J.  Sokol Olomouc Neředín z.s.,KSST Olomoucký,RSST Olomouc,1624,1608,16
562,4136,Dlouhý Jiří,1972,M,"TJ Spartak Rožmitál pod Třemšínem, spolek",Středočeský SST,RSST Příbram,1678,1662,16
562,21692,Havrlant Jaromír,1967,M,"KST NOVÝ JIČÍN, z.s.",Moravskoslezský SST,RSST Nový Jičín,1682,1666,16
562,3731,Matějka Martin,1976,M,"Tělovýchovná jednota Předhradí,z.s.",Středočeský SST,RSST Nymburk,1738,1722,16
562,18637,Sedláček Luděk,1973,M,Tělocvičná jednota Sokol Mníšek pod Brdy,Středočeský SST,RSST Praha - západ,1627,1611,16
562,15161,Šimonek Petr,1968,M,KST SK US Steinerová Choceň,KSST Pardubický,RSST Ústí nad Orlicí,1892,1876,16
562,37650,Dohnal Jaroslav,1988,M,Stolní tenis Benešov,Středočeský SST,RSST Benešov,1617,1601,16
562,15734,Špaček Zbyněk,1959,M,Stavební fakulta SK Kotlářka El Niňo Praha,Pražský SST,Pražský SST,1884,1868,16
562,51112,Rucki Sylwester,1974,M,Tělovýchovná jednota Slavoj Český Těšín z.s.,Moravskoslezský SST,RSST Karviná,1750,1734,16
562,42025,Mergenthal Otmar,1966,M,SK Přerov,KSST Olomoucký,RSST Přerov,1748,1732,16
577,40034,Pěnkava Luboš,1995,M,"TTC ELIZZA PRAHA, z.s.",Pražský SST,Pražský SST,1888,1873,15
577,13592,Typovský David,1979,M,"TJ Sokol Skalice, z.s.",Moravskoslezský SST,OSST Frýdek-Místek,1741,1726,15
577,53421,Horák Libor,1978,M,"Sportovní klub Jiskra Domažlice, z. s.",KSST Plzeňský,RSST Domažlice,1678,1663,15
577,33108,Kotrla Jan,1992,M,SKST Dubňany,KSST Jihomoravský,RSST Hodonín,1622,1607,15
577,9179,Kadlec Ivo st.,1961,M,Tělovýchovná jednota Sokol Rovečné z.s.,KSST Vysočina,RSST Žďár nad Sázavou,1621,1606,15
577,17086,Salajka Milan,1966,M,TJ Slovan Hodonín,KSST Jihomoravský,RSST Hodonín,1642,1627,15
577,8557,Král Patrik,1972,M,"TJ Slovan Lochovice, z.s.",Středočeský SST,RSST Beroun,1872,1857,15
577,46629,Bezecný Petr,1956,M,TJ Sokol Palkovice,Moravskoslezský SST,OSST Frýdek-Místek,1635,1620,15
577,2946,Smolík Michal,1978,M,TJ Sokol Velké Losiny z.s.,KSST Olomoucký,RSST Šumperk,1626,1611,15
577,47690,Švec Radomír,1971,M,"SK Telč, z.s.",KSST Vysočina,RSST Jihlava,1704,1689,15
577,54761,Kaliáš Petr,1977,M,"TJ Sokol Skalice, z.s.",Moravskoslezský SST,OSST Frýdek-Místek,1706,1691,15
577,12229,Vůjtek Ivo,1964,M,Tělocvičná jednota Sokol Klimkovice,Moravskoslezský SST,MěSST Ostrava,1658,1643,15
577,49125,Krčál Radek,1976,M,Slavoj Polná z.s.,KSST Vysočina,RSST Jihlava,1726,1711,15
577,14129,Chalupa Michal,1980,M,"PM Ostrava, z. s.",Moravskoslezský SST,MěSST Ostrava,1681,1666,15
577,7327,Ličbinský Roman,1980,M,"TTC Moravská Slavia Brno, z.s.",KSST Jihomoravský,RSST Brno - město,1774,1759,15
577,2786,Koníček Michal,1980,M,"Tělovýchovná jednota Sokol Lanžhot, z.s.",KSST Jihomoravský,RSST Břeclav,1774,1759,15
593,30771,Košák Vojtěch,1987,M,Tělocvičná jednota Sokol Mnichovo Hradiště,Středočeský SST,RSST Mladá Boleslav,1748,1734,14
593,1126,Tamchyna Petr,1961,M,"TJ Doksy, z.s.",KSST Liberecký,RSST Česká Lípa,1685,1671,14
593,19667,Vojtěch Jiří,1982,M,"Sportovní klub stolního tenisu Liberec, z.s.",KSST Liberecký,RSST Liberec,1666,1652,14
593,6326,Švrčina Tomáš,1967,M,TJ Sokol Hluboká nad Vltavou,KSST Jihočeský,RSST České Budějovice,1684,1670,14
593,733,Obešlo Josef st.,1967,M,"Sportovní klub stolního tenisu Liberec, z.s.",KSST Liberecký,RSST Liberec,1739,1725,14
593,14559,Plotěný Michal st.,1981,M,"Sportovní klub Slatina, z.s.",KSST Jihomoravský,RSST Brno - město,1703,1689,14
593,52744,Pěnkavová Kateřina,1987,Z,SKST Hodonín z.s.,KSST Jihomoravský,RSST Hodonín,2186,2172,14
593,12066,Matějíček Martin,1981,M,KST Jeseník,KSST Olomoucký,RSST Jeseník,1959,1945,14
593,9625,Jirásek Martin st.,1973,M,Tělocvičná jednota Sokol Valdice,KSST Kralovéhradecký,RSST Jičín,1628,1614,14
593,28376,Kubiska Ladislav,1988,M,"Tělovýchovná jednota Spartak Pelhřimov, z.s.",KSST Vysočina,RSST Pelhřimov,1679,1665,14
593,2201,Němec Miroslav,1980,M,TTC Libín Prachatice z.s.,KSST Jihočeský,RSST Prachatice,1851,1837,14
593,9434,Pazdera Jaroslav st.,1965,M,TJ Sokol Tovačov,KSST Olomoucký,RSST Přerov,1695,1681,14
605,52522,Palkovský David,1984,M,"DTJ Hradec Králové, z.s.",KSST Kralovéhradecký,RSST Hradec Králové,2145,2132,13
605,28082,Seďa Jakub,1989,M,"MK Řeznovice, oddíl stolního tenisu Sportovního  klubu Řeznovice, z.s.",KSST Jihomoravský,RSST Brno - venkov,1724,1711,13
605,39361,Balušek Zdeněk,1947,M,Tělocvičná jednota Sokol Nová Bělá,Moravskoslezský SST,MěSST Ostrava,1737,1724,13
605,25623,Louda Jiří,1964,M,"Tělovýchovná jednota Bižuterie, z.s.",KSST Liberecký,RSST Jablonec nad Nisou,1616,1603,13
605,57931,Marek David,1979,M,TJ Sokol Borová,KSST Pardubický,RSST Svitavy,2139,2126,13
605,25436,Brhel Tomáš,1988,M,SKST Hodonín z.s.,KSST Jihomoravský,RSST Hodonín,1745,1732,13
605,1713,Hrycík Radim,1983,M,"Tělovýchovná jednota Dvůr Králové n.L.,z.s.",KSST Kralovéhradecký,RSST Trutnov,1741,1728,13
605,14765,Kolář Martin,1973,M,"TTC Ostrava-Poruba, z.s.",Moravskoslezský SST,MěSST Ostrava,1720,1707,13
605,21266,Ježek Robert,1969,M,"TTC Kostelec nad Orlicí, z.s.",KSST Kralovéhradecký,RSST Rychnov nad Kněžnou,1711,1698,13
605,8562,Nevřela Daniel,1973,M,SKC Zruč nad Sázavou z.s.,Středočeský SST,RSST Kutná Hora,1874,1861,13
605,36363,Dočekal Tomáš,1994,M,KST Linea Chrudim,KSST Pardubický,RSST Chrudim,1621,1608,13
605,10045,Patka Václav,1982,M,Tělocvičná jednota Sokol Česká Třebová,KSST Pardubický,RSST Ústí nad Orlicí,1729,1716,13
605,58973,Šereda Peter,1984,M,"DTJ Hradec Králové, z.s.",KSST Kralovéhradecký,RSST Hradec Králové,2374,2361,13
605,1972,Marek Jaroslav,1983,M,TJ Jiskra Strážnice z.s.,KSST Jihomoravský,RSST Hodonín,1831,1818,13
605,49255,Hrabár Jiří,1962,M,Tělocvičná jednota Sokol Hudlice,Středočeský SST,RSST Beroun,1741,1728,13
620,10763,Ort Josef,1983,M,Tělocvičná jednota Sokol Mnichovo Hradiště,Středočeský SST,RSST Mladá Boleslav,1695,1683,12
620,1765,Kučera Zdeněk ml.,1991,M,Tělocvičná jednota Sokol Kyjov,KSST Jihomoravský,RSST Hodonín,1676,1664,12
620,5437,Sedláček Vladimír,1971,M,Tělocvičná jednota Sokol Petrovice I.,Pražský SST,Pražský SST,1664,1652,12
620,342,Hrbáček Milan,1968,M,"Tělovýchovná jednota Lokomotiva Vršovice, z.s.",Pražský SST,Pražský SST,1712,1700,12
620,50850,Wirth Imrich,1977,M,Tělocvičná jednota Sokol Vranovice,KSST Jihomoravský,RSST Břeclav,1640,1628,12
620,47350,Socha Zdeněk,1964,M,"KST Holice, z.s.",KSST Pardubický,RSST Pardubice,1677,1665,12
620,44724,Gembala Jan,1991,M,TTC Siko Orlová z.s.,Moravskoslezský SST,RSST Karviná,1853,1841,12
620,276,Kolůch Jaroslav,1975,M,Tělocvičná jednota Sokol Brno I,KSST Jihomoravský,RSST Brno - město,1957,1945,12
620,50073,Rudolf Tomáš,1973,M,"TJ Úholičky, z.s.",Středočeský SST,RSST Praha - západ,1615,1603,12
620,56300,Galatík Pavel,1982,M,Tělocvičná jednota Sokol Brno I,KSST Jihomoravský,RSST Brno - město,1809,1797,12
620,37488,Weiser Daniel,1994,M,TJ Brno-Bystrc z.s.,KSST Jihomoravský,RSST Brno - město,1624,1612,12
620,46998,Trunkát Dalibor,1985,M,"Sportovní klub Slatina, z.s.",KSST Jihomoravský,RSST Brno - město,1634,1622,12
620,375,Chludil Radek,1979,M,SKST Dubňany,KSST Jihomoravský,RSST Hodonín,1669,1657,12
620,8496,Kůřilová Jana,1979,Z,SKST Dubňany,KSST Jihomoravský,RSST Hodonín,1633,1621,12
634,49325,Koděra Filip,1987,M,"TJ Šanov, z.s.",Středočeský SST,RSST Rakovník,1696,1685,11
634,15090,Topič Petr,1964,M,TJ Chropyně,KSST Olomoucký,RSST Přerov,1706,1695,11
634,9214,Wagner Jaroslav st.,1958,M,TJ Sadská o.s.,Středočeský SST,RSST Nymburk,1774,1763,11
634,607,Kubala Svatopluk,1951,M,"TJ Slovan Karviná-Lázně Darkov, z.s.",Moravskoslezský SST,RSST Karviná,1631,1620,11
634,49370,Dvořák Jan ml.,1972,M,Tělovýchovná jednota Neratovice z.s.,Středočeský SST,RSST Mělník,1654,1643,11
634,3559,Škubal Jiří,1957,M,"TTC Kladno, z.s.",Středočeský SST,RSST Kladno,1669,1658,11
634,19967,Benák Libor,1969,M,Tělocvičná jednota Sokol Michle,Pražský SST,Pražský SST,1804,1793,11
634,4753,Kvarda Lubomír,1961,M,Tělocvičná jednota Sokol Brno I,KSST Jihomoravský,RSST Brno - město,1721,1710,11
634,731,Bělonožník Antonín,1966,M,TJ Sokol Jablonec nad Jizerou z.s.,KSST Liberecký,RSST Semily,1687,1676,11
634,41020,Tomanovská Kateřina,1995,Z,"Sportovní klub Frýdlant nad Ostravicí, z.s.",Moravskoslezský SST,OSST Frýdek-Místek,1861,1850,11
644,46205,Kozubík Pavel,1994,M,"TTC Moravská Slavia Brno, z.s.",KSST Jihomoravský,RSST Brno - město,1820,1810,10
644,4481,Netesal Jiří,1971,M,SK Přerov,KSST Olomoucký,RSST Přerov,1640,1630,10
644,13534,Filip Bohuslav,1965,M,TJ Sokol Nížkov,KSST Vysočina,RSST Žďár nad Sázavou,1617,1607,10
644,13530,Pokorný Ivo,1962,M,TJ Sokol Nížkov,KSST Vysočina,RSST Žďár nad Sázavou,1670,1660,10
644,707,Valenta Daniel,1966,M,Orel jednota Paskov,Moravskoslezský SST,OSST Frýdek-Místek,1639,1629,10
644,14578,Šenkapoul Petr,1980,M,"TTC Moravská Slavia Brno, z.s.",KSST Jihomoravský,RSST Brno - město,1947,1937,10
644,7498,Kratochvíl Jaroslav,1957,M,TJ Agrotec Hustopeče z.s.,KSST Jihomoravský,RSST Břeclav,1678,1668,10
644,12884,Dietl Luboš,1973,M,Sportovní klub U Řeky Plzeň,KSST Plzeňský,RSST Plzeň - město,1623,1613,10
644,49845,Kučera Lukáš,1994,M,SKC Zruč nad Sázavou z.s.,Středočeský SST,RSST Kutná Hora,1661,1651,10
644,3431,Adamec Václav,1972,M,Orel jednota Orlice,KSST Pardubický,RSST Ústí nad Orlicí,1676,1666,10
644,38818,Špaček Ondřej,1994,M,"TJ Lokomotiva Česká Lípa, z.s.",KSST Liberecký,RSST Česká Lípa,1646,1636,10
644,25250,Slavík Libor,1975,M,"Tělovýchovná jednota Dvůr Králové n.L.,z.s.",KSST Kralovéhradecký,RSST Trutnov,1766,1756,10
644,28586,Motyčka Jan,1990,M,SKST Hodonín z.s.,KSST Jihomoravský,RSST Hodonín,1847,1837,10
644,50757,Vaněk Josef,1958,M,TJ Žďár nad Sázavou z.s.,KSST Vysočina,RSST Žďár nad Sázavou,1689,1679,10
644,8550,Srnka Jan,1981,M,Tělocvičná jednota Sokol Nusle Praha,Pražský SST,Pražský SST,1632,1622,10
659,59,Mošna Petr,1966,M,TJ Sokol Týnec nad Labem z.s.,Středočeský SST,RSST Kolín,1646,1637,9
659,32650,Král Filip,1992,M,TJ Chropyně,KSST Olomoucký,RSST Přerov,1855,1846,9
659,5006,Pokorný Marcel,1975,M,"Sportovní klub stolního tenisu Liberec, z.s.",KSST Liberecký,RSST Liberec,1830,1821,9
659,43502,Bauer Miroslav,1995,M,TTC Libín Prachatice z.s.,KSST Jihočeský,RSST Prachatice,1798,1789,9
659,41048,Nguyen Ngoc Bach,1990,M,"TJ AVIA Čakovice, z.s.",Pražský SST,Pražský SST,1671,1662,9
659,19440,Švec Jan,1964,M,"TJ Slovan Karlovy Vary, z.s.",KSST Karlovarský,RSST Karlovy Vary,1641,1632,9
659,11784,Daněk Zdeněk ml.,1980,M,Tělocvičná Jednota Sokol Drnovice,KSST Jihomoravský,RSST Vyškov,1801,1792,9
659,32272,Plášek Pavel,1992,M,Stavební fakulta SK Kotlářka El Niňo Praha,Pražský SST,Pražský SST,1778,1769,9
659,11856,Tobola Petr,1972,M,"TTC FRÝDLANT, z.s.",Moravskoslezský SST,OSST Frýdek-Místek,1860,1851,9
659,18722,Bradáč Petr,1976,M,"Tělovýchovná jednota Bižuterie, z.s.",KSST Liberecký,RSST Jablonec nad Nisou,1829,1820,9
659,52597,Coufal Igor,1961,M,T.J. Sokol Šternberk,KSST Olomoucký,RSST Olomouc,1737,1728,9
659,6860,Pros René,1974,M,Table Tennis Club Koral Tišnov z.s.,KSST Jihomoravský,RSST Brno - venkov,1840,1831,9
659,695,Kudela Petr,1972,M,KST Robot Mokré Lazce,Moravskoslezský SST,RSST Opava,1929,1920,9
659,20035,Spousta Jan,1967,M,Tělocvičná jednota Sokol Žebrák,Středočeský SST,RSST Beroun,1617,1608,9
659,6808,Šubíř Pavel,1966,M,Tělocvičná jednota Sokol Bukovice,KSST Kralovéhradecký,RSST Náchod,1616,1607,9
674,25899,Crha Jakub,1989,M,Tělovýchovná jednota Ostrava,Moravskoslezský SST,MěSST Ostrava,2216,2208,8
674,19329,Kozel Stanislav,1948,M,Tělocvičná jednota Sokol Ostrov nad Oslavou,KSST Vysočina,RSST Žďár nad Sázavou,1609,1601,8
674,10564,Kanta František,1971,M,"DTJ Hradec Králové, z.s.",KSST Kralovéhradecký,RSST Hradec Králové,2130,2122,8
674,13032,Pelikán Jan,1955,M,KST Oltec Brno,KSST Jihomoravský,RSST Brno - město,1735,1727,8
674,28140,Kříž Milan ml.,1986,M,TJ Jičín z.s.,KSST Kralovéhradecký,RSST Jičín,1724,1716,8
674,30900,Vohradský Marek,1991,M,"TJ Dobřany, z.s.",KSST Plzeňský,RSST Plzeň - jih,1629,1621,8
674,15662,Ševčíková Veronika,1971,Z,"KST Blansko, z.s.",KSST Jihomoravský,RSST Blansko,1639,1631,8
674,58236,Hájková Nela,1985,Z,Tělocvičná jednota Sokol Líšeň,KSST Jihomoravský,RSST Brno - město,1675,1667,8
674,29800,Just František,1950,M,"TJ Lokomotiva Česká Lípa, z.s.",KSST Liberecký,RSST Česká Lípa,1617,1609,8
674,3152,Fiala Otakar,1987,M,TJ Sokol České Budějovice,KSST Jihočeský,RSST České Budějovice,1799,1791,8
674,15114,Kudýn Vladimír,1956,M,TJ Tesla Pardubice,KSST Pardubický,RSST Pardubice,1660,1652,8
674,6334,Zuzaňák Jiří,1976,M,TJ Sokol Kojetín,KSST Olomoucký,RSST Přerov,1626,1618,8
674,10643,Dalecký Petr,1966,M,TJ Sokol Chrudim,KSST Pardubický,RSST Chrudim,1789,1781,8
674,3755,Randis Vilém,1977,M,"Tělovýchovná jednota Fulnek, z.s.",Moravskoslezský SST,RSST Nový Jičín,1709,1701,8
674,10567,Vaňásek Jiří,1971,M,"TJ AVIA Čakovice, z.s.",Pražský SST,Pražský SST,1872,1864,8
689,15254,Pagáč Zbyněk,1975,M,SSK Komorní Lhotka z.s.,Moravskoslezský SST,OSST Frýdek-Místek,1632,1625,7
689,30107,Mandinec Jan,1991,M,Sportovní klub stolního tenisu Baník Most z. s.,KSST Ústecký,RSST Most,1688,1681,7
689,55451,Pytlík Jiří,1969,M,TJ Loko Pardubice z.s.,KSST Pardubický,RSST Pardubice,1721,1714,7
689,8183,Macháček Radek,1969,M,"Tělovýchovná jednota Union Plzeň, z.s.",KSST Plzeňský,RSST Plzeň - město,1726,1719,7
689,5513,Rákosník Josef,1934,M,TJ Sokol Stěžery,KSST Kralovéhradecký,RSST Hradec Králové,1705,1698,7
689,12077,Matějíček Miloš st.,1947,M,KST Jeseník,KSST Olomoucký,RSST Jeseník,1858,1851,7
689,4316,Starka Pavel,1982,M,"Sportovní klub Jihlava, z.s.",KSST Vysočina,RSST Jihlava,1723,1716,7
689,12526,Zaplatil Radek,1977,M,"Sportovní klub Slatina, z.s.",KSST Jihomoravský,RSST Brno - město,1641,1634,7
689,49707,Keroušová Michaela,1996,Z,SKST Vlašim,Středočeský SST,RSST Benešov,1715,1708,7
689,4170,Hlaváček Tomáš,1979,M,"TTC ELIZZA PRAHA, z.s.",Pražský SST,Pražský SST,1992,1985,7
689,36821,Toula Vladimír,1956,M,"TJ AVIA Čakovice, z.s.",Pražský SST,Pražský SST,1620,1613,7
689,11179,Hron Jiří,1964,M,"Policejní sportovní klub OLYMP Praha, z.s.",Pražský SST,Pražský SST,1701,1694,7
689,45272,Regner Michal,1978,M,"Sportovní klub stolního tenisu Liberec, z.s.",KSST Liberecký,RSST Liberec,1752,1745,7
689,17492,Štantejský Ondřej,1979,M,Tělocvičná jednota Sokol Chrast,KSST Pardubický,RSST Chrudim,1671,1664,7
689,18670,Martinčík Tomáš,1965,M,Tělocvičná jednota Sokol Brno I,KSST Jihomoravský,RSST Brno - město,1708,1701,7
704,10531,Hořejší Radim,1976,M,ST EUROMASTER Kolín,Středočeský SST,RSST Kolín,1891,1885,6
704,4972,Horák Čeněk,1965,M,Jiskra Raspenava z.s.,KSST Liberecký,RSST Liberec,1755,1749,6
704,19686,Kvapil Zdeněk,1964,M,TJ Mokrá-Horákov z.s.,KSST Jihomoravský,RSST Brno - venkov,1640,1634,6
704,11733,Kubeš Dušan,1980,M,"Klub stolního tenisu Dolní Němčí, z.s.",KSST Zlínský,Stolní tenis Uherské Hradiště,1787,1781,6
704,49658,Kraml Václav,1969,M,"TTC ELIZZA PRAHA, z.s.",Pražský SST,Pražský SST,1996,1990,6
704,16555,Jašek Milan,1955,M,SK - SVINOV z.s.,Moravskoslezský SST,MěSST Ostrava,1693,1687,6
704,3582,Rochowanski Pavel,1973,M,"TTC ELIZZA PRAHA, z.s.",Pražský SST,Pražský SST,1864,1858,6
704,5358,Škrleta Luboš,1961,M,"TJ Slavoj Stod, z.s.",KSST Plzeňský,RSST Plzeň - jih,1626,1620,6
704,1507,Kuba Josef,1972,M,Tělocvičná jednota Sokol Michle,Pražský SST,Pražský SST,1776,1770,6
704,16153,Kovář Jakub,1983,M,TJ Sokol Hlubočany,KSST Jihomoravský,RSST Vyškov,1642,1636,6
704,35478,Tomsová Kateřina,1990,Z,Tělocvičná jednota Sokol Nusle Praha,Pražský SST,Pražský SST,1608,1602,6
704,9743,David Jaroslav,1967,M,TJ Sokol Vodňany,KSST Jihočeský,RSST Strakonice,1632,1626,6
704,20314,Havelka Marek,1965,M,Tělocvičná jednota Sokol Příbram,Středočeský SST,RSST Příbram,1643,1637,6
704,16607,Senohrábek Zdeněk,1944,M,KST Jeseník,KSST Olomoucký,RSST Jeseník,1640,1634,6
704,21669,Jarmar Petr,1975,M,"SK Kolšov, z.s.",KSST Olomoucký,RSST Šumperk,1637,1631,6
704,22309,Rychlík Josef,1977,M,TJ Sokol Hluboká nad Vltavou,KSST Jihočeský,RSST České Budějovice,1722,1716,6
720,14767,Solanský Petr,1973,M,"PM Ostrava, z. s.",Moravskoslezský SST,MěSST Ostrava,1665,1660,5
720,6046,Čechovský Martin,1959,M,TJ Slovan Hodonín,KSST Jihomoravský,RSST Hodonín,1725,1720,5
720,39755,Kurel David,1982,M,TJ Sadská o.s.,Středočeský SST,RSST Nymburk,1619,1614,5
720,55877,Zlámal Jaromír,1959,M,SK Přerov,KSST Olomoucký,RSST Přerov,1830,1825,5
720,4754,Laicman Petr,1966,M,Tělocvičná jednota Sokol Brno I,KSST Jihomoravský,RSST Brno - město,1756,1751,5
720,16453,Štůsek Dušan,1957,M,"Oddíl stolního tenisu TTC MG ODRA GAS Vratimov,z.s.",Moravskoslezský SST,MěSST Ostrava,1608,1603,5
720,12304,Lehner Vladimír,1978,M,"Tělovýchovná jednota Kožlany, z.s.",KSST Plzeňský,RSST Plzeň - sever,1812,1807,5
720,60369,Chmelík Jan,1946,M,TJ Sokol Hostěrádky - Rešov,KSST Jihomoravský,RSST Vyškov,1734,1729,5
720,10151,Mokrejš Zbyněk,1975,M,"Tělocvičná jednota Sokol České Meziříčí, z.s.",KSST Kralovéhradecký,RSST Náchod,1708,1703,5
720,3510,Kortus Pavel,1969,M,SK Pedagog ČB,KSST Jihočeský,RSST České Budějovice,1672,1667,5
720,39339,Peterka Ondřej,1994,M,SK Domeček Soběslav z.s.,KSST Jihočeský,RSST Tábor,1712,1707,5
720,46897,Tisoňů Nikola,1978,M,TJ Jičín z.s.,KSST Kralovéhradecký,RSST Jičín,1756,1751,5
720,5461,Vosyka Radek,1978,M,TJ Sklo Bohemia Světlá nad Sázavou,KSST Vysočina,RSST Havlíčkův Brod,1640,1635,5
720,14102,Botková Andrea,1975,Z,TJ Spartak Hluk,KSST Zlínský,Stolní tenis Uherské Hradiště,1711,1706,5
720,1327,Popelář Radim,1967,M,SK Slavoj Pstruží,Moravskoslezský SST,OSST Frýdek-Místek,1664,1659,5
720,43803,Čopian Štefan,1954,M,Table Tennis Club Ústí nad Orlicí z. s.,KSST Pardubický,RSST Ústí nad Orlicí,1791,1786,5
720,17214,Kulhánek Jaroslav,1985,M,"Sportovní klub Slatina, z.s.",KSST Jihomoravský,RSST Brno - město,1621,1616,5
737,34561,Cabák Josef,1949,M,Tělocvičná jednota Sokol Nová Bělá,Moravskoslezský SST,MěSST Ostrava,1745,1741,4
737,45098,Naděje Lukáš,1985,M,TJ Sokol Jablonec nad Jizerou z.s.,KSST Liberecký,RSST Semily,1637,1633,4
737,33408,Klíma Petr,1982,M,Stolní tenis Velké Meziříčí,KSST Vysočina,RSST Žďár nad Sázavou,1637,1633,4
737,22996,Brhel Richard,1965,M,SKST Hodonín z.s.,KSST Jihomoravský,RSST Hodonín,1803,1799,4
737,4514,Melichar Libor,1976,M,TJ Agrotec Hustopeče z.s.,KSST Jihomoravský,RSST Břeclav,1619,1615,4
737,11003,Hübsch Otto,1973,M,"TJ Jiskra Kamenický Šenov, Sokolská 629, z.s.",KSST Liberecký,RSST Česká Lípa,1667,1663,4
737,45696,Foff Miroslav ml.,1994,M,"Tělovýchovná jednota Dvůr Králové n.L.,z.s.",KSST Kralovéhradecký,RSST Trutnov,1706,1702,4
737,19839,Jelínek Zdeněk ml.,1978,M,SKST Dubňany,KSST Jihomoravský,RSST Hodonín,1648,1644,4
737,8396,Maňas Martin,1974,M,TJ Sokol Vracov z.s.,KSST Jihomoravský,RSST Hodonín,1751,1747,4
737,6357,Przeczek Kamil,1980,M,TJ Sokol Ropice,Moravskoslezský SST,OSST Frýdek-Místek,1663,1659,4
737,1238,Hrnčiřík Jan,1977,M,STEN marketing s.r.o.,Pražský SST,Pražský SST,2148,2144,4
737,45982,Tůma Zdeněk,1967,M,Tělocvičná jednota Sokol Horažďovice,KSST Plzeňský,RSST Klatovy,1612,1608,4
737,2108,Šťastný Zdeněk,1964,M,"TJ Sokol Čechovice, z.s.",KSST Olomoucký,RSST Prostějov,1822,1818,4
737,59263,Gaponova Ganna,1985,Z,"Městský sportovní klub Břeclav stolní tenis, pobočný spolek",KSST Jihomoravský,RSST Břeclav,2074,2070,4
737,36498,Pavlík Tibor,1996,M,Tělovýchovná jednota Ostrava,Moravskoslezský SST,MěSST Ostrava,2096,2092,4
737,13892,Cieslar Radek,1967,M,"TJ Třineckých železáren, spolek",Moravskoslezský SST,OSST Frýdek-Místek,1735,1731,4
737,52278,Tůma Pavel,1969,M,"Sportovní klub Slatina, z.s.",KSST Jihomoravský,RSST Brno - město,1686,1682,4
737,22104,Ilčík Ondřej,1988,M,SKST Hodonín z.s.,KSST Jihomoravský,RSST Hodonín,1717,1713,4
737,38693,Dymák Lukáš,1994,M,"TJ Tatran Hostinné, spolek",KSST Kralovéhradecký,RSST Trutnov,1681,1677,4
737,54040,Chromec Tomáš,1988,M,SK Přerov,KSST Olomoucký,RSST Přerov,1628,1624,4
737,14623,Hort Pavel,1968,M,TJ Agrotec Hustopeče z.s.,KSST Jihomoravský,RSST Břeclav,1866,1862,4
737,45744,Nohejl Jaroslav,1961,M,TJ Spartak MAS Sezimovo Ústí z.s.,KSST Jihočeský,RSST Tábor,1619,1615,4
737,4615,Wawrosz Pavel,1970,M,TTC Siko Orlová z.s.,Moravskoslezský SST,RSST Karviná,2016,2012,4
737,14040,Šafařík Jan,1978,M,TJ Agrotec Hustopeče z.s.,KSST Jihomoravský,RSST Břeclav,1623,1619,4
737,540,Kouřil Přemysl,1969,M,TJ Sokol Vracov z.s.,KSST Jihomoravský,RSST Hodonín,1793,1789,4
762,34446,Hrubý Martin,1991,M,TJ Sokol Buk,KSST Olomoucký,RSST Přerov,1611,1608,3
762,24377,Hadrava Josef st.,1950,M,TJ Chmelná z.s.,KSST Vysočina,RSST Pelhřimov,1653,1650,3
762,693,Opřálka Roman,1969,M,SK Slavoj Pstruží,Moravskoslezský SST,OSST Frýdek-Místek,1828,1825,3
762,13956,Kadavý Vladimír,1963,M,Klub stolního tenisu Bohnice z.s.,Pražský SST,Pražský SST,1745,1742,3
762,3677,Havlík Jaroslav ml.,1975,M,Klub stolního tenisu TTC a.s. Preciosa Jablonné v,KSST Liberecký,RSST Liberec,1746,1743,3
762,27665,Herout František,1990,M,SKC Zruč nad Sázavou z.s.,Středočeský SST,RSST Kutná Hora,1866,1863,3
762,55294,Kolář Otakar,1969,M,SK MARTYNA MALOVICE,KSST Jihočeský,RSST Prachatice,1664,1661,3
762,8824,Jakubec Vladimír,1981,M,Tělocvičná jednota Sokol Plzeň V,KSST Plzeňský,RSST Plzeň - město,1861,1858,3
762,1028,Korb Rostislav,1971,M,"TJ Jiskra Březová, z. s.",KSST Karlovarský,RSST Karlovy Vary,1726,1723,3
762,15715,Bucifal Aleš,1970,M,Tělocvičná jednota Sokol Michle,Pražský SST,Pražský SST,1864,1861,3
762,36319,Horák Jaroslav,1949,M,TTC koberce Brázda Vrchlabí,KSST Kralovéhradecký,RSST Trutnov,1635,1632,3
762,9215,Beran Martin,1975,M,TJ Sadská o.s.,Středočeský SST,RSST Nymburk,1659,1656,3
762,41298,Copák František,1995,M,TJ Sokol Bor z.s.,KSST Plzeňský,RSST Tachov,1853,1850,3
762,12084,Kumstát Roman,1974,M,"TJ Sokol Čechovice, z.s.",KSST Olomoucký,RSST Prostějov,1853,1850,3
762,23658,Mejsnar František,1988,M,"Klub mládeže stolního tenisu Liberec, z.s.",KSST Liberecký,RSST Liberec,1787,1784,3
762,55780,Kubátová Hana,1981,Z,"Sportovní klub Frýdlant nad Ostravicí, z.s.",Moravskoslezský SST,OSST Frýdek-Místek,1995,1992,3
778,4961,Hoferik Petr,1978,M,TJ Agrotec Hustopeče z.s.,KSST Jihomoravský,RSST Břeclav,1949,1947,2
778,38841,Franc Štěpán,1995,M,Tělocvičná jednota Sokol Plzeň V,KSST Plzeňský,RSST Plzeň - město,1730,1728,2
778,35776,Koblížek Michal,1992,M,TJ Baník Rtyně v Podkrkonoší z.s.,KSST Kralovéhradecký,RSST Trutnov,1666,1664,2
778,32425,Vítovcová Daniela,1993,Z,"SK Dobré, z.s.",KSST Kralovéhradecký,RSST Rychnov nad Kněžnou,1770,1768,2
778,10417,Kadlček Michal,1979,M,Tělocvičná jednota Sokol Plzeň V,KSST Plzeňský,RSST Plzeň - město,1934,1932,2
778,59130,Bai He,1987,M,KST Robot Mokré Lazce,Moravskoslezský SST,RSST Opava,2446,2444,2
778,42032,Obešlo Josef ml.,1992,M,Tělovýchovná jednota SOKOL KOBYLÍ z.s.,KSST Jihomoravský,RSST Břeclav,1730,1728,2
778,17383,Hrčka Jaroslav,1955,M,SKST Cheb,KSST Karlovarský,RSST Cheb,1788,1786,2
778,6178,Budělovský Petr,1980,M,"TJ Slovan Lochovice, z.s.",Středočeský SST,RSST Beroun,1625,1623,2
778,20063,Kolařík Jan,1979,M,Tělovýchovná jednota Mikulčice,KSST Jihomoravský,RSST Hodonín,1868,1866,2
778,10416,Orlovský Karel,1978,M,"Klub stolního tenisu Dolní Němčí, z.s.",KSST Zlínský,Stolní tenis Uherské Hradiště,1890,1888,2
778,3044,Paroulek Milan,1962,M,Tělocvičná jednota Sokol Libice nad Cidlinou,Středočeský SST,RSST Nymburk,1675,1673,2
778,3876,Cach Jaroslav,1960,M,Tělocvičná jednota Sokol Horní Bělá,KSST Plzeňský,RSST Plzeň - sever,1671,1669,2
778,4056,Lokaj Roman,1965,M,TTC Siko Orlová z.s.,Moravskoslezský SST,RSST Karviná,2054,2052,2
792,58191,Korbel Petr,1971,M,STEN marketing s.r.o.,Pražský SST,Pražský SST,2348,2347,1
792,57147,Sviták Jakub,1983,M,TJ Sokol Lískovec,Moravskoslezský SST,OSST Frýdek-Místek,1871,1870,1
792,40718,Boháč Jan,1994,M,Sportovní klub stolního tenisu Havířov z.s.,Moravskoslezský SST,RSST Karviná,1863,1862,1
792,14770,Solanský Pavel,1973,M,"TTC Ostrava-Poruba, z.s.",Moravskoslezský SST,MěSST Ostrava,1819,1818,1
792,46709,Brázda Adam,1988,M,TTC koberce Brázda Vrchlabí,KSST Kralovéhradecký,RSST Trutnov,1655,1654,1
792,40101,Kárník Tomáš,1989,M,z.s.TTC Klánovice - stolní tenis,Pražský SST,Pražský SST,1654,1653,1
792,58879,Sladovník Daniel,1966,M,SK RTTI Poplatky.com,Pražský SST,Pražský SST,1732,1731,1
792,45930,Opolzer Pavel,1960,M,"SK ZD Pojbuky, z.s.",KSST Jihočeský,RSST Tábor,1675,1674,1
792,15527,Brát Marek,1975,M,TJ Sparta Úpice,KSST Kralovéhradecký,RSST Trutnov,1652,1651,1
792,16609,Sionkala Eduard,1952,M,TTC Siko Orlová z.s.,Moravskoslezský SST,RSST Karviná,1628,1627,1
792,1036,Heřman Jaroslav,1979,M,"TJ Slovan Karlovy Vary, z.s.",KSST Karlovarský,RSST Karlovy Vary,1685,1684,1
792,2672,Jírovec Martin,1960,M,TJ Sokol Stodůlky z.s.,Pražský SST,Pražský SST,1614,1613,1
792,27339,Zítka Patrik,1988,M,"TJ Slovan Moravská Třebová,z.s.",KSST Pardubický,RSST Svitavy,1632,1631,1
792,14764,Danko Petr,1966,M,"TTC Ostrava-Poruba, z.s.",Moravskoslezský SST,MěSST Ostrava,1624,1623,1
792,42373,Merker Martin,1981,M,TJ Slavoj Severotuk Ústí n.L.,KSST Ústecký,RSST Ústí nad Labem,2015,2014,1
792,25946,Nacházel Filip,1980,M,"Tělovýchovná jednota Spartak Pelhřimov, z.s.",KSST Vysočina,RSST Pelhřimov,1750,1749,1
792,39073,Pelcmanová Alexandra,1990,Z,SKST Dubňany,KSST Jihomoravský,RSST Hodonín,1767,1766,1
809,43781,Veselý Petr,1975,M,TJ CHS Chotěboř,KSST Vysočina,RSST Havlíčkův Brod,1666,1666,0
809,34424,Kudrna Jan,1993,M,"TTC ELIZZA PRAHA, z.s.",Pražský SST,Pražský SST,1850,1850,0
809,24369,Krahulec Jiří ml.,1985,M,"TJ ČZ Strakonice , spolek",KSST Jihočeský,RSST Strakonice,1846,1846,0
809,14084,Vašíček Pavel,1970,M,TJ Sokol Vracov z.s.,KSST Jihomoravský,RSST Hodonín,1849,1849,0
809,15647,Čák Pavel,1977,M,"KST Blansko, z.s.",KSST Jihomoravský,RSST Blansko,1849,1849,0
809,35804,Šimáček Milan,1963,M,Klub stolního tenisu Bohnice z.s.,Pražský SST,Pražský SST,1632,1632,0
809,47845,Musil David,1992,M,KST Sokol Znojmo-Orel Únanov,KSST Jihomoravský,RSST Znojmo,1767,1767,0
809,19104,Vojtěch Petr,1960,M,"Tělovýchovná jednota Jiskra Nový Bor, z.s.",KSST Liberecký,RSST Česká Lípa,1668,1668,0
809,14497,Cvrkal Rudolf,1969,M,Table Tennis Club Koral Tišnov z.s.,KSST Jihomoravský,RSST Brno - venkov,1995,1995,0
809,50398,Sklenička Jaroslav,1965,M,T.J. T.T.C. Jemníky okr. Kladno,Středočeský SST,RSST Kladno,1673,1673,0
809,9756,Šimoník David,1984,M,TTC Libín Prachatice z.s.,KSST Jihočeský,RSST Prachatice,1948,1948,0
809,651,Rozporka Bohuslav,1964,M,TJ Trutnov - Poříčí,KSST Kralovéhradecký,RSST Trutnov,1685,1685,0
809,21926,Charamza Ondřej st.,1975,M,TJ Kyje,Pražský SST,Pražský SST,1706,1706,0
809,4611,Zářický Petr,1978,M,"SK Slavia Orlová , z.s.",Moravskoslezský SST,RSST Karviná,1663,1663,0
809,49312,Blažek Martin,1995,M,"TTC Brandýs n.L, spolek",Středočeský SST,RSST Praha - východ,1616,1616,0
809,17280,Zaplatílek Ctibor,1978,M,ST EUROMASTER Kolín,Středočeský SST,RSST Kolín,1800,1800,0
809,28667,Malík Lukáš,1989,M,"TTC Kostelec nad Orlicí, z.s.",KSST Kralovéhradecký,RSST Rychnov nad Kněžnou,1802,1802,0
809,48655,Zaoral David,1975,M,"Tělovýchovná jednota Sokol Slatina, z.s.",Moravskoslezský SST,RSST Nový Jičín,1612,1612,0
809,29428,Doležal Miroslav,1987,M,TTC Siko Orlová z.s.,Moravskoslezský SST,RSST Karviná,1713,1713,0
809,18635,Vajgl Pavel,1976,M,TJ SOKOL Stará Paka z.s.,KSST Kralovéhradecký,RSST Jičín,1819,1819,0
809,22700,Kudýn Petr,1987,M,TJ Tesla Pardubice,KSST Pardubický,RSST Pardubice,1717,1717,0
809,2936,Milek Petr,1978,M,"Tělovýchovná jednota Sokol Tatenice, z.s.",KSST Pardubický,RSST Ústí nad Orlicí,1737,1737,0
809,2120,Maděrka Aleš,1969,M,"TJ Sokol Čechovice, z.s.",KSST Olomoucký,RSST Prostějov,1624,1624,0
809,5213,Hrachová Marie,1963,Z,"Sportovní klub Frýdlant nad Ostravicí, z.s.",Moravskoslezský SST,OSST Frýdek-Místek,1827,1827,0
809,45825,Tomeček Michal,1991,M,TJ Slovan Hodonín,KSST Jihomoravský,RSST Hodonín,1727,1727,0
809,56554,Bultas Miroslav,1965,M,"Tělovýchovná jednota Union Plzeň, z.s.",KSST Plzeňský,RSST Plzeň - město,1982,1982,0
809,48909,Kořínek Jan,1983,M,Sportovní klub stolního tenisu Chodov z. s.,KSST Karlovarský,RSST Sokolov,1746,1746,0
809,51309,Svědík Miroslav,1951,M,"TJ Spartak Chrastava, spolek",KSST Liberecký,RSST Liberec,1682,1682,0
809,8261,Kuře Jiří,1962,M,"Tělovýchovná jednota Sokol Opava- Kateřinky,z.s",Moravskoslezský SST,RSST Opava,1620,1620,0
838,38619,Weichart Martin,1977,M,TJ Slavoj Severotuk Ústí n.L.,KSST Ústecký,RSST Ústí nad Labem,1686,1687,-1
838,21930,Hach Martin,1986,M,TJ Sokol Vodňany,KSST Jihočeský,RSST Strakonice,1727,1728,-1
838,11911,Urban Martin,1976,M,"TJ Sokol Žďárky, z.s.",KSST Kralovéhradecký,RSST Náchod,1618,1619,-1
838,24343,Lánský Jakub,1988,M,"AC Sparta Praha - stolní tenis, z.s.",Pražský SST,Pražský SST,1746,1747,-1
838,41268,Vávra Miroslav,1991,M,TJ Sokol Vracov z.s.,KSST Jihomoravský,RSST Hodonín,1682,1683,-1
838,19291,Pavlovský Lukáš,1986,M,Tělovýchovná jednota Ostrava,Moravskoslezský SST,MěSST Ostrava,2039,2040,-1
838,4921,Volný Marek,1967,M,TJ Sokol Ropice,Moravskoslezský SST,OSST Frýdek-Místek,1628,1629,-1
838,6301,Franěk Tomáš,1975,M,"Tělovýchovná jednota Jiskra Nový Bor, z.s.",KSST Liberecký,RSST Česká Lípa,1757,1758,-1
838,45344,Zajíček Pavel,1965,M,Tělocvičná jednota Sokol Lenešice,KSST Ústecký,RSST Louny,1890,1891,-1
838,587,Tauer Jan,1973,M,"TJ Baník Vamberk, z.s",KSST Kralovéhradecký,RSST Rychnov nad Kněžnou,1712,1713,-1
838,10921,Hauschwitz Pavel,1972,M,TTC koberce Brázda Vrchlabí,KSST Kralovéhradecký,RSST Trutnov,1655,1656,-1
838,14909,Pokorný Petr,1978,M,TJ Sokol Kostelec nad Černými lesy,Středočeský SST,RSST Kolín,1692,1693,-1
838,3562,Birnbaum Erik,1975,M,Klub stolního tenisu Bohnice z.s.,Pražský SST,Pražský SST,1615,1616,-1
838,51637,Chytal Zdeněk,1962,M,TJ Žďár nad Sázavou z.s.,KSST Vysočina,RSST Žďár nad Sázavou,1634,1635,-1
838,15133,Beránek Petr,1970,M,TJ Tesla Pardubice,KSST Pardubický,RSST Pardubice,1656,1657,-1
853,25962,Červík Jaroslav,1989,M,SK Přerov,KSST Olomoucký,RSST Přerov,1942,1944,-2
853,43640,Roháč Pavel,1956,M,"TJ Sokol Hrabůvka, z.s",Moravskoslezský SST,MěSST Ostrava,1608,1610,-2
853,7816,Liberský Karel,1974,M,Tělocvičná jednota Sokol Kutná Hora,Středočeský SST,RSST Kutná Hora,1608,1610,-2
853,11248,Kaucký Petr,1975,M,"SK Kotlářka, z.s.",Pražský SST,Pražský SST,2188,2190,-2
853,45256,Gireth Pavel,1970,M,"Sportovní klub stolního tenisu Liberec, z.s.",KSST Liberecký,RSST Liberec,1873,1875,-2
853,10970,Michal Jiří,1963,M,Tělovýchovná jednota Neratovice z.s.,Středočeský SST,RSST Mělník,1660,1662,-2
853,15233,Přichystal Jiří,1973,M,"TJ Spartak Čelákovice, z.s.",Středočeský SST,RSST Praha - východ,1696,1698,-2
853,3824,Černý Milan,1955,M,"Sportovní klub Jihlava, z.s.",KSST Vysočina,RSST Jihlava,1638,1640,-2
853,35269,Onderka Radek,1973,M,KST Slezan Opava z.s.,Moravskoslezský SST,RSST Opava,1690,1692,-2
853,37499,Kaštánek Petr,1979,M,TTC Libín Prachatice z.s.,KSST Jihočeský,RSST Prachatice,1931,1933,-2
853,50852,Éllö Vivien,1974,Z,"Městský sportovní klub Břeclav stolní tenis, pobočný spolek",KSST Jihomoravský,RSST Břeclav,2084,2086,-2
853,11309,Kočvara Martin,1970,M,"Tělovýchovná jednota Střížkov, z.s.",Pražský SST,Pražský SST,1688,1690,-2
853,46958,Březík Jan,1997,M,"KST Zlín, z.s.",KSST Zlínský,OSST Zlín,1725,1727,-2
853,9138,Merta Tomáš,1966,M,Tělocvičná jednota Sokol Radvanice-Bartovice,Moravskoslezský SST,MěSST Ostrava,1680,1682,-2
853,14087,Nikl Pavel,1967,M,TJ Sokol Vracov z.s.,KSST Jihomoravský,RSST Hodonín,1745,1747,-2
868,3843,Zdražil Zdeněk,1958,M,"SK Telč, z.s.",KSST Vysočina,RSST Jihlava,1778,1781,-3
868,15440,Jurga Petr,1964,M,"TJ Třineckých železáren, spolek",Moravskoslezský SST,OSST Frýdek-Místek,1774,1777,-3
868,15661,Voráč Pavel,1977,M,"KST Blansko, z.s.",KSST Jihomoravský,RSST Blansko,1597,1600,-3
868,3766,Kotrbatý Petr,1968,M,Tělocvičná jednota Sokol Příbram,Středočeský SST,RSST Příbram,1747,1750,-3
868,4513,Kvíčala Josef,1971,M,"KST Blansko, z.s.",KSST Jihomoravský,RSST Blansko,1731,1734,-3
868,18457,Fišr Petr,1982,M,TJ Sokol Vrbno pod Pradědem z.s.,KSST Olomoucký,RSST Bruntál,1627,1630,-3
868,57805,Kubina Jaromír,1966,M,TJ Slovan Hodonín,KSST Jihomoravský,RSST Hodonín,1765,1768,-3
868,4927,Gregořica Radek,1972,M,KST SK US Steinerová Choceň,KSST Pardubický,RSST Ústí nad Orlicí,1999,2002,-3
868,32847,Urban Oto,1987,M,"Tělovýchovná jednota Střížkov, z.s.",Pražský SST,Pražský SST,1736,1739,-3
868,5459,Bříza Josef ml.,1977,M,TJ Sklo Bohemia Světlá nad Sázavou,KSST Vysočina,RSST Havlíčkův Brod,1696,1699,-3
868,28150,Rachunek Martin,1997,M,TJ Sokol Vracov z.s.,KSST Jihomoravský,RSST Hodonín,1602,1605,-3
868,2708,Piroutek Květoslav,1957,M,TJ Lokomotiva Nymburk z.s.,Středočeský SST,RSST Nymburk,1637,1640,-3
868,3359,Kumstát Martin,1976,M,TJ Sokol Ondratice z.s.,KSST Olomoucký,RSST Prostějov,1716,1719,-3
881,35721,Gavlas Antonín ml.,1985,M,Stavební fakulta SK Kotlářka El Niňo Praha,Pražský SST,Pražský SST,2363,2367,-4
881,3139,Hanák Petr,1981,M,TJ Sokol Moravské Prusy,KSST Jihomoravský,RSST Vyškov,1660,1664,-4
881,16426,Veselský Oldřich,1957,M,TJ Žďár nad Sázavou z.s.,KSST Vysočina,RSST Žďár nad Sázavou,1642,1646,-4
881,18922,Bauer Jan st.,1969,M,TTC Libín Prachatice z.s.,KSST Jihočeský,RSST Prachatice,1605,1609,-4
881,45236,Dušátko Jiří,1973,M,Lokodepo Liberec z.s.,KSST Liberecký,RSST Liberec,1640,1644,-4
881,14557,Babáková Radka,1972,Z,Tělocvičná jednota Sokol Líšeň,KSST Jihomoravský,RSST Brno - město,1658,1662,-4
881,12187,Hekerle Tomáš,1967,M,"Tělovýchovná jednota Jiskra Nový Bor, z.s.",KSST Liberecký,RSST Česká Lípa,1610,1614,-4
881,8109,Vlček Dalibor,1976,M,Tělocvičná jednota Sokol Moravské Knínice,KSST Jihomoravský,RSST Brno - venkov,1601,1605,-4
881,19656,Zlámal Jaromír,1987,M,TJ Slavoj Severotuk Ústí n.L.,KSST Ústecký,RSST Ústí nad Labem,2113,2117,-4
881,13160,Poledne Jan,1985,M,"TTC ELIZZA PRAHA, z.s.",Pražský SST,Pražský SST,1656,1660,-4
881,17442,Kocura Jiří,1963,M,"TJ TATRAN SEDLČANY, z.s.",Středočeský SST,RSST Příbram,1854,1858,-4
881,11739,Bartoš Miroslav,1972,M,"Klub stolního tenisu Dolní Němčí, z.s.",KSST Zlínský,Stolní tenis Uherské Hradiště,1662,1666,-4
881,39072,Pelcmanová Ivana,1992,Z,"SK Dobré, z.s.",KSST Kralovéhradecký,RSST Rychnov nad Kněžnou,1902,1906,-4
881,34521,Bíza Petr,1995,M,"TTC Moravská Slavia Brno, z.s.",KSST Jihomoravský,RSST Brno - město,1977,1981,-4
881,5305,Křepela Radim,1974,M,"Stolně-tenisový klub Zbraslavec, z.s.",KSST Jihomoravský,RSST Blansko,1738,1742,-4
881,43297,Janík Michal st.,1980,M,TJ Sokol Ondratice z.s.,KSST Olomoucký,RSST Prostějov,1630,1634,-4
881,51474,Kutil Libor,1998,M,"KST Blansko, z.s.",KSST Jihomoravský,RSST Blansko,1673,1677,-4
881,14916,Neuwirth Jaroslav,1974,M,"KST Brušperk, z.s.",Moravskoslezský SST,OSST Frýdek-Místek,1744,1748,-4
881,7873,Darmovzal Zdeněk,1980,M,"Tělovýchovná jednota Sokol Lanžhot, z.s.",KSST Jihomoravský,RSST Břeclav,1791,1795,-4
881,9816,Ondra David,1970,M,TJ Sokol Vrbno pod Pradědem z.s.,KSST Olomoucký,RSST Bruntál,1635,1639,-4
881,33659,Bauer Horst,1975,M,Tělocvičná jednota Sokol Příbram,Středočeský SST,RSST Příbram,1757,1761,-4
881,8942,Ivánek Svatomír,1958,M,SK Slavoj Pstruží,Moravskoslezský SST,OSST Frýdek-Místek,1635,1639,-4
903,14359,Jírek Jan,1975,M,TJ Žďár nad Sázavou z.s.,KSST Vysočina,RSST Žďár nad Sázavou,1814,1819,-5
903,51252,Musil Ondřej,1975,M,Tělocvičná jednota Sokol Brno I,KSST Jihomoravský,RSST Brno - město,1642,1647,-5
903,42759,Fencl Pavel,1994,M,Tělocvičná jednota Sokol Lenešice,KSST Ústecký,RSST Louny,1660,1665,-5
903,45640,Sobotka Ivoš,1972,M,"TJ SOKOL Polnička, z.s.",KSST Vysočina,RSST Žďár nad Sázavou,1654,1659,-5
903,21262,Havlík Tomáš,1986,M,"TTC ELIZZA PRAHA, z.s.",Pražský SST,Pražský SST,2133,2138,-5
903,11684,Pilný Jiří,1976,M,TJ Sokol Chlumec nad Cidlinou,KSST Kralovéhradecký,RSST Jičín,1603,1608,-5
903,16511,Sviták Aleš,1946,M,TJ Sokol Lískovec,Moravskoslezský SST,OSST Frýdek-Místek,1653,1658,-5
903,28336,Blažek Jan,1989,M,Tělocvičná jednota Sokol Mnichovo Hradiště,Středočeský SST,RSST Mladá Boleslav,1769,1774,-5
903,461,Hejč Antonín st.,1963,M,Sportovní klub stolního tenisu Baník Most z. s.,KSST Ústecký,RSST Most,1616,1621,-5
903,19779,Klečka Jiří,1948,M,TJ Sokol České Budějovice,KSST Jihočeský,RSST České Budějovice,1598,1603,-5
903,1407,Navrátil Václav,1966,M,TJ Sokol Hlubočany,KSST Jihomoravský,RSST Vyškov,1700,1705,-5
903,33095,Sojka Lukáš,1992,M,Stavební fakulta SK Kotlářka El Niňo Praha,Pražský SST,Pražský SST,1862,1867,-5
903,22221,Mocek Milan,1987,M,Tělovýchovná jednota SOKOL KOBYLÍ z.s.,KSST Jihomoravský,RSST Břeclav,1686,1691,-5
903,12215,Javorský Daniel,1977,M,Klub stolního tenisu Klatovy z.s.,KSST Plzeňský,RSST Klatovy,1731,1736,-5
903,49098,Kutil Jan,1964,M,TJ Kyje,Pražský SST,Pražský SST,1682,1687,-5
903,768,Kačaba Vojtěch,1981,M,Tělocvičná jednota Sokol Nusle Praha,Pražský SST,Pražský SST,1674,1679,-5
903,31851,Gaydoš Vít,1990,M,"AC Sparta Praha - stolní tenis, z.s.",Pražský SST,Pražský SST,1749,1754,-5
903,18858,Paraskevopulos Andreas,1957,M,KST Jeseník,KSST Olomoucký,RSST Jeseník,1736,1741,-5
903,16037,Malinský Tomáš,1982,M,KST Linea Chrudim,KSST Pardubický,RSST Chrudim,1735,1740,-5
903,3335,Kalabis Petr,1971,M,"TJ Sokol Čechovice, z.s.",KSST Olomoucký,RSST Prostějov,1745,1750,-5
903,16678,Koždoň Marian,1972,M,"TJ Třineckých železáren, spolek",Moravskoslezský SST,OSST Frýdek-Místek,1842,1847,-5
903,50080,Žáček Josef,1970,M,Tělocvičná jednota Sokol Roztoky u Prahy,Středočeský SST,RSST Praha - západ,1647,1652,-5
903,251,Zatřepálek Pavel,1968,M,"TTC Brandýs n.L, spolek",Středočeský SST,RSST Praha - východ,1702,1707,-5
926,40280,Matuška Dominik,1994,M,Sportovní klub stolního tenisu Baník Most z. s.,KSST Ústecký,RSST Most,1745,1751,-6
926,11586,Burda Milan,1964,M,Sportovní klub  Rakov,KSST Olomoucký,RSST Přerov,1627,1633,-6
926,39173,Filípek Ondřej,1987,M,"Oddíl stolního tenisu TTC MG ODRA GAS Vratimov,z.s.",Moravskoslezský SST,MěSST Ostrava,1748,1754,-6
926,45536,Charamza Ondřej ml.,1997,M,"TJ AVIA Čakovice, z.s.",Pražský SST,Pražský SST,1627,1633,-6
926,21194,Kuběna Aleš,1978,M,SSK Komorní Lhotka z.s.,Moravskoslezský SST,OSST Frýdek-Místek,1624,1630,-6
926,32504,Jaroš Antonín,1986,M,Tělocvičná jednota Sokol Příbram,Středočeský SST,RSST Příbram,1757,1763,-6
926,20141,Novotný Milan,1960,M,TJ Sparta Úpice,KSST Kralovéhradecký,RSST Trutnov,1663,1669,-6
926,35365,Daniel Pavel,1978,M,SK Toužim,KSST Karlovarský,RSST Karlovy Vary,1612,1618,-6
926,1608,Ludvík Roman,1974,M,"Sportovní klub Jiskra Domažlice, z. s.",KSST Plzeňský,RSST Domažlice,1607,1613,-6
926,7329,Pleskač Jan,1980,M,TJ Sokol PP Hradec Králové 2,KSST Kralovéhradecký,RSST Hradec Králové,1658,1664,-6
926,31500,Kulíšek Marek,1990,M,"TJ Aero Odolena Voda, z.s.",Středočeský SST,RSST Praha - východ,1637,1643,-6
926,16313,Buchal Dušan,1967,M,TJ Jiskra Heřmanův Městec z.s.,KSST Pardubický,RSST Chrudim,1686,1692,-6
926,40127,Seibert Karel,1972,M,TJ Slavoj Severotuk Ústí n.L.,KSST Ústecký,RSST Ústí nad Labem,1729,1735,-6
939,7013,Vitula Josef,1974,M,Table Tennis Club Koral Tišnov z.s.,KSST Jihomoravský,RSST Brno - venkov,1704,1711,-7
939,27013,Grufík Kamil,1989,M,SKST Dubňany,KSST Jihomoravský,RSST Hodonín,1649,1656,-7
939,35994,Šťavík Ondřej,1982,M,Tělovýchovná jednota SOKOL KOBYLÍ z.s.,KSST Jihomoravský,RSST Břeclav,1651,1658,-7
939,13964,Drvota Miroslav,1963,M,TJ Loko Pardubice z.s.,KSST Pardubický,RSST Pardubice,1762,1769,-7
939,8683,Blatný Jaroslav,1954,M,KST Robot Mokré Lazce,Moravskoslezský SST,RSST Opava,1731,1738,-7
939,6303,Neumann Karel,1976,M,"TJ Slovan Karviná-Lázně Darkov, z.s.",Moravskoslezský SST,RSST Karviná,1714,1721,-7
939,43644,Chlad Petr,1996,M,"TJ Sokol Hrabůvka, z.s",Moravskoslezský SST,MěSST Ostrava,1610,1617,-7
939,4785,Lamr Martin,1981,M,"DTJ Hradec Králové, z.s.",KSST Kralovéhradecký,RSST Hradec Králové,1798,1805,-7
939,12389,Vich Pavel,1948,M,TJ Kyje,Pražský SST,Pražský SST,1630,1637,-7
939,3548,Zika Ondřej,1973,M,"TTC Kladno, z.s.",Středočeský SST,RSST Kladno,1762,1769,-7
939,14952,Kodym Tomáš,1985,M,TJ Sokol Stěžery,KSST Kralovéhradecký,RSST Hradec Králové,1672,1679,-7
939,23195,Protiva Lukáš,1989,M,TJ Nýřany z.s.,KSST Plzeňský,RSST Plzeň - sever,1681,1688,-7
939,11923,Pořízek Josef,1952,M,TJ Sokol Němčice nad Hanou,KSST Olomoucký,RSST Prostějov,1742,1749,-7
939,46293,Vyskočil Petr,1972,M,TJ Sokol Železnice z.s.,KSST Kralovéhradecký,RSST Jičín,1732,1739,-7
939,52823,Charitonov Vitalij,1980,M,Tělocvičná jednota Sokol Brno I,KSST Jihomoravský,RSST Brno - město,1750,1757,-7
954,6767,Dolegovský Patrik,1980,M,"KST Brušperk, z.s.",Moravskoslezský SST,OSST Frýdek-Místek,1697,1705,-8
954,58878,Kafuněk David,1971,M,SK RTTI Poplatky.com,Pražský SST,Pražský SST,1627,1635,-8
954,5909,Kocián Petr,1971,M,"TJ Slezan Frýdek-Místek, z.s.",Moravskoslezský SST,OSST Frýdek-Místek,1630,1638,-8
954,34946,Šimek Marek,1991,M,TTC Libín Prachatice z.s.,KSST Jihočeský,RSST Prachatice,1762,1770,-8
954,25113,Hojgr Jan,1990,M,TJ Sokol Němčice nad Hanou,KSST Olomoucký,RSST Prostějov,1745,1753,-8
954,13949,Novotný Luboš,1979,M,TJ Tesla Pardubice,KSST Pardubický,RSST Pardubice,1609,1617,-8
954,32099,Lebeda Michal ml.,1993,M,TJ Sokol PP Hradec Králové 2,KSST Kralovéhradecký,RSST Hradec Králové,1942,1950,-8
954,12109,Studecký Lubor,1956,M,"Tělovýchovná jednota Jiskra Nový Bor, z.s.",KSST Liberecký,RSST Česká Lípa,1617,1625,-8
954,52602,Kovačik Jakub,1992,M,T.J.  Sokol Olomouc Neředín z.s.,KSST Olomoucký,RSST Olomouc,1721,1729,-8
954,41018,Podrazil Vítězslav,1995,M,Tělovýchovná jednota Mikulčice,KSST Jihomoravský,RSST Hodonín,1726,1734,-8
954,14935,Pavlištík Břetislav,1964,M,Tělocvičná jednota Sokol Příbor,Moravskoslezský SST,RSST Nový Jičín,1660,1668,-8
954,25945,Rosenkranz Egon,1976,M,"Tělovýchovná jednota Spartak Pelhřimov, z.s.",KSST Vysočina,RSST Pelhřimov,1645,1653,-8
954,51919,Sitak Andriy,1986,M,TJ Sokol PP Hradec Králové 2,KSST Kralovéhradecký,RSST Hradec Králové,2174,2182,-8
954,2093,Hojková Tereza,1984,Z,"SKST Děčín, z.s.",KSST Ústecký,RSST Dečín,1609,1617,-8
954,25108,Lžičař Martin,1985,M,TJ Slavoj Severotuk Ústí n.L.,KSST Ústecký,RSST Ústí nad Labem,1765,1773,-8
969,12880,Řepík Jaroslav,1977,M,Sportovní klub OAZA Praha,Pražský SST,Pražský SST,1621,1630,-9
969,3364,Stužka Petr,1977,M,TJ OP Prostějov,KSST Olomoucký,RSST Prostějov,1833,1842,-9
969,39485,Pavlíček Ondřej,1979,M,"TTC Kladno, z.s.",Středočeský SST,RSST Kladno,1748,1757,-9
969,42227,Hošková Denisa,1996,Z,"TJ Slavoj Praha, spolek",Pražský SST,Pražský SST,1630,1639,-9
969,5464,Vosyka Ladislav,1977,M,TJ Sklo Bohemia Světlá nad Sázavou,KSST Vysočina,RSST Havlíčkův Brod,1757,1766,-9
969,28008,Kuchař Jan,1989,M,"AC Sparta Praha - stolní tenis, z.s.",Pražský SST,Pražský SST,1892,1901,-9
969,33481,Ryšavý Michal,1992,M,"Sportovní klub Slatina, z.s.",KSST Jihomoravský,RSST Brno - město,1927,1936,-9
969,30330,Fábo Ján,1980,M,"TTC Moravská Slavia Brno, z.s.",KSST Jihomoravský,RSST Brno - město,1855,1864,-9
969,27886,Adam Ondřej,1978,M,TJ CHS Chotěboř,KSST Vysočina,RSST Havlíčkův Brod,1616,1625,-9
969,39548,Coufal Ondřej,1991,M,T.J. Sokol Šternberk,KSST Olomoucký,RSST Olomouc,1626,1635,-9
969,16097,Konečná Aneta,1985,Z,"SK Dobré, z.s.",KSST Kralovéhradecký,RSST Rychnov nad Kněžnou,1843,1852,-9
969,53628,Dorazil Václav,1985,M,TJ Sokol Buk,KSST Olomoucký,RSST Přerov,1597,1606,-9
969,33528,Beniš Ondřej,1990,M,Tělocvičná jednota Sokol Mnichovo Hradiště,Středočeský SST,RSST Mladá Boleslav,1603,1612,-9
969,4613,Musil Milan,1960,M,TTC Siko Orlová z.s.,Moravskoslezský SST,RSST Karviná,1664,1673,-9
969,15705,Majer Zbyněk,1975,M,"TJ ČZ Strakonice , spolek",KSST Jihočeský,RSST Strakonice,1701,1710,-9
984,19720,Šajner Lubomír,1980,M,TJ SOKOL Stará Paka z.s.,KSST Kralovéhradecký,RSST Jičín,1754,1764,-10
984,41227,Makoň Zdeněk,1996,M,TJ Nýřany z.s.,KSST Plzeňský,RSST Plzeň - sever,1703,1713,-10
984,48917,Zápotočný Stanislav,1984,M,"Tělovýchovná jednota Spartak Pelhřimov, z.s.",KSST Vysočina,RSST Pelhřimov,1594,1604,-10
984,56623,Galetka Tomáš,1972,M,TJ Krnov,KSST Olomoucký,RSST Bruntál,1593,1603,-10
984,16778,Slováček Libor,1969,M,KST Vsetín,KSST Zlínský,RSST Vsetín,1839,1849,-10
984,4004,Schwab Richard,1974,M,"TJ Tatran Hostinné, spolek",KSST Kralovéhradecký,RSST Trutnov,1975,1985,-10
984,29095,Demek Tomáš,1965,M,TJ Sokol PP Hradec Králové 2,KSST Kralovéhradecký,RSST Hradec Králové,2163,2173,-10
984,12754,Šustek Pavel,1979,M,"TJ ODRY, z.s.",Moravskoslezský SST,RSST Nový Jičín,1701,1711,-10
984,16751,Niedoba Roman,1967,M,Tělovýchovná jednota Slavoj Český Těšín z.s.,Moravskoslezský SST,RSST Karviná,1707,1717,-10
984,38958,Havlíček Tomáš,1992,M,"TTC Kladno, z.s.",Středočeský SST,RSST Kladno,1846,1856,-10
984,11499,Beránek Václav ml.,1983,M,"AC Sparta Praha - stolní tenis, z.s.",Pražský SST,Pražský SST,1604,1614,-10
984,44564,Kašpar Tomáš,1977,M,"Tělovýchovná jednota Sokol Opava- Kateřinky,z.s",Moravskoslezský SST,RSST Opava,1663,1673,-10
984,227,Šťastný Vladislav,1964,M,"TJ Auto Škoda Mladá Boleslav, z.s.",Středočeský SST,RSST Mladá Boleslav,1723,1733,-10
984,8564,Plch Jiří,1948,M,Tělocvičná jednota Sokol Nusle Praha,Pražský SST,Pražský SST,1718,1728,-10
984,44466,Schwan Jaroslav,1952,M,KST Slezan Opava z.s.,Moravskoslezský SST,RSST Opava,1686,1696,-10
984,9414,Luňáček Jiří,1975,M,"Table Tennis Club Šumperk, z.s.",KSST Olomoucký,RSST Šumperk,1618,1628,-10
984,4958,Kvapil Oldřich st.,1977,M,"TJ Sokol Čechovice, z.s.",KSST Olomoucký,RSST Prostějov,1917,1927,-10
984,38933,Jakubcová Blanka,1994,Z,SVS Hradec Králové,KSST Kralovéhradecký,RSST Hradec Králové,1651,1661,-10
984,7520,Fexa Martin,1977,M,z.s.TTC Klánovice - stolní tenis,Pražský SST,Pražský SST,1624,1634,-10
984,31883,Mikulášek Jan,1991,M,"TTC Moravská Slavia Brno, z.s.",KSST Jihomoravský,RSST Brno - město,1749,1759,-10
984,6177,Šmejkal Radek,1981,M,"TJ Slovan Lochovice, z.s.",Středočeský SST,RSST Beroun,1781,1791,-10
1005,33486,Grofová Karin,1994,Z,"Sportovní klub Frýdlant nad Ostravicí, z.s.",Moravskoslezský SST,OSST Frýdek-Místek,1940,1951,-11
1005,41832,Fabián Tomáš,1989,M,Orel jednota Ostrava - Stará Bělá,Moravskoslezský SST,MěSST Ostrava,1755,1766,-11
1005,2465,Medek Josef,1976,M,"Sportovní klub stolního tenisu Liberec, z.s.",KSST Liberecký,RSST Liberec,2054,2065,-11
1005,14583,Babák Petr,1970,M,TJ Holásky,KSST Jihomoravský,RSST Brno - město,1859,1870,-11
1005,55341,Harazim Zdeněk,1967,M,"TTC Bolatice, z.s.",Moravskoslezský SST,RSST Opava,1824,1835,-11
1005,44411,Štarman Emil,1957,M,Tělocvičná jednota Sokol Česká Třebová,KSST Pardubický,RSST Ústí nad Orlicí,1617,1628,-11
1005,44536,Kružberský Lumír,1970,M,"Tělovýchovná jednota Sokol Děhylov, z.s.",Moravskoslezský SST,RSST Opava,1704,1715,-11
1005,44713,Zajíc Josef,1953,M,BSK Malenovice,Moravskoslezský SST,OSST Frýdek-Místek,1746,1757,-11
1005,49708,Stará Kateřina,1996,Z,SKST Vlašim,Středočeský SST,RSST Benešov,1677,1688,-11
1014,12665,Topić Jan,1976,M,"PM Ostrava, z. s.",Moravskoslezský SST,MěSST Ostrava,1682,1694,-12
1014,32782,Hodas Michal,1992,M,Table Tennis Club Ústí nad Orlicí z. s.,KSST Pardubický,RSST Ústí nad Orlicí,1626,1638,-12
1014,4175,Duchoslav Petr,1977,M,"TJ Stadion Žižkov DDM Praha 3 - Ulita, z.s.",Pražský SST,Pražský SST,1591,1603,-12
1014,45118,Koťátko Luboš,1971,M,"Tělovýchovná jednota Bižuterie, z.s.",KSST Liberecký,RSST Jablonec nad Nisou,1675,1687,-12
1014,51168,Černý Radek,1975,M,TTC  Hlinsko,KSST Pardubický,RSST Chrudim,1748,1760,-12
1014,333,Možíš Karel,1996,M,SKST Hodonín z.s.,KSST Jihomoravský,RSST Hodonín,1754,1766,-12
1014,43313,Vlach Martin,1998,M,TJ Sokol Němčice nad Hanou,KSST Olomoucký,RSST Prostějov,1664,1676,-12
1014,33860,Svoboda Zdeněk,1990,M,Tělocvičná jednota Sokol Jemnice,KSST Vysočina,RSST Třebíč,1607,1619,-12
1014,49412,Trajhan Miroslav,1985,M,"TJ Auto Škoda Mladá Boleslav, z.s.",Středočeský SST,RSST Mladá Boleslav,1823,1835,-12
1014,48615,Merenda Ladislav,1968,M,Asociace sportovních klubů Tatra Kopřivnice,Moravskoslezský SST,RSST Nový Jičín,1730,1742,-12
1014,26039,Zelcová Hana,1989,Z,"TJ ODRY, z.s.",Moravskoslezský SST,RSST Nový Jičín,1634,1646,-12
1014,15176,Zahradník Radek,1977,M,Lokodepo Liberec z.s.,KSST Liberecký,RSST Liberec,1736,1748,-12
1014,15927,Mikulíček Vladimír,1968,M,TTC Siko Orlová z.s.,Moravskoslezský SST,RSST Karviná,1653,1665,-12
1014,36138,Fiala Ondřej,1991,M,Tělocvičná jednota Sokol Studená I.,KSST Jihočeský,RSST Jindřichův Hradec,1712,1724,-12
1014,28549,Čížek Jiří,1988,M,"TJ Auto Škoda Mladá Boleslav, z.s.",Středočeský SST,RSST Mladá Boleslav,1942,1954,-12
1029,14510,Musiol Kamil,1971,M,"TTC Bolatice, z.s.",Moravskoslezský SST,RSST Opava,1602,1615,-13
1029,12320,Štěpanek Martin,1972,M,TJ Krnov,KSST Olomoucký,RSST Bruntál,1691,1704,-13
1029,2154,Čech Pavel,1968,M,"Klub stolního tenisu Rakovník, z.s.",Středočeský SST,RSST Rakovník,1686,1699,-13
1029,21763,Hitzger Pavel,1979,M,"HB Ostrov , z.s.",KSST Vysočina,RSST Havlíčkův Brod,1666,1679,-13
1029,8836,Kmoch Ladislav,1959,M,Tělocvičná jednota Sokol Plzeň V,KSST Plzeňský,RSST Plzeň - město,1655,1668,-13
1029,7969,Blažek Zdeněk,1976,M,Tělocvičná jednota Sokol Studená I.,KSST Jihočeský,RSST Jindřichův Hradec,1690,1703,-13
1029,3037,Vilímek Miroslav,1968,M,"TJ Auto Škoda Mladá Boleslav, z.s.",Středočeský SST,RSST Mladá Boleslav,1932,1945,-13
1029,31674,Duchoň Antonín,1974,M,"Tělovýchovná jednota Union Plzeň, z.s.",KSST Plzeňský,RSST Plzeň - město,1741,1754,-13
1029,3294,Kratochvíl Roman,1954,M,"KST NOVÝ JIČÍN, z.s.",Moravskoslezský SST,RSST Nový Jičín,1624,1637,-13
1029,16638,Šimek Pavel,1948,M,KST Jeseník,KSST Olomoucký,RSST Jeseník,1702,1715,-13
1029,1700,Vítková Hana,1984,Z,"TTC ELIZZA PRAHA, z.s.",Pražský SST,Pražský SST,1588,1601,-13
1029,45817,Lebl Ondřej,1990,M,Stavební fakulta SK Kotlářka El Niňo Praha,Pražský SST,Pražský SST,1605,1618,-13
1029,26973,Valčík Roman,1985,M,TJ Baník Rtyně v Podkrkonoší z.s.,KSST Kralovéhradecký,RSST Trutnov,1719,1732,-13
1042,38810,Mazura David,1996,M,"Tělovýchovná jednota Union Plzeň, z.s.",KSST Plzeňský,RSST Plzeň - město,1702,1716,-14
1042,25741,Vraštil Lukáš,1986,M,"KST Holice, z.s.",KSST Pardubický,RSST Pardubice,1604,1618,-14
1042,2539,Pospíšil Milan,1954,M,"Tělovýchovná jednota Lokomotiva Vršovice, z.s.",Pražský SST,Pražský SST,1803,1817,-14
1042,49518,Faktor Radovan,1977,M,"TJ TATRAN SEDLČANY, z.s.",Středočeský SST,RSST Příbram,1894,1908,-14
1042,17788,Čada Zdeněk,1967,M,SK Nevid,KSST Plzeňský,RSST Rokycany,1615,1629,-14
1042,35513,Merta Marek,1992,M,Tělocvičná jednota Sokol Klimkovice,Moravskoslezský SST,MěSST Ostrava,1599,1613,-14
1042,31714,Swaczyna Radek,1988,M,"SK Slavia Orlová , z.s.",Moravskoslezský SST,RSST Karviná,1647,1661,-14
1042,40816,Tuček Adam,1991,M,TJ Trutnov - Poříčí,KSST Kralovéhradecký,RSST Trutnov,1674,1688,-14
1042,58346,Vondráková Markéta,1980,Z,Tělocvičná jednota Sokol Nusle Praha,Pražský SST,Pražský SST,1744,1758,-14
1042,47351,Souček Martin,1986,M,"DTJ Hradec Králové, z.s.",KSST Kralovéhradecký,RSST Hradec Králové,1979,1993,-14
1052,26557,Martinák Lukáš,1982,M,SK - SVINOV z.s.,Moravskoslezský SST,MěSST Ostrava,1632,1647,-15
1052,15854,Janda Jan,1971,M,SK Pedagog ČB,KSST Jihočeský,RSST České Budějovice,1875,1890,-15
1052,21601,Chlapek Josef,1961,M,Tělocvičná jednota Sokol Záblatí,Moravskoslezský SST,RSST Karviná,1635,1650,-15
1052,46812,Martinek Milan,1963,M,TTC Nové Město nad Metují z.s.,KSST Kralovéhradecký,RSST Náchod,1719,1734,-15
1052,13919,Uhlíř Marek,1965,M,"Tělovýchovná jednota Union Plzeň, z.s.",KSST Plzeňský,RSST Plzeň - město,1685,1700,-15
1052,23214,Vrtal Oldřich,1958,M,"TTC FRÝDLANT, z.s.",Moravskoslezský SST,OSST Frýdek-Místek,1785,1800,-15
1052,14629,Čepelka Jan,1975,M,TJ Sokol PP Hradec Králové 2,KSST Kralovéhradecký,RSST Hradec Králové,1732,1747,-15
1052,23103,Zaunmüller Milan,1987,M,TTC Libín Prachatice z.s.,KSST Jihočeský,RSST Prachatice,2015,2030,-15
1052,51825,Bouška Jiří,1948,M,"Stolní tenis club Slaný, z.s.",Středočeský SST,RSST Kladno,1590,1605,-15
1052,22977,Železný Ladislav,1987,M,Orel jednota Silůvky,KSST Jihomoravský,RSST Brno - venkov,1651,1666,-15
1052,41833,Medvecký Ján,1978,M,SKST Hodonín z.s.,KSST Jihomoravský,RSST Hodonín,1967,1982,-15
1052,49323,Cafourek Tomáš,1986,M,"TJ Šanov, z.s.",Středočeský SST,RSST Rakovník,1750,1765,-15
1052,18080,Inderský Lukáš,1976,M,"TJ MSV STUDÉNKA, z.s.",Moravskoslezský SST,RSST Nový Jičín,1818,1833,-15
1052,25728,Jelínek Michal,1986,M,"KST Holice, z.s.",KSST Pardubický,RSST Pardubice,1862,1877,-15
1052,14731,Stuchlý Rostislav,1958,M,"TableTenis Club Mohelnice, z.s.",KSST Olomoucký,RSST Šumperk,1823,1838,-15
1052,16960,Hovorka Pavel,1969,M,"Tělovýchovná jednota Spartak Pelhřimov, z.s.",KSST Vysočina,RSST Pelhřimov,1848,1863,-15
1052,5930,Škola David,1977,M,"TJ Slezan Frýdek-Místek, z.s.",Moravskoslezský SST,OSST Frýdek-Místek,1721,1736,-15
1052,5485,Gräf Miloš,1972,M,"TTC Brandýs n.L, spolek",Středočeský SST,RSST Praha - východ,1689,1704,-15
1070,56798,Černý Jaroslav,1974,M,TJ Slavoj Severotuk Ústí n.L.,KSST Ústecký,RSST Ústí nad Labem,1763,1779,-16
1070,42055,Hubinger Lukáš,1989,M,Tělocvičná jednota Sokol Hudlice,Středočeský SST,RSST Beroun,1629,1645,-16
1070,29817,Roch Tomáš,1985,M,"TJ Slavoj Stod, z.s.",KSST Plzeňský,RSST Plzeň - jih,1741,1757,-16
1070,29805,Wallik Lukáš,1989,M,KST Slezan Opava z.s.,Moravskoslezský SST,RSST Opava,1838,1854,-16
1070,39608,Sassmann Jakub,1992,M,TJ Sokol Hluboká nad Vltavou,KSST Jihočeský,RSST České Budějovice,1642,1658,-16
1070,34546,Bíma Miroslav,1991,M,Klub stolního tenisu Jirkov z.s.,KSST Ústecký,RSST Chomutov,1691,1707,-16
1070,8799,Havlíček Stanislav,1963,M,Tělocvičná jednota Sokol Plzeň V,KSST Plzeňský,RSST Plzeň - město,1613,1629,-16
1070,4269,Šulc Daniel,1974,M,TJ Slavoj Severotuk Ústí n.L.,KSST Ústecký,RSST Ústí nad Labem,1781,1797,-16
1078,8480,Radnicová Lenka,1979,Z,Tělocvičná jednota Sokol Nusle Praha,Pražský SST,Pražský SST,1846,1863,-17
1078,11456,Janoušek Přemek,1976,M,TJ Agrotec Hustopeče z.s.,KSST Jihomoravský,RSST Břeclav,2015,2032,-17
1078,19922,Budinský Petr,1961,M,KST Linea Chrudim,KSST Pardubický,RSST Chrudim,1644,1661,-17
1078,13644,Žvátora Miroslav,1974,M,"Table Tennis Club Šumperk, z.s.",KSST Olomoucký,RSST Šumperk,1820,1837,-17
1078,27466,Voráč Jiří,1982,M,"TJ Tourist, z.s. - TTC Říčany",Středočeský SST,RSST Praha - východ,1619,1636,-17
1078,27201,Veselý Jan,1993,M,SKST Hodonín z.s.,KSST Jihomoravský,RSST Hodonín,1616,1633,-17
1078,904,Novotný Jiří,1968,M,"Stolní tenis club Slaný, z.s.",Středočeský SST,RSST Kladno,1630,1647,-17
1078,4571,Poláková Veronika,1981,Z,SKST Vlašim,Středočeský SST,RSST Benešov,1826,1843,-17
1078,50724,Hrdlička Petr,1985,M,Tělovýchovná jednota Mikulčice,KSST Jihomoravský,RSST Hodonín,1674,1691,-17
1078,24145,Braňka Štěpán,1987,M,"TTC ELIZZA PRAHA, z.s.",Pražský SST,Pražský SST,1754,1771,-17
1078,33837,Klier Jakub,1988,M,TJ Sokol Bor z.s.,KSST Plzeňský,RSST Tachov,1780,1797,-17
1078,1249,Brátel Zdeněk,1967,M,TJ Sokol Ondratice z.s.,KSST Olomoucký,RSST Prostějov,1711,1728,-17
1078,14590,Juroška Ivan,1955,M,"TTC Moravská Slavia Brno, z.s.",KSST Jihomoravský,RSST Brno - město,1792,1809,-17
1078,8554,Švarc Ivo,1979,M,TJ Sadská o.s.,Středočeský SST,RSST Nymburk,1645,1662,-17
1078,4556,Gráf Jiří,1978,M,TTC Siko Orlová z.s.,Moravskoslezský SST,RSST Karviná,1933,1950,-17
1093,22028,Chvátal Martin,1986,M,TJ Sokol Bor z.s.,KSST Plzeňský,RSST Tachov,1754,1772,-18
1093,19980,Stránský Michal,1973,M,Tělocvičná jednota Sokol Mnichovo Hradiště,Středočeský SST,RSST Mladá Boleslav,1764,1782,-18
1093,25149,Matýsek Libor,1987,M,SKST Hodonín z.s.,KSST Jihomoravský,RSST Hodonín,1976,1994,-18
1093,19742,Holub Martin,1976,M,"Sportovní klub Jihlava, z.s.",KSST Vysočina,RSST Jihlava,1623,1641,-18
1093,47341,Koubek René,1974,M,"KST Holice, z.s.",KSST Pardubický,RSST Pardubice,1742,1760,-18
1093,45778,Šilhánek Luděk,1989,M,"TJ Orion Praha, z.s.",Pražský SST,Pražský SST,1649,1667,-18
1093,11829,Foff Miroslav st.,1969,M,"Tělovýchovná jednota Dvůr Králové n.L.,z.s.",KSST Kralovéhradecký,RSST Trutnov,1746,1764,-18
1093,51443,Böhm František,1959,M,TJ Sokol Hluboká nad Vltavou,KSST Jihočeský,RSST České Budějovice,1859,1877,-18
1093,5514,Pischel Jiří,1941,M,T.J. Sokol Šternberk,KSST Olomoucký,RSST Olomouc,1806,1824,-18
1093,298,Kočiš Radim,1969,M,TJ Slovan Hodonín,KSST Jihomoravský,RSST Hodonín,1617,1635,-18
1093,42378,Kabelka Tomáš,1976,M,TJ Slavoj Severotuk Ústí n.L.,KSST Ústecký,RSST Ústí nad Labem,2114,2132,-18
1093,53403,Gomola Jan,1987,M,TJ Sokol Vrbno pod Pradědem z.s.,KSST Olomoucký,RSST Bruntál,1639,1657,-18
1105,8437,Fabinger Vít,1978,M,"Klub stolního tenisu Rakovník, z.s.",Středočeský SST,RSST Rakovník,1584,1603,-19
1105,11853,Štalzer Bedřich,1948,M,TJ Sokol Lískovec,Moravskoslezský SST,OSST Frýdek-Místek,1640,1659,-19
1105,16517,Špaček Pavel,1952,M,Stavební fakulta SK Kotlářka El Niňo Praha,Pražský SST,Pražský SST,1881,1900,-19
1105,36165,Dvořák Jakub,1994,M,"TJ AVIA Čakovice, z.s.",Pražský SST,Pražský SST,1595,1614,-19
1105,53444,Vorlický Pavel,1968,M,T.J. Sokol Šternberk,KSST Olomoucký,RSST Olomouc,1588,1607,-19
1105,4001,Koděra Miloš,1973,M,Tělocvičná jednota Sokol Michle,Pražský SST,Pražský SST,1754,1773,-19
1105,22691,Židek Jiří,1988,M,"TTC FRÝDLANT, z.s.",Moravskoslezský SST,OSST Frýdek-Místek,1710,1729,-19
1105,40701,Urbanczyk Tomáš,1991,M,Tělovýchovná jednota Ostrava,Moravskoslezský SST,MěSST Ostrava,1667,1686,-19
1105,22459,Hanousek Ondřej,1988,M,TJ Sokol Chrudim,KSST Pardubický,RSST Chrudim,1630,1649,-19
1105,59848,Škopec Oliver,1968,M,Sportovní klub stolního tenisu Havířov z.s.,Moravskoslezský SST,RSST Karviná,1954,1973,-19
1105,3779,Kratochvíl Michal ml.,1984,M,TJ Sokol Radostice,KSST Jihomoravský,RSST Brno - venkov,1628,1647,-19
1116,13873,Nosek Pavel,1966,M,TJ Sokol Rokytnice nad Rokytnou,KSST Vysočina,RSST Třebíč,1669,1689,-20
1116,41873,Horek Tomáš,1968,M,Sportovní klub U Řeky Plzeň,KSST Plzeňský,RSST Plzeň - město,1619,1639,-20
1116,32362,Vaverka Lubomír,1988,M,TJ Jiskra Strážnice z.s.,KSST Jihomoravský,RSST Hodonín,1677,1697,-20
1116,51821,Dočkal Tomáš,1983,M,T.J.  Sokol Olomouc Neředín z.s.,KSST Olomoucký,RSST Olomouc,1738,1758,-20
1116,17468,Krásl Libor,1980,M,Tělocvičná jednota Sokol Libice nad Cidlinou,Středočeský SST,RSST Nymburk,1649,1669,-20
1116,35735,Vrátný Martin,1990,M,Tělocvičná jednota Sokol Příbram,Středočeský SST,RSST Příbram,1597,1617,-20
1116,43503,Ilievová Dagmar,1993,Z,"Sportovní klub Frýdlant nad Ostravicí, z.s.",Moravskoslezský SST,OSST Frýdek-Místek,1898,1918,-20
1116,33,Sváta Tomáš,1967,M,Klub stolního tenisu KT Praha,Pražský SST,Pražský SST,1725,1745,-20
1116,4794,Cibor Pavel,1966,M,Klub přátel ST Hradec Králové,KSST Kralovéhradecký,RSST Hradec Králové,1665,1685,-20
1116,17464,Pokorný Radek,1980,M,TJ Sokol Křepice z.s.,KSST Jihomoravský,RSST Břeclav,1638,1658,-20
1116,9409,Malý Jiří,1975,M,"TJ Sokol Jestřebí, z.s.",KSST Olomoucký,RSST Šumperk,1639,1659,-20
1116,1241,Lof Milan,1962,M,TJ Slavoj Kynšperk,KSST Karlovarský,RSST Sokolov,1641,1661,-20
1116,10342,Šimeček Jan,1960,M,Tělocvičná jednota Sokol Michle,Pražský SST,Pražský SST,1860,1880,-20
1116,8585,Tichý Květoslav,1950,M,Tělocvičná jednota Sokol Nusle Praha,Pražský SST,Pražský SST,1602,1622,-20
1116,40128,Seibert Jakub,1995,M,TJ Slavoj Severotuk Ústí n.L.,KSST Ústecký,RSST Ústí nad Labem,2131,2151,-20
1116,21163,Roziňák Jan,1979,M,Tělocvičná jednota Sokol Králův Dvůr,Středočeský SST,RSST Beroun,1602,1622,-20
1132,6208,Boš Petr,1977,M,TJ Sokol Stodůlky z.s.,Pražský SST,Pražský SST,1582,1603,-21
1132,2814,Flíbor Zbyněk,1974,M,"TTC Moravská Slavia Brno, z.s.",KSST Jihomoravský,RSST Brno - město,1858,1879,-21
1132,36901,Fiklík Michael,1991,M,TJ Slavoj Severotuk Ústí n.L.,KSST Ústecký,RSST Ústí nad Labem,1666,1687,-21
1132,15087,Schovanec Zdeněk,1976,M,TJ Chropyně,KSST Olomoucký,RSST Přerov,1684,1705,-21
1132,23878,Traxler Jan,1985,M,"Sportovní klub Slatina, z.s.",KSST Jihomoravský,RSST Brno - město,1624,1645,-21
1132,45138,Švácha Ondřej,1978,M,"Tělovýchovná jednota Bižuterie, z.s.",KSST Liberecký,RSST Jablonec nad Nisou,1796,1817,-21
1132,25314,Kocián Libor,1987,M,TJ Sparta Úpice,KSST Kralovéhradecký,RSST Trutnov,1606,1627,-21
1132,14547,Kaňka Luděk st.,1964,M,"Table Tennis Club Bělá pod Bezdězem, z.s.",Středočeský SST,RSST Mladá Boleslav,1774,1795,-21
1140,37592,Kalvach Petr,1949,M,"TJ Tatran Hostinné, spolek",KSST Kralovéhradecký,RSST Trutnov,1588,1610,-22
1140,45262,Kodým Jiří,1968,M,"Sportovní klub stolního tenisu Liberec, z.s.",KSST Liberecký,RSST Liberec,1812,1834,-22
1140,7651,Veselý Pavel,1968,M,"TJ Sokol Kosmonosy, z.s.",Středočeský SST,RSST Mladá Boleslav,1711,1733,-22
1140,41838,Kučera Pavel,1971,M,TJ Sokol Krchleby,Středočeský SST,RSST Nymburk,1656,1678,-22
1140,16800,Holemý Josef,1970,M,"TJ ODRY, z.s.",Moravskoslezský SST,RSST Nový Jičín,1697,1719,-22
1140,30468,Pintová Petra,1992,Z,SKST Dubňany,KSST Jihomoravský,RSST Hodonín,1698,1720,-22
1140,5281,Vorlíček Luboš,1968,M,Tělocvičná jednota Sokol Králův Dvůr,Středočeský SST,RSST Beroun,1931,1953,-22
1140,48494,Calta David,1992,M,TTC Libín Prachatice z.s.,KSST Jihočeský,RSST Prachatice,1957,1979,-22
1140,18777,Hyršl Ondřej,1986,M,Tělovýchovná jednota Neratovice z.s.,Středočeský SST,RSST Mělník,1618,1640,-22
1149,13364,Koval Jakub,1984,M,"KST Brušperk, z.s.",Moravskoslezský SST,OSST Frýdek-Místek,1597,1620,-23
1149,46594,Somrová Gabriela,1981,Z,"Sportovní klub Frýdlant nad Ostravicí, z.s.",Moravskoslezský SST,OSST Frýdek-Místek,1597,1620,-23
1149,23406,Serbus Tomáš,1985,M,"TJ Auto Škoda Mladá Boleslav, z.s.",Středočeský SST,RSST Mladá Boleslav,1778,1801,-23
1149,42411,Skalický Jiří,1994,M,"Oddíl stolního tenisu TTC MG ODRA GAS Vratimov,z.s.",Moravskoslezský SST,MěSST Ostrava,1640,1663,-23
1149,15310,Rödling Jan,1982,M,Klub stolního tenisu Jirkov z.s.,KSST Ústecký,RSST Chomutov,1752,1775,-23
1149,45130,Rose Radek,1972,M,"Tělovýchovná jednota Bižuterie, z.s.",KSST Liberecký,RSST Jablonec nad Nisou,1824,1847,-23
1149,3287,Kravčenko Viktor,1962,M,"TJ Mořkov, z.s.",Moravskoslezský SST,RSST Nový Jičín,1648,1671,-23
1149,41439,Ebert Tomáš ml.,1989,M,"TTC Kladno, z.s.",Středočeský SST,RSST Kladno,1707,1730,-23
1149,6011,Kuchta Pavel,1983,M,TJ Loko Pardubice z.s.,KSST Pardubický,RSST Pardubice,1809,1832,-23
1149,44596,Wilk Martin,1990,M,"TTC Bolatice, z.s.",Moravskoslezský SST,RSST Opava,1665,1688,-23
1149,11244,Baier Robert,1970,M,"TJ Slovan Lochovice, z.s.",Středočeský SST,RSST Beroun,1760,1783,-23
1149,15058,Pejša Karel,1971,M,"TJ TATRAN SEDLČANY, z.s.",Středočeský SST,RSST Příbram,1946,1969,-23
1149,28304,Vaňha Jiří,1983,M,Tělovýchovná jednota Neratovice z.s.,Středočeský SST,RSST Mělník,1620,1643,-23
1162,41437,Koutný František,1962,M,TJ Sokol Vracov z.s.,KSST Jihomoravský,RSST Hodonín,1607,1631,-24
1162,4939,Javůrek Jiří,1969,M,TTC Siko Orlová z.s.,Moravskoslezský SST,RSST Karviná,1828,1852,-24
1162,10526,Eisenreich Jindřich ml.,1976,M,"TJ Spartak Rožmitál pod Třemšínem, spolek",Středočeský SST,RSST Příbram,1652,1676,-24
1162,10856,Hladík Miroslav,1955,M,"KST Holice, z.s.",KSST Pardubický,RSST Pardubice,1611,1635,-24
1162,7176,Procházka Miroslav,1957,M,TJ Sokol Hlubočany,KSST Jihomoravský,RSST Vyškov,1624,1648,-24
1162,47842,Kříž Bohumil,1984,M,KST Sokol Znojmo-Orel Únanov,KSST Jihomoravský,RSST Znojmo,1765,1789,-24
1162,19465,Divina Jiří,1986,M,SK Přerov,KSST Olomoucký,RSST Přerov,1719,1743,-24
1162,3566,Škach Martin,1970,M,"TTC Kladno, z.s.",Středočeský SST,RSST Kladno,1691,1715,-24
1162,36694,Prosa Tomáš,1992,M,Tělovýchovná jednota Neratovice z.s.,Středočeský SST,RSST Mělník,1697,1721,-24
1162,49684,Blažek Petr,1978,M,"TSM Kladno, z.s.",Středočeský SST,RSST Kladno,1637,1661,-24
1162,27668,Jandejsek Pavel,1985,M,SKC Zruč nad Sázavou z.s.,Středočeský SST,RSST Kutná Hora,1607,1631,-24
1162,49369,Beneš Tomáš,1976,M,Tělovýchovná jednota Neratovice z.s.,Středočeský SST,RSST Mělník,1700,1724,-24
1162,343,Jakubíček Vlastimil,1960,M,SKST Dubňany,KSST Jihomoravský,RSST Hodonín,1642,1666,-24
1162,3531,Bláha František,1980,M,TJ Sokol Nížkov,KSST Vysočina,RSST Žďár nad Sázavou,1646,1670,-24
1176,20232,Kremla Tomáš,1972,M,"TJ ABC Braník, z. s. oddíl stolního tenisu",Pražský SST,Pražský SST,1633,1658,-25
1176,37960,Brázdil Jiří,1988,M,SK Přerov,KSST Olomoucký,RSST Přerov,1775,1800,-25
1176,9851,Křepelka Tomáš,1968,M,TJ Sokol Borová,KSST Pardubický,RSST Svitavy,1773,1798,-25
1176,53326,Mezera Petr,1964,M,"Tělovýchovná jednota Union Plzeň, z.s.",KSST Plzeňský,RSST Plzeň - město,1710,1735,-25
1176,26087,Červenka Jan,1986,M,TJ Jičín z.s.,KSST Kralovéhradecký,RSST Jičín,1650,1675,-25
1176,5088,Brokeš Josef,1968,M,TJ Sokol Bludov z.s.,KSST Olomoucký,RSST Šumperk,1595,1620,-25
1176,34783,Hrnčíř Jan,1991,M,"Table Tennis Club Litoměřice, z.s.",KSST Ústecký,RSST Litoměřice,1837,1862,-25
1176,38878,Jančiga Roman,1981,M,Tělocvičná jednota Sokol Hudlice,Středočeský SST,RSST Beroun,1625,1650,-25
1176,11001,Ivan Radek,1969,M,"Tělovýchovná jednota Jiskra Nový Bor, z.s.",KSST Liberecký,RSST Česká Lípa,1669,1694,-25
1176,18781,Gombarčík Karel ml.,1984,M,"TJ Slovan Broumov, z.s.",KSST Kralovéhradecký,RSST Náchod,1737,1762,-25
1186,14836,Chudík Jiří,1951,M,TJ Sokol Ropice,Moravskoslezský SST,OSST Frýdek-Místek,1650,1676,-26
1186,5635,Krejčí Antonín,1965,M,"TJ Slavoj Chodová Planá, z.s.",KSST Plzeňský,RSST Tachov,1586,1612,-26
1186,13449,Trýb Vladislav,1983,M,TJ Sklo Bohemia Světlá nad Sázavou,KSST Vysočina,RSST Havlíčkův Brod,1646,1672,-26
1186,10561,Hájek Tomáš,1962,M,TJ Loko Pardubice z.s.,KSST Pardubický,RSST Pardubice,1807,1833,-26
1186,4098,Rakovický Milan,1950,M,Tělocvičná jednota Sokol Brno I,KSST Jihomoravský,RSST Brno - město,1683,1709,-26
1186,19426,Lorenc Roman,1969,M,"TJ Frenštát pod Radhoštěm, spolek",Moravskoslezský SST,RSST Nový Jičín,1736,1762,-26
1186,19684,Paták Radek,1968,M,TJ Mokrá-Horákov z.s.,KSST Jihomoravský,RSST Brno - venkov,1667,1693,-26
1186,2705,Suchomel Tomáš,1965,M,"TJ AVIA Čakovice, z.s.",Pražský SST,Pražský SST,1636,1662,-26
1186,4447,Kadlčáková Alena,1981,Z,T.J.  Sokol Olomouc Neředín z.s.,KSST Olomoucký,RSST Olomouc,1632,1658,-26
1186,54693,Plesník Lukáš,1970,M,Tělocvičná jednota Sokol Nová Bělá,Moravskoslezský SST,MěSST Ostrava,1607,1633,-26
1186,19961,Toman Josef,1967,M,Tělovýchovná jednota Sokol Klabava z.s.,KSST Plzeňský,RSST Rokycany,1603,1629,-26
1186,21644,Kolegar Tomáš st.,1968,M,"Tělovýchovná jednota Jiskra Hrušovany u Brna, z.s.",KSST Jihomoravský,RSST Brno - venkov,1627,1653,-26
1186,5584,Oleksík Václav,1972,M,"Sportovní klub Slatina, z.s.",KSST Jihomoravský,RSST Brno - město,1672,1698,-26
1186,13900,Sedláček Jan st.,1949,M,"Tělovýchovná jednota Union Plzeň, z.s.",KSST Plzeňský,RSST Plzeň - město,1578,1604,-26
1200,22535,Landa Miloslav,1974,M,Tělocvičná jednota Sokol Hudlice,Středočeský SST,RSST Beroun,1644,1671,-27
1200,3351,Štěpán Jiří,1970,M,"TJ Sokol Čechovice, z.s.",KSST Olomoucký,RSST Prostějov,1753,1780,-27
1200,49756,Špalek Jiří,1973,M,TTC Slovan Kladno z.s.,Středočeský SST,RSST Kladno,1665,1692,-27
1200,36809,Flíček Tomáš,1992,M,"TTC ELIZZA PRAHA, z.s.",Pražský SST,Pražský SST,1980,2007,-27
1200,1290,Síbrtová Kateřina,1971,Z,Klub stolního tenisu Bohnice z.s.,Pražský SST,Pražský SST,1682,1709,-27
1200,8701,Horák Filip,1984,M,TJ Sokol Otnice,KSST Jihomoravský,RSST Vyškov,1692,1719,-27
1206,46046,Kubíček Pavel,1969,M,"DTJ Hradec Králové, z.s.",KSST Kralovéhradecký,RSST Hradec Králové,1580,1608,-28
1206,11833,Wávra Pavel,1966,M,TJ Sokol Velký Osek,Středočeský SST,RSST Kolín,1648,1676,-28
1206,12649,Piskač Miroslav,1969,M,TJ Jiskra Havlíčkův Brod z.s.,KSST Vysočina,RSST Havlíčkův Brod,1587,1615,-28
1206,43937,Klein Karel,1953,M,TJ Sokol Velká Hleďsebe,KSST Karlovarský,RSST Cheb,1575,1603,-28
1206,14825,Štěpánek David,1971,M,Tělocvičná jednota Sokol Králův Dvůr,Středočeský SST,RSST Beroun,2192,2220,-28
1206,22735,Kalavský Marcel,1966,M,Stolní tenis DDM Stříbro z.s.,KSST Plzeňský,RSST Tachov,1667,1695,-28
1206,47910,Paraskevopulos Filip,1986,M,KST Jeseník,KSST Olomoucký,RSST Jeseník,1725,1753,-28
1206,9814,Rybár Petr,1974,M,KST Jeseník,KSST Olomoucký,RSST Jeseník,1899,1927,-28
1206,14835,Přikryl Aleš,1978,M,"KST Blansko, z.s.",KSST Jihomoravský,RSST Blansko,1924,1952,-28
1206,11250,Plachý Ladislav,1966,M,Stavební fakulta SK Kotlářka El Niňo Praha,Pražský SST,Pražský SST,1696,1724,-28
1206,10724,Branžovský Milan,1954,M,z.s.TTC Klánovice - stolní tenis,Pražský SST,Pražský SST,1608,1636,-28
1206,16242,Surma Radek,1972,M,"TJ Slovan Karlovy Vary, z.s.",KSST Karlovarský,RSST Karlovy Vary,1714,1742,-28
1206,36186,Šlehofer Stanislav ml.,1991,M,Tělocvičná jednota Sokol Plzeň V,KSST Plzeňský,RSST Plzeň - město,1694,1722,-28
1219,46140,Honemann Vlastimil ml.,1981,M,"TJ Postřelmov, z.s.",KSST Olomoucký,RSST Šumperk,1595,1624,-29
1219,58788,Forman Pavel,1956,M,Tělocvičná jednota Sokol Studená I.,KSST Jihočeský,RSST Jindřichův Hradec,1706,1735,-29
1219,26784,Sochor Martin,1984,M,"TJ Jiskra Litomyšl,z.s.",KSST Pardubický,RSST Svitavy,1674,1703,-29
1219,9448,Tesner Tomáš,1974,M,TJ Trojovice,KSST Pardubický,RSST Chrudim,1572,1601,-29
1219,42352,Kváš Pavel,1982,M,TJ Slavoj Severotuk Ústí n.L.,KSST Ústecký,RSST Ústí nad Labem,1854,1883,-29
1219,10743,Pokorný Josef,1970,M,TJ Sport Mikulovice,KSST Olomoucký,RSST Jeseník,1603,1632,-29
1219,36183,Pergler Jakub,1991,M,Klub stolního tenisu Klatovy z.s.,KSST Plzeňský,RSST Klatovy,1622,1651,-29
1219,12517,Šmídek Roman,1975,M,KST Oltec Brno,KSST Jihomoravský,RSST Brno - město,1571,1600,-29
1219,322,Mocek Jan,1984,M,Tělovýchovná jednota SOKOL KOBYLÍ z.s.,KSST Jihomoravský,RSST Břeclav,1720,1749,-29
1219,9203,Novotný Jiří,1965,M,TTC  Lhoty u Potštejna,KSST Kralovéhradecký,RSST Rychnov nad Kněžnou,1685,1714,-29
1219,41498,Hort Tomáš,1997,M,TJ Sokol PP Hradec Králové 2,KSST Kralovéhradecký,RSST Hradec Králové,1807,1836,-29
1219,7673,Malík Karel,1965,M,"TTC Kostelec nad Orlicí, z.s.",KSST Kralovéhradecký,RSST Rychnov nad Kněžnou,1771,1800,-29
1219,48369,Vybíral Pavel,1972,M,KST Sokol Znojmo-Orel Únanov,KSST Jihomoravský,RSST Znojmo,1716,1745,-29
1232,15713,Kolář Vlastimil,1959,M,Klub stolního tenisu KT Praha,Pražský SST,Pražský SST,1920,1950,-30
1232,2137,Galanda František,1947,M,KST Oltec Brno,KSST Jihomoravský,RSST Brno - město,1693,1723,-30
1232,39512,Prokeš Michal,1996,M,"KST Zlín, z.s.",KSST Zlínský,OSST Zlín,1859,1889,-30
1232,26619,Debald Pavel,1964,M,Tělocvičná jednota Sokol Radvanice-Bartovice,Moravskoslezský SST,MěSST Ostrava,1572,1602,-30
1232,31861,Lopata Vladimír,1977,M,SK Kornatice,KSST Plzeňský,RSST Rokycany,1571,1601,-30
1232,6351,Koželuh Jindřich,1951,M,Tělocvičná jednota Sokol Lenešice,KSST Ústecký,RSST Louny,1642,1672,-30
1232,9795,Chlebcová Lucie,1986,Z,TJ Sokol Vrbno pod Pradědem z.s.,KSST Olomoucký,RSST Bruntál,1570,1600,-30
1232,2563,Pospíšil Jiří,1982,M,SKST Hodonín z.s.,KSST Jihomoravský,RSST Hodonín,1824,1854,-30
1240,1733,Mazurkiewicz Ivo,1953,M,ST EUROMASTER Kolín,Středočeský SST,RSST Kolín,1609,1640,-31
1240,5517,Paclík Jiří,1950,M,"DTJ Hradec Králové, z.s.",KSST Kralovéhradecký,RSST Hradec Králové,1606,1637,-31
1240,16217,Chramosta Radek,1970,M,Tělocvičná jednota Sokol Plzeň III - Bory,KSST Plzeňský,RSST Plzeň - město,1585,1616,-31
1240,11188,Berger Miroslav,1965,M,"TTC Brandýs n.L, spolek",Středočeský SST,RSST Praha - východ,1705,1736,-31
1240,48749,Vondra Martin,1985,M,"Sportovní klub Jihlava, z.s.",KSST Vysočina,RSST Jihlava,1701,1732,-31
1240,10667,Janeček Jaroslav,1964,M,"TJ Sokol Lhůta, z. s.",KSST Plzeňský,RSST Plzeň - město,1592,1623,-31
1240,1289,Bureš Jaroslav,1965,M,TJ Sokol Chrudim,KSST Pardubický,RSST Chrudim,1648,1679,-31
1240,47407,Bartoš Milan,1964,M,KST Sokol Znojmo-Orel Únanov,KSST Jihomoravský,RSST Znojmo,1828,1859,-31
1240,23133,Hameta Oldřich,1967,M,KST Týnec nad Sázavou,Středočeský SST,RSST Benešov,1646,1677,-31
1240,58359,Frajdl Libor,1967,M,TJ CHS Chotěboř,KSST Vysočina,RSST Havlíčkův Brod,1583,1614,-31
1240,2164,Andrt Tomáš,1966,M,"Klub stolního tenisu Rakovník, z.s.",Středočeský SST,RSST Rakovník,1572,1603,-31
1240,58324,Sajdl Vladimír,1960,M,"Stolní tenis club Slaný, z.s.",Středočeský SST,RSST Kladno,1717,1748,-31
1240,11122,Šteffel Radek,1981,M,TJ Start Bělá nad Radbuzou,KSST Plzeňský,RSST Domažlice,1625,1656,-31
1240,45787,Zahrádka David,1995,M,"TJ Slavoj Praha, spolek",Pražský SST,Pražský SST,1637,1668,-31
1240,42076,Stodola Jan,1979,M,"Tělovýchovná jednota Sokol Kdyně, z. s.",KSST Plzeňský,RSST Domažlice,1671,1702,-31
1255,39358,Zajac Radek,1976,M,USP Muglinov,Moravskoslezský SST,MěSST Ostrava,1581,1613,-32
1255,47035,Kokinopulos Miroslav,1967,M,"TJ Rožnov pod Radhoštěm, spolek",KSST Zlínský,RSST Vsetín,1582,1614,-32
1255,38149,Bednář Matěj,1992,M,SK Přerov,KSST Olomoucký,RSST Přerov,1896,1928,-32
1255,4979,Masák Jan,1977,M,Jiskra Raspenava z.s.,KSST Liberecký,RSST Liberec,1877,1909,-32
1255,49414,Balog Roland,1987,M,"Table Tennis Club Bělá pod Bezdězem, z.s.",Středočeský SST,RSST Mladá Boleslav,1783,1815,-32
1255,39618,Matějka Kamil,1994,M,Sportovní klub stolního tenisu Havířov z.s.,Moravskoslezský SST,RSST Karviná,1925,1957,-32
1255,12007,Bárta Pavel,1975,M,"Tělovýchovná jednota Náchod, z. s.",KSST Kralovéhradecký,RSST Náchod,1623,1655,-32
1255,10797,Pacner Michael,1944,M,"Tělovýchovná jednota Spartak Pelhřimov, z.s.",KSST Vysočina,RSST Pelhřimov,1722,1754,-32
1255,35761,Páral Daniel,1994,M,"SKST Třešť, z.s.",KSST Vysočina,RSST Jihlava,1666,1698,-32
1255,24749,Vycudilík Jan,1981,M,TJ Nýřany z.s.,KSST Plzeňský,RSST Plzeň - sever,1599,1631,-32
1255,2124,Tvrz Jaroslav st.,1975,M,"Klub stolního tenisu Rakovník, z.s.",Středočeský SST,RSST Rakovník,1641,1673,-32
1255,51901,Kalouda Jan,1987,M,TJ Sokol Otnice,KSST Jihomoravský,RSST Vyškov,1646,1678,-32
1267,4805,Heral František,1945,M,TTC Slovan Kladno z.s.,Středočeský SST,RSST Kladno,1593,1626,-33
1267,32616,Vaculík Vladimír,1968,M,KST Vsetín,KSST Zlínský,RSST Vsetín,1765,1798,-33
1267,48349,Nejedlý Pavel,1970,M,TTC Alimpex Praha,Pražský SST,Pražský SST,1683,1716,-33
1267,24814,Čechál Marek,1986,M,SK Slavoj Pstruží,Moravskoslezský SST,OSST Frýdek-Místek,1631,1664,-33
1267,12168,Jirásek Milan,1974,M,Tělocvičná jednota Sokol Valdice,KSST Kralovéhradecký,RSST Jičín,1740,1773,-33
1267,10506,Rulec Jakub,1981,M,"Tělovýchovná jednota Střížkov, z.s.",Pražský SST,Pražský SST,1672,1705,-33
1267,7826,Vala Martin,1976,M,Tělocvičná jednota Sokol Kutná Hora,Středočeský SST,RSST Kutná Hora,1629,1662,-33
1267,11906,Mesaroš Petr,1961,M,KST Robot Mokré Lazce,Moravskoslezský SST,RSST Opava,1667,1700,-33
1267,4002,Boháč Milan,1954,M,TJ Sokol Krchleby,Středočeský SST,RSST Nymburk,1716,1749,-33
1276,25886,Kopárek Jiří,1975,M,"TJ Slovan Karlovy Vary, z.s.",KSST Karlovarský,RSST Karlovy Vary,1571,1605,-34
1276,35645,Veškrna Květoslav,1956,M,TJ Sokol Náměšť nad Oslavou,KSST Vysočina,RSST Třebíč,1596,1630,-34
1276,47942,Braný Milan ml.,1981,M,Tělocvičná jednota Sokol Dubicko,KSST Olomoucký,RSST Šumperk,1597,1631,-34
1276,11992,Volhejn Jan,1976,M,KST Linea Chrudim,KSST Pardubický,RSST Chrudim,1650,1684,-34
1276,40972,Sidunov Matěj,1995,M,KST Slezan Opava z.s.,Moravskoslezský SST,RSST Opava,1585,1619,-34
1276,28003,Färber František,1963,M,TJ Slavoj Protivín,KSST Jihočeský,RSST Písek,1606,1640,-34
1276,102,Balák Pavel,1956,M,TTC Alimpex Praha,Pražský SST,Pražský SST,1628,1662,-34
1276,27905,Paleček David,1987,M,"AC Sparta Praha - stolní tenis, z.s.",Pražský SST,Pražský SST,1758,1792,-34
1276,35511,Antoš Petr,1992,M,"TJ Auto Škoda Mladá Boleslav, z.s.",Středočeský SST,RSST Mladá Boleslav,1707,1741,-34
1285,308,Šaur Ivo,1964,M,Tělocvičná jednota Sokol Brno I,KSST Jihomoravský,RSST Brno - město,1731,1766,-35
1285,17708,Pokorný Jan,1976,M,Stolní tenis Velké Meziříčí,KSST Vysočina,RSST Žďár nad Sázavou,1696,1731,-35
1285,12177,Rejha Jan,1980,M,TJ Jičín z.s.,KSST Kralovéhradecký,RSST Jičín,1696,1731,-35
1285,38772,Hrunka Jakub,1992,M,TJ Sokol PP Hradec Králové 2,KSST Kralovéhradecký,RSST Hradec Králové,1808,1843,-35
1285,6139,Novák Martin,1965,M,"TTC Moravská Slavia Brno, z.s.",KSST Jihomoravský,RSST Brno - město,1676,1711,-35
1285,49072,Brothánek Jan,1977,M,z.s.TTC Klánovice - stolní tenis,Pražský SST,Pražský SST,1570,1605,-35
1285,36105,Mikeska Jaroslav,1990,M,SKST Hodonín z.s.,KSST Jihomoravský,RSST Hodonín,1827,1862,-35
1285,30242,Obešlo Marek,1991,M,Stavební fakulta SK Kotlářka El Niňo Praha,Pražský SST,Pražský SST,2197,2232,-35
1293,51113,Buchta Andrzej,1960,M,Tělovýchovná jednota Slavoj Český Těšín z.s.,Moravskoslezský SST,RSST Karviná,1683,1719,-36
1293,19711,Bacík Zdeněk,1980,M,TJ Baník Líně,KSST Plzeňský,RSST Plzeň - sever,1574,1610,-36
1293,56769,Machala Ladislav,1969,M,"TJ ABC Braník, z. s. oddíl stolního tenisu",Pražský SST,Pražský SST,1618,1654,-36
1293,6217,Mrva Milan,1974,M,"TJ Slovan Moravská Třebová,z.s.",KSST Pardubický,RSST Svitavy,1646,1682,-36
1293,42549,Čermák Josef,1954,M,Klub stolního tenisu Jirkov z.s.,KSST Ústecký,RSST Chomutov,1833,1869,-36
1293,5955,Chmela Tibor,1985,M,KST Jeseník,KSST Olomoucký,RSST Jeseník,1876,1912,-36
1293,25978,Pačinek Jakub,1986,M,Tělovýchovná jednota Sokol Rovečné z.s.,KSST Vysočina,RSST Žďár nad Sázavou,1687,1723,-36
1293,22039,Polanský Jiří,1973,M,TTC  Hlinsko,KSST Pardubický,RSST Chrudim,1609,1645,-36
1301,16925,Stefanu Michal,1965,M,"Tělovýchovná jednota Náchod, z. s.",KSST Kralovéhradecký,RSST Náchod,1618,1655,-37
1301,3917,Gebauer Jiří,1969,M,TJ Jičín z.s.,KSST Kralovéhradecký,RSST Jičín,1645,1682,-37
1301,49090,Černý Martin,1979,M,"TJ Stadion Žižkov DDM Praha 3 - Ulita, z.s.",Pražský SST,Pražský SST,1598,1635,-37
1301,9256,Bělovský Josef,1957,M,Tělocvičná jednota Sokol Semily,KSST Liberecký,RSST Semily,1623,1660,-37
1301,39908,Frýba Zdeněk,1974,M,TJ Sokol Železnice z.s.,KSST Kralovéhradecký,RSST Jičín,1601,1638,-37
1301,54332,Görner Darin,1968,M,"Tělovýchovná jednota Kožlany, z.s.",KSST Plzeňský,RSST Plzeň - sever,1615,1652,-37
1301,27219,Lövl Jan,1984,M,Tělocvičná jednota Sokol Čáslav,Středočeský SST,RSST Kutná Hora,1604,1641,-37
1308,8895,Mrkvica Lukáš,1981,M,Sokol Telnice,KSST Jihomoravský,RSST Brno - venkov,1588,1626,-38
1308,47846,Ondra Milan,1970,M,KST Sokol Znojmo-Orel Únanov,KSST Jihomoravský,RSST Znojmo,1594,1632,-38
1308,39122,Jaroněk Aleš,1947,M,"Tělovýchovná jednota Střížkov, z.s.",Pražský SST,Pražský SST,1614,1652,-38
1308,4076,Netolický Lukáš,1975,M,TTC Skuteč,KSST Pardubický,RSST Chrudim,1709,1747,-38
1308,4102,Herník Miloslav,1956,M,Tělocvičná jednota Sokol Brno I,KSST Jihomoravský,RSST Brno - město,1710,1748,-38
1308,27841,Vaktor Ivan,1968,M,"Stolní tenis club Slaný, z.s.",Středočeský SST,RSST Kladno,1616,1654,-38
1308,37008,Kaněra Jan,1989,M,"Sportovní klub stolního tenisu Liberec, z.s.",KSST Liberecký,RSST Liberec,1747,1785,-38
1308,22328,Kučala Viktor,1968,M,"Tělovýchovná jednota Lokomotiva Vršovice, z.s.",Pražský SST,Pražský SST,1573,1611,-38
1308,33484,Beneš Michal,1994,M,Sportovní klub stolního tenisu Havířov z.s.,Moravskoslezský SST,RSST Karviná,2222,2260,-38
1317,17378,Ďurža Karel,1966,M,"TJ Slovan Karlovy Vary, z.s.",KSST Karlovarský,RSST Karlovy Vary,1675,1714,-39
1317,8574,Kaba Radka,1975,Z,"TJ Slavoj Praha, spolek",Pražský SST,Pražský SST,1669,1708,-39
1317,48105,Štrofová Tereza,1988,Z,TJ Sokol Borová,KSST Pardubický,RSST Svitavy,1652,1691,-39
1317,41417,Zdvihal Radek,1971,M,Lokodepo Liberec z.s.,KSST Liberecký,RSST Liberec,1578,1617,-39
1317,33002,Vaněček Petr,1988,M,"Tělovýchovná jednota Union Plzeň, z.s.",KSST Plzeňský,RSST Plzeň - město,1702,1741,-39
1317,5115,Huleš Petr,1971,M,TJ Baník Svatava,KSST Karlovarský,RSST Sokolov,1691,1730,-39
1317,8853,Jindra Josef,1951,M,ST EUROMASTER Kolín,Středočeský SST,RSST Kolín,1784,1823,-39
1317,6776,Krupník Jan,1980,M,"KST Brušperk, z.s.",Moravskoslezský SST,OSST Frýdek-Místek,1658,1697,-39
1317,15198,Pokorný Roman,1964,M,"TJ Tourist, z.s. - TTC Říčany",Středočeský SST,RSST Praha - východ,1607,1646,-39
1326,27509,Herout Tomáš,1985,M,Klub stolního tenisu Bohnice z.s.,Pražský SST,Pražský SST,1637,1677,-40
1326,851,Chládek Luboš,1982,M,Tělocvičná jednota Sokol Hořovice,Středočeský SST,RSST Beroun,1729,1769,-40
1326,20164,Matějka Milan,1962,M,"Tělovýchovná jednota Calofrig BOROVANY, spolek",KSST Jihočeský,RSST České Budějovice,1604,1644,-40
1329,4167,Počta Tomáš,1981,M,Stavební fakulta SK Kotlářka El Niňo Praha,Pražský SST,Pražský SST,1718,1759,-41
1329,34468,Palát Petr,1992,M,TJ Žďár nad Sázavou z.s.,KSST Vysočina,RSST Žďár nad Sázavou,1822,1863,-41
1329,47186,Glos Michal,1999,M,"TJ Třineckých železáren, spolek",Moravskoslezský SST,OSST Frýdek-Místek,1578,1619,-41
1329,14601,Lučko Martin,1983,M,"TTC Moravská Slavia Brno, z.s.",KSST Jihomoravský,RSST Brno - město,1813,1854,-41
1329,12308,Šapovalov Jiří,1955,M,"Tělovýchovná jednota Kožlany, z.s.",KSST Plzeňský,RSST Plzeň - sever,1598,1639,-41
1329,10490,Drož Jan,1965,M,Tělocvičná jednota Sokol Hudlice,Středočeský SST,RSST Beroun,1720,1761,-41
1329,29960,Jandora Lukáš,1993,M,"KST Zlín, z.s.",KSST Zlínský,OSST Zlín,1905,1946,-41
1329,45906,Matějů Václav,1975,M,SK Domeček Soběslav z.s.,KSST Jihočeský,RSST Tábor,1752,1793,-41
1329,33053,Rohlíček Jan,1981,M,TJ Sokol Železnice z.s.,KSST Kralovéhradecký,RSST Jičín,1627,1668,-41
1338,3288,Poruba Jiří,1967,M,"TJ Mořkov, z.s.",Moravskoslezský SST,RSST Nový Jičín,1627,1669,-42
1338,4532,Bednařík Marcel,1971,M,Tělocvičná jednota Sokol Vranovice,KSST Jihomoravský,RSST Břeclav,1722,1764,-42
1338,25039,Kupilík Ondřej,1986,M,"Tělovýchovná jednota Jiskra Bechyně, spolek",KSST Jihočeský,RSST Tábor,1671,1713,-42
1338,1636,Jakeš Michal,1969,M,TJ CHS Chotěboř,KSST Vysočina,RSST Havlíčkův Brod,1646,1688,-42
1338,34120,Mrózek Marian,1992,M,KST Slezan Opava z.s.,Moravskoslezský SST,RSST Opava,1710,1752,-42
1338,23328,Vlk Radek,1971,M,KST Vsetín,KSST Zlínský,RSST Vsetín,1822,1864,-42
1338,14646,Špeta Michal,1982,M,TTC Kovářov,KSST Jihočeský,RSST Písek,1609,1651,-42
1338,11510,Koblížek Oldřich,1970,M,TJ Baník Rtyně v Podkrkonoší z.s.,KSST Kralovéhradecký,RSST Trutnov,1776,1818,-42
1338,27156,Mesaroš Jakub,1987,M,TTC Siko Orlová z.s.,Moravskoslezský SST,RSST Karviná,1851,1893,-42
1338,5440,Gargel Zbyněk,1967,M,T.J.  Sokol Olomouc Neředín z.s.,KSST Olomoucký,RSST Olomouc,1725,1767,-42
1348,37561,Jírů Jakub,1990,M,"Tělovýchovná jednota Spartak Pelhřimov, z.s.",KSST Vysočina,RSST Pelhřimov,1675,1718,-43
1348,34948,Bauer Jan,1993,M,TTC Libín Prachatice z.s.,KSST Jihočeský,RSST Prachatice,1643,1686,-43
1348,21907,Vacek Roman,1969,M,Sportovní klub Janské Lázně z.s.,KSST Kralovéhradecký,RSST Trutnov,1567,1610,-43
1348,34447,Bařina Jiří,1992,M,SK Přerov,KSST Olomoucký,RSST Přerov,1739,1782,-43
1348,3334,Šťastný Jaroslav,1966,M,"TJ Sokol Čechovice, z.s.",KSST Olomoucký,RSST Prostějov,1820,1863,-43
1348,39771,Foff Lukáš,1995,M,"DTJ Hradec Králové, z.s.",KSST Kralovéhradecký,RSST Hradec Králové,1969,2012,-43
1348,16839,Kamenský Petr,1981,M,TJ Jiskra Strážnice z.s.,KSST Jihomoravský,RSST Hodonín,1635,1678,-43
1348,20100,Říha Luboš,1966,M,TJ Spartak MAS Sezimovo Ústí z.s.,KSST Jihočeský,RSST Tábor,1608,1651,-43
1356,51780,Revay Radomír,1970,M,TTC Siko Orlová z.s.,Moravskoslezský SST,RSST Karviná,2052,2096,-44
1356,23005,Kříž Karel,1981,M,TJ Nýřany z.s.,KSST Plzeňský,RSST Plzeň - sever,1582,1626,-44
1356,51994,Baričák Marek,1984,M,TJ Sokol Hlubočany,KSST Jihomoravský,RSST Vyškov,1621,1665,-44
1356,19657,Dzida Jan,1973,M,Tělovýchovná jednota Ostrava,Moravskoslezský SST,MěSST Ostrava,2002,2046,-44
1356,30911,Javůrek Tomáš,1990,M,"TTC Moravská Slavia Brno, z.s.",KSST Jihomoravský,RSST Brno - město,1685,1729,-44
1361,14593,Poledňa Martin,1975,M,Tělocvičná jednota Sokol Brno I,KSST Jihomoravský,RSST Brno - město,1769,1814,-45
1361,15155,Bachura Libor,1964,M,TJ Sokol Rosice nad Labem,KSST Pardubický,RSST Pardubice,1617,1662,-45
1361,50725,Novák David,1985,M,SKST Hodonín z.s.,KSST Jihomoravský,RSST Hodonín,1856,1901,-45
1361,22532,Gruber Martin,1976,M,Tělocvičná jednota Sokol Hudlice,Středočeský SST,RSST Beroun,1668,1713,-45
1361,6741,Mikula Stanislav,1964,M,"KST Blansko, z.s.",KSST Jihomoravský,RSST Blansko,1779,1824,-45
1361,53606,Dubský Pavel,1969,M,T.J.  Sokol Olomouc Neředín z.s.,KSST Olomoucký,RSST Olomouc,1654,1699,-45
1367,600,Skácelík František,1965,M,TTC Siko Orlová z.s.,Moravskoslezský SST,RSST Karviná,1747,1793,-46
1367,5005,Cinibulk Miroslav,1954,M,"Sportovní klub stolního tenisu Liberec, z.s.",KSST Liberecký,RSST Liberec,1645,1691,-46
1367,21968,Przybyla Michal,1983,M,SK - SVINOV z.s.,Moravskoslezský SST,MěSST Ostrava,1720,1766,-46
1367,36029,Kamenický Tomáš,1987,M,TJ Brno-Bystrc z.s.,KSST Jihomoravský,RSST Brno - město,1680,1726,-46
1371,1952,Bezdíček Bohumil,1973,M,TTC Skuteč,KSST Pardubický,RSST Chrudim,1598,1645,-47
1371,12825,Brozák Radomír,1970,M,"Tělovýchovná jednota Sokol Lanžhot, z.s.",KSST Jihomoravský,RSST Břeclav,1584,1631,-47
1371,4757,Příhoda Tomáš,1964,M,KST SK US Steinerová Choceň,KSST Pardubický,RSST Ústí nad Orlicí,1621,1668,-47
1371,52076,Škopek Stanislav,1956,M,TJ Sokol Přídolí,KSST Jihočeský,RSST Český Krumlov,1608,1655,-47
1371,44723,Fojtíková Jana,1964,Z,Sportovní klub stolního tenisu Havířov z.s.,Moravskoslezský SST,RSST Karviná,1568,1615,-47
1376,41874,Smetana Josef,1983,M,"Sportovní klub stolního tenisu Liberec, z.s.",KSST Liberecký,RSST Liberec,1587,1635,-48
1376,47352,Švec Jan,1952,M,"KST Holice, z.s.",KSST Pardubický,RSST Pardubice,1592,1640,-48
1378,19752,Belá Milan,1971,M,Slavoj Polná z.s.,KSST Vysočina,RSST Jihlava,1699,1748,-49
1378,29490,Širučková Aneta,1991,Z,"Městský sportovní klub Břeclav stolní tenis, pobočný spolek",KSST Jihomoravský,RSST Břeclav,1888,1937,-49
1378,13552,Záděra Luboš,1972,M,Orel jednota Silůvky,KSST Jihomoravský,RSST Brno - venkov,1710,1759,-49
1378,23795,Zeman Daniel,1983,M,TJ Sokol PP Hradec Králové 2,KSST Kralovéhradecký,RSST Hradec Králové,1736,1785,-49
1378,11433,Holub Zdeněk,1954,M,"TTC Brandýs n.L, spolek",Středočeský SST,RSST Praha - východ,1600,1649,-49
1378,48762,Vondrová Michaela,1988,Z,"Sportovní klub Jihlava, z.s.",KSST Vysočina,RSST Jihlava,1583,1632,-49
1384,53449,Slovák Martin,1981,M,T.J. Sokol Šternberk,KSST Olomoucký,RSST Olomouc,1606,1656,-50
1384,8168,Ambrož Adam,1983,M,Tělocvičná jednota Sokol Michle,Pražský SST,Pražský SST,1715,1765,-50
1384,16471,Svobodová Monika,1986,Z,"TTC Moravská Slavia Brno, z.s.",KSST Jihomoravský,RSST Brno - město,1574,1624,-50
1384,6600,Guřan Jiří,1978,M,Tělocvičná jednota Sokol Klimkovice,Moravskoslezský SST,MěSST Ostrava,1669,1719,-50
1388,8158,Braun Tomáš,1969,M,Tělocvičná jednota Sokol Michle,Pražský SST,Pražský SST,1747,1798,-51
1388,22257,Váňa Miroslav,1951,M,Stolní tenis Benešov,Středočeský SST,RSST Benešov,1552,1603,-51
1388,43349,Turay Tomáš,1967,M,SK - SVINOV z.s.,Moravskoslezský SST,MěSST Ostrava,1582,1633,-51
1391,8272,Živný František,1949,M,TJ Sokol Moravské Budějovice,KSST Vysočina,RSST Třebíč,1590,1642,-52
1391,6914,Jícha Pavel,1977,M,Tělocvičná jednota Sokol Břasy,KSST Plzeňský,RSST Rokycany,1698,1750,-52
1391,23067,Kalina Petr,1985,M,TTC  Hlinsko,KSST Pardubický,RSST Chrudim,1561,1613,-52
1394,12135,Šimáček Svatopluk,1965,M,TJ Slovan Hodonín,KSST Jihomoravský,RSST Hodonín,1659,1712,-53
1394,11426,Sedláček Jan ml.,1977,M,"TJ Auto Škoda Mladá Boleslav, z.s.",Středočeský SST,RSST Mladá Boleslav,1893,1946,-53
1394,15645,Chajda Marie,1981,Z,"KST Blansko, z.s.",KSST Jihomoravský,RSST Blansko,1751,1804,-53
1394,3555,Gábriš Michal,1962,M,"TTC Kladno, z.s.",Středočeský SST,RSST Kladno,1704,1757,-53
1394,2296,Fojtík Jan,1980,M,"Tělovýchovná jednota Jiskra Nový Bor, z.s.",KSST Liberecký,RSST Česká Lípa,1779,1832,-53
1394,22793,Albrecht Miroslav,1959,M,Sportovní klub U Řeky Plzeň,KSST Plzeňský,RSST Plzeň - město,1591,1644,-53
1394,2170,Vlček Jiří,1963,M,Tělocvičná jednota Sokol Králův Dvůr,Středočeský SST,RSST Beroun,1769,1822,-53
1394,56087,Truksová Lucia,1995,Z,SVS Hradec Králové,KSST Kralovéhradecký,RSST Hradec Králové,1786,1839,-53
1394,17502,Kozák Petr,1973,M,"SKST Třešť, z.s.",KSST Vysočina,RSST Jihlava,1728,1781,-53
1403,39490,Pozníková Veronika,1988,Z,"TTC Moravská Slavia Brno, z.s.",KSST Jihomoravský,RSST Brno - město,1561,1615,-54
1403,2749,Zunt Zdeněk,1972,M,"Tělovýchovná jednota Lokomotiva Vršovice, z.s.",Pražský SST,Pražský SST,1660,1714,-54
1403,7834,Uher Petr,1972,M,SKC Zruč nad Sázavou z.s.,Středočeský SST,RSST Kutná Hora,1767,1821,-54
1403,1953,Zelinka Robert,1966,M,TTC Skuteč,KSST Pardubický,RSST Chrudim,1562,1616,-54
1403,34060,Řípa David,1991,M,"Klub mládeže stolního tenisu Liberec, z.s.",KSST Liberecký,RSST Liberec,1697,1751,-54
1408,10312,Přáda Jaroslav,1958,M,Tělocvičná jednota Sokol Mníšek pod Brdy,Středočeský SST,RSST Praha - západ,1653,1708,-55
1408,1056,Gabriel Roman,1966,M,TJ Nýřany z.s.,KSST Plzeňský,RSST Plzeň - sever,1707,1762,-55
1408,25955,Roček Milan ml.,1989,M,TJ Jičín z.s.,KSST Kralovéhradecký,RSST Jičín,1745,1800,-55
1408,6169,Daněk Zdeněk,1958,M,"TJ Slovan Karlovy Vary, z.s.",KSST Karlovarský,RSST Karlovy Vary,1566,1621,-55
1408,29279,Obešlo Michal,1989,M,Stavební fakulta SK Kotlářka El Niňo Praha,Pražský SST,Pražský SST,2317,2372,-55
1413,28208,Hudečková Hana,1987,Z,"TJ Aero Odolena Voda, z.s.",Středočeský SST,RSST Praha - východ,1653,1709,-56
1413,5709,Smíšek František st.,1953,M,TJ Slavoj Pacov,KSST Vysočina,RSST Pelhřimov,1556,1612,-56
1415,35366,Ulrychová Hana,1988,Z,"SK Dobré, z.s.",KSST Kralovéhradecký,RSST Rychnov nad Kněžnou,1549,1606,-57
1415,41014,Novotná Jana,1996,Z,SKST Hodonín z.s.,KSST Jihomoravský,RSST Hodonín,1620,1677,-57
1417,16179,Urban Milan,1960,M,"Tělovýchovná jednota Bižuterie, z.s.",KSST Liberecký,RSST Jablonec nad Nisou,1618,1676,-58
1417,45686,Korbel Filip ml.,1994,M,Stavební fakulta SK Kotlářka El Niňo Praha,Pražský SST,Pražský SST,1997,2055,-58
1417,33547,Řeha Adam,1989,M,Orel jednota Paskov,Moravskoslezský SST,OSST Frýdek-Místek,1646,1704,-58
1417,24153,Jeřábek Tomáš,1981,M,SK Březnice,Středočeský SST,RSST Příbram,1573,1631,-58
1421,27174,Šiška Petr,1971,M,SK Nevid,KSST Plzeňský,RSST Rokycany,1545,1604,-59
1421,6047,Čechovský Václav,1960,M,TJ Slovan Hodonín,KSST Jihomoravský,RSST Hodonín,1662,1721,-59
1421,21268,Balous Milan,1969,M,"TTC Kostelec nad Orlicí, z.s.",KSST Kralovéhradecký,RSST Rychnov nad Kněžnou,1640,1699,-59
1421,10516,Koloc Jaroslav,1979,M,Tělocvičná jednota Sokol Mnichovo Hradiště,Středočeský SST,RSST Mladá Boleslav,1544,1603,-59
1425,48745,Urban Jaroslav,1987,M,"Sportovní klub Jihlava, z.s.",KSST Vysočina,RSST Jihlava,1585,1645,-60
1425,38894,Postelt Tomáš,1994,M,"TJ Auto Škoda Mladá Boleslav, z.s.",Středočeský SST,RSST Mladá Boleslav,1841,1901,-60
1425,48171,Novák Robert,1977,M,"AC Sparta Praha - stolní tenis, z.s.",Pražský SST,Pražský SST,1896,1956,-60
1425,10205,Kovář Dušan,1974,M,TJ Sokol Řetová z.s.,KSST Pardubický,RSST Ústí nad Orlicí,1571,1631,-60
1425,254,Nekola Tomáš st.,1973,M,"TTC Brandýs n.L, spolek",Středočeský SST,RSST Praha - východ,1548,1608,-60
1425,24370,Krahulec Petr,1985,M,SK Domeček Soběslav z.s.,KSST Jihočeský,RSST Tábor,1782,1842,-60
1431,1060,Niedermayer Ondřej,1958,M,TJ Nýřany z.s.,KSST Plzeňský,RSST Plzeň - sever,1561,1622,-61
1431,47185,Glos Tomáš,1996,M,"TJ Třineckých železáren, spolek",Moravskoslezský SST,OSST Frýdek-Místek,1666,1727,-61
1431,6005,Radouš Jaromír,1958,M,Klub stolního tenisu Bohnice z.s.,Pražský SST,Pražský SST,1606,1667,-61
1431,4945,Bednářová Bronislava,1969,Z,"TJ Slovan Karviná-Lázně Darkov, z.s.",Moravskoslezský SST,RSST Karviná,1559,1620,-61
1435,43936,Friedman Miloš,1949,M,TJ Sokol Velká Hleďsebe,KSST Karlovarský,RSST Cheb,1579,1641,-62
1435,14864,Čopián Ondřej,1983,M,KST SK US Steinerová Choceň,KSST Pardubický,RSST Ústí nad Orlicí,2010,2072,-62
1435,14598,Šmerda Marek,1973,M,"TTC Moravská Slavia Brno, z.s.",KSST Jihomoravský,RSST Brno - město,1992,2054,-62
1435,13757,Mastný Tomáš st.,1966,M,Tělocvičná jednota Sokol Studená I.,KSST Jihočeský,RSST Jindřichův Hradec,1591,1653,-62
1435,22346,Tureček Petr,1983,M,"TTC Moravská Slavia Brno, z.s.",KSST Jihomoravský,RSST Brno - město,1607,1669,-62
1440,2339,Bílek Rudolf st.,1959,M,"SK Cvikov,z.s.",KSST Liberecký,RSST Česká Lípa,1594,1657,-63
1440,15720,Bárta Roman,1959,M,"TJ Jiskra Kamenický Šenov, Sokolská 629, z.s.",KSST Liberecký,RSST Česká Lípa,1595,1658,-63
1440,23670,Zajíček Miroslav,1987,M,KST SK US Steinerová Choceň,KSST Pardubický,RSST Ústí nad Orlicí,1808,1871,-63
1440,2364,Procházka Miroslav ml.,1970,M,TJ Sokol Krchleby,Středočeský SST,RSST Nymburk,1659,1722,-63
1440,36672,Bečka Petr,1968,M,Tělocvičná jednota Sokol Kardašova Řečice,KSST Jihočeský,RSST Jindřichův Hradec,1612,1675,-63
1440,46356,Klimeš Zbyšek,1969,M,TJ Baník Rtyně v Podkrkonoší z.s.,KSST Kralovéhradecký,RSST Trutnov,1569,1632,-63
1440,10237,Jašek Jiří st.,1972,M,Orel jednota Šlapanice,KSST Jihomoravský,RSST Brno - město,1599,1662,-63
1447,33831,Lechner Radim,1987,M,SK Přerov,KSST Olomoucký,RSST Přerov,1653,1717,-64
1447,3186,Bakalář Daniel,1970,M,SK Pedagog ČB,KSST Jihočeský,RSST České Budějovice,1816,1880,-64
1449,42074,Korp Petr st.,1972,M,"TJ Jiskra Kamenický Šenov, Sokolská 629, z.s.",KSST Liberecký,RSST Česká Lípa,1536,1601,-65
1449,2647,Bělohlav Karel,1973,M,TJ Loko Pardubice z.s.,KSST Pardubický,RSST Pardubice,1813,1878,-65
1451,33383,Tichý Jiří,1975,M,Tělocvičná jednota Sokol Kbely,Pražský SST,Pražský SST,1555,1621,-66
1451,13130,Šmatlák Jiří,1985,M,"TTC ELIZZA PRAHA, z.s.",Pražský SST,Pražský SST,1889,1955,-66
1451,49711,Jírová Monika,1971,Z,SKST Vlašim,Středočeský SST,RSST Benešov,1728,1794,-66
1451,10663,Šmíd Jan,1976,M,Tělocvičná jednota Sokol Hořovice,Středočeský SST,RSST Beroun,1771,1837,-66
1455,33249,Plaček Jaroslav,1973,M,"Dům dětí a mládeže Cvikováček, příspěvková organiz",KSST Liberecký,RSST Česká Lípa,1534,1601,-67
1455,16965,Veselý Jan,1985,M,TJ Slavoj Severotuk Ústí n.L.,KSST Ústecký,RSST Ústí nad Labem,1948,2015,-67
1457,284,Král Jiří,1969,M,TJ Slovan Hodonín,KSST Jihomoravský,RSST Hodonín,1596,1664,-68
1457,37848,Čermák Martin,1970,M,"SK Kolšov, z.s.",KSST Olomoucký,RSST Šumperk,1570,1638,-68
1457,36627,Svoboda Jan,1991,M,"TTC Moravská Slavia Brno, z.s.",KSST Jihomoravský,RSST Brno - město,1859,1927,-68
1457,23749,Kubeček Vojtěch,1973,M,TJ Baník Rtyně v Podkrkonoší z.s.,KSST Kralovéhradecký,RSST Trutnov,1660,1728,-68
1457,32217,Hudáček Jiří,1987,M,KST Jeseník,KSST Olomoucký,RSST Jeseník,1605,1673,-68
1462,45258,Jahoda Martin,1986,M,"Sportovní klub stolního tenisu Liberec, z.s.",KSST Liberecký,RSST Liberec,2021,2090,-69
1462,9501,Knob Michal,1965,M,Tělocvičná jednota  Sokol Turnov,KSST Liberecký,RSST Semily,1538,1607,-69
1464,49594,Beňuš Petr,1976,M,Tělocvičná jednota Sokol Kutná Hora,Středočeský SST,RSST Kutná Hora,1598,1668,-70
1464,39565,Pavelka Jakub,1991,M,"TTC Moravská Slavia Brno, z.s.",KSST Jihomoravský,RSST Brno - město,1630,1700,-70
1466,52770,Říkovský Aleš,1967,M,Stolní tenis Velké Meziříčí,KSST Vysočina,RSST Žďár nad Sázavou,1635,1706,-71
1466,24139,Tichý Jiří,1986,M,Tělocvičná jednota Sokol Michle,Pražský SST,Pražský SST,1625,1696,-71
1466,28254,Venclů Lukáš,1988,M,SK Přerov,KSST Olomoucký,RSST Přerov,1626,1697,-71
1466,10476,Koubík Martin,1970,M,"SK Telč, z.s.",KSST Vysočina,RSST Jihlava,1531,1602,-71
1470,48496,Hrazdira Patrik,1995,M,"TJ ČZ Strakonice , spolek",KSST Jihočeský,RSST Strakonice,1590,1662,-72
1471,3355,Vejmola Pavel,1967,M,"TJ Sokol Čechovice, z.s.",KSST Olomoucký,RSST Prostějov,1761,1834,-73
1471,35291,Táborský Petr,1991,M,TJ Třebíč,KSST Vysočina,RSST Třebíč,1541,1614,-73
1473,4756,Synek Martin,1973,M,KST SK US Steinerová Choceň,KSST Pardubický,RSST Ústí nad Orlicí,1547,1622,-75
1474,18642,Remeš Zdeněk,1948,M,Stavební fakulta SK Kotlářka El Niňo Praha,Pražský SST,Pražský SST,1703,1779,-76
1475,21841,Panský Lukáš,1986,M,"AC Sparta Praha - stolní tenis, z.s.",Pražský SST,Pražský SST,1696,1773,-77
1476,1450,Jurdzin Tomáš,1969,M,"TTC Ostrava-Poruba, z.s.",Moravskoslezský SST,MěSST Ostrava,1787,1865,-78
1477,54845,Frühauf Michael,1990,M,Orel Únanov,KSST Jihomoravský,RSST Znojmo,1676,1755,-79
1478,30541,Valta Martin,1969,M,TJ Baník Rtyně v Podkrkonoší z.s.,KSST Kralovéhradecký,RSST Trutnov,1544,1624,-80
1478,10521,Kastner Patrik,1974,M,Tělocvičná jednota Sokol Mnichovo Hradiště,Středočeský SST,RSST Mladá Boleslav,1618,1698,-80
1478,5767,Dubský Lubomír,1974,M,TJ Slavoj Protivín,KSST Jihočeský,RSST Písek,1575,1655,-80
1481,14619,Kala Petr,1962,M,"TTC ELIZZA PRAHA, z.s.",Pražský SST,Pražský SST,1639,1720,-81
1481,15814,Kolář Pavel,1982,M,"Klub stolního tenisu Karlovy Vary, z.s.",KSST Karlovarský,RSST Karlovy Vary,1676,1757,-81
1483,29991,Novák Michal,1987,M,"TJ Jiskra Litomyšl,z.s.",KSST Pardubický,RSST Svitavy,1556,1639,-83
1483,12625,Černoch Petr,1969,M,"TJ Mořkov, z.s.",Moravskoslezský SST,RSST Nový Jičín,1552,1635,-83
1483,16218,Zimmermann Jaroslav,1970,M,Tělocvičná jednota Sokol Plzeň III - Bory,KSST Plzeňský,RSST Plzeň - město,1538,1621,-83
1486,8263,Svoboda Vítězslav,1957,M,TJ Sokol Moravské Budějovice,KSST Vysočina,RSST Třebíč,1631,1718,-87
1487,3982,Alexa Jiří,1972,M,"Tělovýchovná jednota Jiskra Bechyně, spolek",KSST Jihočeský,RSST Tábor,1671,1759,-88
1488,36071,Hampl Michal,1992,M,TJ Sokol PP Hradec Králové 2,KSST Kralovéhradecký,RSST Hradec Králové,1568,1659,-91
1489,6454,Uhlář Radim,1972,M,"KST Brušperk, z.s.",Moravskoslezský SST,OSST Frýdek-Místek,1787,1879,-92
1490,38688,Voňka Jakub,1994,M,"TJ Tatran Hostinné, spolek",KSST Kralovéhradecký,RSST Trutnov,1808,1901,-93
1490,3626,Sagáčik Štefan,1966,M,KST Vsetín,KSST Zlínský,RSST Vsetín,1866,1959,-93
1492,49226,Rys Vilém,1969,M,"Policejní sportovní klub OLYMP Praha, z.s.",Pražský SST,Pražský SST,1653,1747,-94
1492,29032,Sokol Zdeněk,1964,M,TJ CHS Chotěboř,KSST Vysočina,RSST Havlíčkův Brod,1510,1604,-94
1494,20204,Stehlík Milan,1960,M,TJ Sokol Chrudim,KSST Pardubický,RSST Chrudim,1593,1693,-100
1495,7315,Koloničný Petr,1975,M,"TJ Sokol Hrabůvka, z.s",Moravskoslezský SST,MěSST Ostrava,1653,1755,-102
1495,49757,Havel Jaroslav,1946,M,TTC Slovan Kladno z.s.,Středočeský SST,RSST Kladno,1547,1649,-102
1497,11415,Durdis Petr,1979,M,"TJ Sokol Kosmonosy, z.s.",Středočeský SST,RSST Mladá Boleslav,1522,1627,-105
1498,12702,Langer Milan,1975,M,Tělovýchovná jednota Spartak Bílovec z.s.,Moravskoslezský SST,RSST Nový Jičín,1536,1647,-111
1499,45934,Pučégl Pavel,1976,M,"Tělovýchovná jednota Jiskra Bechyně, spolek",KSST Jihočeský,RSST Tábor,1560,1673,-113
1500,29384,Skočík Lukáš,1989,M,SK Baník Ratíškovice,KSST Jihomoravský,RSST Hodonín,1489,1623,-134
1501,21328,Hříbal Petr,1962,M,Tělocvičná jednota Sokol Hudlice,Středočeský SST,RSST Beroun,1621,1762,-141
