ID,2013 Pořadí skokani,2013 Pořadí skokani kraj,2013 Pořadí skokani kategorie,2013 Pořadí skokani kraj kategorie,2014 Pořadí skokani,2014 Pořadí skokani kraj,2014 Pořadí skokani kategorie,2014 Pořadí skokani kraj kategorie,2015 Pořadí skokani,2015 Pořadí skokani kraj,2015 Pořadí skokani kategorie,2015 Pořadí skokani kraj kategorie,2016 Pořadí skokani,2016 Pořadí skokani kraj,2016 Pořadí skokani kategorie,2016 Pořadí skokani kraj kategorie,2017 Pořadí skokani,2017 Pořadí skokani kraj,2017 Pořadí skokani kategorie,2017 Pořadí skokani kraj kategorie,2018 Pořadí skokani,2018 Pořadí skokani kraj,2018 Pořadí skokani kategorie,2018 Pořadí skokani kraj kategorie,2019 Pořadí skokani,2019 Pořadí skokani kraj,2019 Pořadí skokani kategorie,2019 Pořadí skokani kraj kategorie,2020 Pořadí skokani,2020 Pořadí skokani kraj,2020 Pořadí skokani kategorie,2020 Pořadí skokani kraj kategorie,2021 Pořadí skokani,2021 Pořadí skokani kraj,2021 Pořadí skokani kategorie,2021 Pořadí skokani kraj kategorie,2022 Pořadí skokani,2022 Pořadí skokani kraj,2022 Pořadí skokani kategorie,2022 Pořadí skokani kraj kategorie,2023 Pořadí skokani,2023 Pořadí skokani kraj,2023 Pořadí skokani kategorie,2023 Pořadí skokani kraj kategorie,2024 Pořadí skokani,2024 Pořadí skokani kraj,2024 Pořadí skokani kategorie,2024 Pořadí skokani kraj kategorie,2025 Pořadí skokani,2025 Pořadí skokani kraj,2025 Pořadí skokani kategorie,2025 Pořadí skokani kraj kategorie,2026 Pořadí skokani,2026 Pořadí skokani kraj,2026 Pořadí skokani kategorie,2026 Pořadí skokani kraj kategorie
56502,1,1,1,1,33,5,14,3,963,132,83,20,,,,,,,,,1024,104,161,22,110,5,110,5,,,,,,,,,,,,,,,,,,,,,,,,,1941,200,1941,200
49349,2,1,2,1,356,39,35,7,417,42,60,9,364,34,72,12,262,20,76,11,40,7,30,6,483,49,483,49,341,44,341,44,,,,,,,,,2237,30,2237,30,,,,,,,,,,,,
4964,3,1,3,1,,,,,,,,,1666,230,1666,230,,,,,,,,,,,,,,,,,,,,,,,,,,,,,,,,,,,,,,,,
41578,4,2,1,1,114,22,28,5,10,3,6,3,139,19,47,12,647,98,91,26,1523,165,186,26,70,7,42,7,,,,,,,,,136,27,136,27,1562,166,1562,166,,,,,,,,,,,,
36627,5,2,5,2,1396,201,1396,201,1548,223,1548,223,1266,179,1266,179,377,51,377,51,,,,,,,,,,,,,,,,,,,,,,,,,,,,,,,,,,,,
11247,6,2,6,2,482,52,482,52,309,31,309,31,1538,69,1538,69,562,74,562,74,1557,196,1557,196,800,89,800,89,1480,168,1480,168,,,,,,,,,,,,,1279,145,1279,145,1027,108,1027,108,2169,242,2169,242
4972,7,1,7,1,684,39,684,39,1501,64,1501,64,1068,40,1068,40,1727,80,1727,80,1817,81,1817,81,,,,,,,,,,,,,,,,,,,,,,,,,,,,,,,,
48617,8,3,4,2,241,43,53,14,617,92,94,23,163,22,57,13,1525,221,1525,221,111,17,111,17,1998,250,1998,250,539,69,539,69,999,112,999,112,360,53,360,53,496,71,496,71,820,100,820,100,2234,266,2234,266,1383,168,1383,168
18635,9,1,9,1,783,61,783,61,341,28,341,28,339,29,339,29,1368,104,1368,104,199,14,199,14,1820,137,1820,137,817,68,817,68,933,79,933,79,1405,130,1405,130,1267,102,1267,102,1641,115,1641,115,1292,105,1292,105,1237,83,1237,83
53326,10,1,10,1,1132,53,1132,53,617,28,617,28,1304,52,1304,52,846,32,846,32,1523,77,1523,77,2040,104,2040,104,717,36,717,36,971,57,971,57,360,13,360,13,741,35,741,35,1705,98,1705,98,907,56,907,56,2255,142,2255,142
42375,10,1,2,1,26,1,13,1,74,1,23,1,181,17,54,2,,,,,,,,,,,,,,,,,,,,,,,,,,,,,,,,,314,36,314,36,,,,
693,10,4,10,4,739,118,739,118,1256,193,1256,193,221,30,221,30,1851,259,1851,259,49,10,49,10,1462,182,1462,182,1420,177,1420,177,458,57,458,57,964,117,964,117,1049,139,1049,139,,,,,,,,,453,61,453,61
23406,10,1,10,1,1106,149,1106,149,950,124,950,124,,,,,,,,,,,,,,,,,,,,,,,,,,,,,,,,,,,,,,,,,,,,
54845,14,3,14,3,1416,204,1416,204,1178,168,1178,168,1722,230,1722,230,,,,,1855,262,1855,262,33,5,33,5,1819,253,1819,253,,,,,,,,,,,,,,,,,,,,,,,,
55987,14,2,14,2,495,70,495,70,495,67,495,67,,,,,,,,,559,64,559,64,1524,188,1524,188,955,103,955,103,703,84,703,84,1671,211,1671,211,,,,,,,,,,,,,,,,
41764,16,5,5,2,172,34,31,6,1289,198,97,25,936,120,99,21,230,37,68,18,692,80,135,24,1038,129,1038,129,670,87,670,87,856,100,856,100,643,76,643,76,514,73,514,73,,,,,,,,,1913,226,1913,226
22691,16,5,16,5,1064,171,1064,171,1178,174,1178,174,,,,,,,,,,,,,,,,,,,,,,,,,,,,,,,,,,,,,,,,,,,,
44508,18,7,3,2,51,9,19,4,103,18,27,10,374,45,73,15,390,58,76,21,517,64,119,23,,,,,,,,,,,,,551,68,551,68,797,107,797,107,1248,157,1248,157,276,32,276,32,1204,149,1204,149
22700,19,1,19,1,783,49,783,49,1197,67,1197,67,1338,74,1338,74,262,15,262,15,208,9,208,9,1887,105,1887,105,1392,69,1392,69,,,,,,,,,1417,85,1417,85,2109,117,2109,117,621,36,621,36,1237,54,1237,54
10312,20,3,20,3,1352,189,1352,189,1359,187,1359,187,1098,131,1098,131,366,28,366,28,1911,197,1911,197,,,,,,,,,,,,,1581,202,1581,202,,,,,,,,,,,,,,,,
38688,20,2,8,1,1429,112,139,13,103,9,43,4,563,49,563,49,249,17,249,17,1357,94,1357,94,800,69,800,69,539,47,539,47,1344,117,1344,117,870,83,870,83,722,53,722,53,1313,89,1313,89,1163,92,1163,92,1541,97,1541,97
18858,20,1,20,1,873,53,873,53,1222,183,1222,183,,,,,,,,,,,,,,,,,551,35,551,35,217,11,217,11,730,49,730,49,821,46,821,46,1705,105,1705,105,495,37,495,37,2508,297,2508,297
51740,23,4,9,2,,,,,,,,,,,,,,,,,,,,,,,,,261,32,261,32,532,80,532,80,1460,220,1460,220,2045,267,2045,267,,,,,,,,,,,,
43723,23,1,4,1,9,1,4,1,190,3,32,2,547,7,82,2,53,2,30,2,1461,24,182,4,1279,17,179,5,779,11,779,11,89,4,89,4,627,3,627,3,,,,,,,,,,,,,,,,
19595,25,2,25,2,330,5,330,5,950,24,950,24,,,,,,,,,,,,,,,,,,,,,1252,19,1252,19,925,10,925,10,968,6,968,6,1248,19,1248,19,1390,25,1390,25,999,19,999,19
34521,26,5,11,3,853,130,77,10,1289,181,142,19,,,,,,,,,,,,,,,,,,,,,123,20,123,20,305,34,305,34,2111,276,2111,276,580,72,580,72,403,52,403,52,1071,136,1071,136
27649,27,2,27,2,457,23,457,23,963,45,963,45,760,28,760,28,230,15,230,15,1842,224,1842,224,1686,217,1686,217,,,,,,,,,,,,,,,,,,,,,,,,,,,,
9756,28,1,28,1,783,38,783,38,1178,59,1178,59,,,,,,,,,,,,,,,,,,,,,,,,,,,,,,,,,,,,,,,,,,,,
41498,29,3,8,1,1173,90,44,3,74,6,32,2,175,16,53,4,390,28,92,10,1377,97,177,13,99,11,99,11,2118,167,2118,167,138,10,138,10,771,71,771,71,283,18,283,18,2362,176,2362,176,298,20,298,20,827,52,827,52
28208,1,1,1,1,57,4,57,4,21,4,21,4,10,3,10,3,34,3,34,3,57,9,57,9,82,9,82,9,74,9,74,9,,,,,,,,,,,,,,,,,88,12,88,12,50,5,50,5
34120,30,8,13,5,1289,194,1289,194,869,120,869,120,1732,244,1732,244,294,43,294,43,743,87,743,87,879,105,879,105,243,35,243,35,,,,,,,,,1392,183,1392,183,1069,134,1069,134,1055,110,1055,110,999,120,999,120
13644,31,2,31,2,1039,69,1039,69,443,23,443,23,387,20,387,20,1175,88,1175,88,398,18,398,18,1550,99,1550,99,611,42,611,42,933,57,933,57,1243,82,1243,82,496,31,496,31,1580,95,1580,95,1620,112,1620,112,1450,117,1450,117
47203,32,2,32,2,203,9,203,9,205,12,205,12,1322,54,1322,54,659,24,659,24,620,38,620,38,483,22,483,22,1100,53,1100,53,532,28,532,28,1536,80,1536,80,838,44,838,44,300,18,300,18,985,60,985,60,1266,84,1266,84
18781,33,4,33,4,1132,87,1132,87,137,15,137,15,1349,101,1349,101,19,2,19,2,1983,147,1983,147,56,8,56,8,1351,109,1351,109,532,56,532,56,627,55,627,55,2260,169,2260,169,182,15,182,15,109,11,109,11,2242,153,2242,153
27914,33,4,33,4,395,57,395,57,1449,204,1449,204,,,,,,,,,867,111,867,111,800,89,800,89,1867,216,1867,216,458,52,458,52,730,76,730,76,2305,282,2305,282,241,28,241,28,161,25,161,25,1266,134,1266,134
10489,35,5,35,5,330,48,330,48,1120,150,1120,150,1546,192,1546,192,204,28,204,28,980,125,980,125,,,,,,,,,,,,,,,,,,,,,,,,,,,,,,,,
52087,35,6,9,2,66,9,23,4,1359,195,99,14,1518,212,113,13,230,34,68,5,980,138,158,23,255,35,255,35,907,133,907,133,669,102,669,102,870,125,870,125,214,30,214,30,2359,320,2359,320,1027,130,1027,130,1071,136,1071,136
16686,35,9,35,9,457,79,457,79,1153,170,1153,170,1553,209,1553,209,377,54,377,54,620,73,620,73,1151,143,1151,143,817,106,817,106,304,39,304,39,1317,162,1317,162,298,45,298,45,2302,281,2302,281,1207,128,1207,128,590,70,590,70
33727,35,5,9,2,431,36,64,5,617,53,68,6,681,53,112,9,1763,130,177,16,1848,133,1848,133,2053,159,2053,159,994,77,994,77,,,,,,,,,289,20,289,20,1279,86,1279,86,372,29,372,29,,,,
37008,39,3,39,3,1261,60,1261,60,333,12,333,12,273,11,273,11,1608,75,1608,75,134,6,134,6,1629,76,1629,76,121,10,121,10,1636,66,1636,66,691,24,691,24,876,28,876,28,774,29,774,29,2279,93,2279,93,845,31,845,31
11510,39,6,39,6,1289,102,1289,102,638,54,638,54,398,34,398,34,1088,82,1088,82,1166,78,1166,78,2056,161,2056,161,243,19,243,19,1576,143,1576,143,1087,95,1087,95,1196,95,1196,95,414,25,414,25,1292,105,1292,105,1328,87,1328,87
14126,39,10,39,10,98,17,98,17,1241,190,1241,190,434,53,434,53,809,119,809,119,792,92,792,92,1764,222,1764,222,779,49,779,49,1394,79,1394,79,244,14,244,14,2126,127,2126,127,1069,62,1069,62,1363,95,1363,95,1801,141,1801,141
36029,42,7,42,7,1318,193,1318,193,36,6,36,6,1481,207,1481,207,920,118,920,118,1100,155,1100,155,1777,250,1777,250,640,86,640,86,893,142,893,142,1432,216,1432,216,64,5,64,5,2247,298,2247,298,686,92,686,92,1420,188,1420,188
44466,42,11,42,11,951,149,951,149,1039,144,1039,144,990,131,990,131,956,137,956,137,1004,121,1004,121,1777,224,1777,224,1272,157,1272,157,349,44,349,44,317,45,317,45,2045,253,2045,253,2065,250,2065,250,985,104,985,104,928,110,928,110
40299,42,3,16,2,341,38,70,10,995,103,995,103,1766,159,1766,159,,,,,,,,,,,,,,,,,,,,,,,,,,,,,,,,,,,,,,,,
40028,42,4,15,1,260,12,55,4,1414,60,152,5,251,9,75,3,1594,74,1594,74,606,30,606,30,2013,90,2013,90,,,,,,,,,1377,51,1377,51,,,,,,,,,,,,,,,,
46339,46,4,46,4,531,60,531,60,1289,132,1289,132,690,65,690,65,1804,172,1804,172,914,88,914,88,698,80,698,80,670,76,670,76,1697,185,1697,185,360,52,360,52,2237,235,2237,235,,,,,,,,,,,,
45686,47,2,16,1,1358,142,135,21,658,47,100,6,666,36,666,36,647,30,647,30,1024,50,1024,50,368,21,368,21,191,8,191,8,1587,73,1587,73,578,33,578,33,534,31,534,31,529,28,529,28,960,54,960,54,1364,80,1364,80
6249,47,5,47,5,281,31,281,31,,,,,,,,,34,3,34,3,1632,173,1632,173,1574,158,1574,158,756,86,756,86,349,38,349,38,1620,184,1620,184,2111,224,2111,224,843,92,843,92,34,6,34,6,1160,124,1160,124
8158,47,5,47,5,1335,139,1335,139,,,,,,,,,,,,,,,,,,,,,,,,,,,,,,,,,,,,,,,,,,,,,,,,
14559,50,8,50,8,579,80,579,80,1501,215,1501,215,1290,182,1290,182,,,,,,,,,,,,,,,,,,,,,,,,,,,,,,,,,,,,,,,,
38810,51,3,11,1,1004,45,85,5,1432,68,103,4,35,1,22,1,1804,89,180,12,1622,80,1622,80,432,18,432,18,670,31,670,31,260,14,260,14,1541,81,1541,81,1918,112,1918,112,1333,81,1333,81,372,23,372,23,475,33,475,33
27665,51,6,51,6,739,101,739,101,162,21,162,21,563,72,563,72,979,118,979,118,1768,214,1768,214,138,13,138,13,659,68,659,68,565,63,565,63,1599,204,1599,204,1537,183,1537,183,2323,279,2323,279,89,12,89,12,565,67,565,67
768,51,7,51,7,873,94,873,94,901,91,901,91,1266,122,1266,122,1573,156,1573,156,,,,,,,,,717,80,717,80,,,,,,,,,2277,242,2277,242,,,,,,,,,,,,
29428,54,12,54,12,783,126,783,126,1054,148,1054,148,1219,166,1219,166,1218,177,1218,177,,,,,,,,,,,,,,,,,,,,,,,,,,,,,,,,,,,,
3351,54,3,54,3,1155,80,1155,80,705,44,705,44,,,,,,,,,,,,,,,,,,,,,,,,,,,,,,,,,,,,,,,,,,,,
2647,54,2,54,2,1389,85,1389,85,690,38,690,38,1423,80,1423,80,1328,73,1328,73,173,6,173,6,1550,86,1550,86,1351,68,1351,68,971,47,971,47,244,15,244,15,1714,103,1714,103,2357,130,2357,130,506,30,506,30,807,35,807,35
29817,54,4,54,4,1031,48,1031,48,1373,62,1373,62,615,26,615,26,1157,49,1157,49,1900,98,1900,98,2065,107,2065,107,,,,,400,22,400,22,381,16,381,16,1196,69,1196,69,1197,72,1197,72,336,22,336,22,871,62,871,62
19752,58,1,58,1,1328,73,1328,73,,,,,,,,,,,,,,,,,,,,,,,,,,,,,,,,,,,,,,,,,,,,,,,,
34948,59,3,20,2,1299,59,133,6,1480,74,1480,74,,,,,,,,,,,,,,,,,,,,,,,,,,,,,,,,,,,,,,,,,,,,
13873,59,2,59,2,1075,59,1075,59,284,26,284,26,666,36,666,36,1311,66,1311,66,672,40,672,40,698,39,698,39,1726,104,1726,104,,,,,,,,,514,28,514,28,1836,122,1836,122,1185,74,1185,74,1849,115,1849,115
12066,59,4,59,4,579,32,579,32,1241,77,1241,77,1068,59,1068,59,821,53,821,53,262,11,262,11,1484,92,1484,92,,,,,,,,,1626,102,1626,102,,,,,,,,,,,,,,,,
17502,59,2,59,2,1341,75,1341,75,127,10,127,10,899,48,899,48,1497,76,1497,76,173,12,173,12,1401,79,1401,79,1078,70,1078,70,,,,,,,,,1678,96,1678,96,1476,105,1476,105,1115,69,1115,69,2477,153,2477,153
3186,63,4,63,4,1387,65,1387,65,743,31,743,31,1183,47,1183,47,1513,66,1513,66,1461,62,1461,62,273,15,273,15,1985,96,1985,96,1546,71,1546,71,330,20,330,20,,,,,,,,,,,,,,,,
14864,63,3,63,3,1375,83,1375,83,524,30,524,30,690,38,690,38,1767,92,1767,92,1319,68,1319,68,698,41,698,41,1945,101,1945,101,,,,,,,,,,,,,,,,,1997,108,1997,108,,,,
6046,63,9,63,9,699,103,699,103,658,96,658,96,578,72,578,72,1642,214,1642,214,424,70,424,70,1219,172,1219,172,1078,155,1078,155,1126,180,1126,180,1553,239,1553,239,1832,237,1832,237,200,28,200,28,2125,277,2125,277,2148,281,2148,281
40668,66,4,12,1,98,8,38,3,524,38,65,4,547,28,97,7,773,41,126,7,1377,81,1377,81,387,52,387,52,131,18,131,18,626,93,626,93,785,111,785,111,56,4,56,4,2075,271,2075,271,1826,248,1826,248,1420,188,1420,188
31582,66,13,21,6,381,64,74,18,,,,,,,,,1042,102,1042,102,,,,,,,,,1505,70,1505,70,260,12,260,12,,,,,,,,,,,,,1390,145,1390,145,565,67,565,67
9434,66,5,66,5,579,32,579,32,1476,89,1476,89,1574,89,1574,89,177,10,177,10,620,36,620,36,635,35,635,35,866,56,866,56,330,19,330,19,609,36,609,36,528,34,528,34,2269,146,2269,146,1807,126,1807,126,1781,139,1781,139
15117,66,4,66,4,210,17,210,17,,,,,,,,,,,,,,,,,,,,,,,,,,,,,,,,,,,,,,,,,,,,,,,,
49709,66,7,12,1,281,43,34,3,886,115,80,7,1183,141,106,8,377,48,90,6,914,118,153,8,1926,244,1926,244,702,70,702,70,113,8,113,8,117,11,117,11,683,73,683,73,1674,199,1674,199,,,,,,,,
31883,71,10,71,10,951,146,951,146,1178,168,1178,168,635,80,635,80,,,,,,,,,,,,,,,,,,,,,,,,,,,,,,,,,,,,,,,,
26973,71,7,71,7,992,78,992,78,585,52,585,52,1290,94,1290,94,505,43,505,43,1975,146,1975,146,36,3,36,3,2148,168,2148,168,1702,155,1702,155,1074,94,1074,94,496,40,496,40,,,,,,,,,,,,
40816,71,7,71,7,1004,79,1004,79,341,28,341,28,289,25,289,25,470,39,470,39,940,65,940,65,1629,125,1629,125,756,62,756,62,1070,91,1070,91,1513,141,1513,141,876,68,876,68,597,36,597,36,1207,97,1207,97,1781,111,1781,111
6454,74,14,74,14,1428,207,1428,207,1222,183,1222,183,1304,179,1304,179,1194,175,1194,175,672,79,672,79,558,77,558,77,1295,162,1295,162,532,67,532,67,381,54,381,54,1884,232,1884,232,359,43,359,43,2501,303,2501,303,1728,199,1728,199
41223,75,8,75,8,,,,,,,,,,,,,,,,,,,,,,,,,,,,,,,,,,,,,,,,,,,,,,,,,,,,
14770,75,15,75,15,767,121,767,121,404,62,404,62,936,120,936,120,1273,186,1273,186,588,69,588,69,240,31,240,31,2164,273,2164,273,,,,,,,,,1832,225,1832,225,1991,238,1991,238,2488,301,2488,301,2242,269,2242,269
32272,77,8,24,3,642,68,642,68,62,10,62,10,1729,156,1729,156,1513,144,1513,144,,,,,,,,,,,,,,,,,,,,,,,,,,,,,,,,,,,,
4167,77,8,77,8,1280,137,1280,137,658,64,658,64,760,73,760,73,1175,114,1175,114,1216,129,1216,129,509,52,509,52,628,69,628,69,,,,,,,,,1484,157,1484,157,,,,,,,,,,,,
44731,77,16,14,4,28,3,16,3,54,9,27,8,1682,94,176,10,677,105,121,30,792,92,792,92,1132,142,1132,142,1170,142,1170,142,1311,161,1311,161,1377,68,1377,68,2061,102,2061,102,110,2,110,2,877,48,877,48,1670,94,1670,94
28667,80,9,80,9,783,61,783,61,852,73,852,73,879,65,879,65,1608,119,1608,119,541,41,541,41,670,60,670,60,1591,122,1591,122,349,35,349,35,562,52,562,52,2152,166,2152,166,1069,70,1069,70,,,,,,,,
15854,80,5,80,5,1013,48,1013,48,766,36,766,36,1206,48,1206,48,1689,77,1689,77,940,43,940,43,1663,73,1663,73,414,22,414,22,626,33,626,33,1651,78,1651,78,1508,75,1508,75,547,32,547,32,192,5,192,5,827,45,827,45
40252,80,2,21,2,221,5,62,2,1512,45,160,7,465,40,465,40,1368,72,1368,72,49,3,49,3,729,84,729,84,,,,,,,,,,,,,105,19,105,19,1750,175,1750,175,1137,123,1137,123,1941,259,1941,259
43783,83,5,5,1,179,12,32,1,64,6,21,1,635,36,86,5,242,11,63,1,575,30,127,5,1719,93,202,5,70,4,70,4,1070,50,1070,50,1243,61,1243,61,401,27,401,27,414,21,414,21,1965,107,1965,107,624,28,624,28
38958,83,9,27,2,951,124,951,124,132,18,132,18,1757,158,1757,158,109,14,109,14,,,,,,,,,256,34,256,34,260,33,260,33,897,112,897,112,,,,,,,,,,,,,,,,
7353,83,9,83,9,495,70,495,70,1153,156,1153,156,175,29,175,29,795,100,795,100,1508,187,1508,187,1796,231,1796,231,1953,226,1953,226,748,87,748,87,425,47,425,47,1645,198,1645,198,1069,128,1069,128,2334,268,2334,268,2255,255,2255,255
14087,83,11,83,11,826,125,826,125,59,9,59,9,1518,212,1518,212,1564,204,1564,204,125,24,125,24,1596,221,1596,221,2110,287,2110,287,856,135,856,135,493,60,493,60,666,96,666,96,320,41,320,41,2427,314,2427,314,1071,136,1071,136
49594,83,9,83,9,1403,196,1403,196,,,,,1505,182,1505,182,,,,,,,,,,,,,,,,,,,,,,,,,,,,,,,,,,,,,,,,
45717,83,11,1,1,17,3,3,1,995,145,16,4,782,97,51,6,,,,,,,,,1524,214,136,14,,,,,,,,,,,,,,,,,,,,,,,,,,,,
18080,83,17,83,17,1013,164,1013,164,917,128,917,128,990,131,990,131,1119,164,1119,164,709,83,709,83,,,,,,,,,,,,,,,,,,,,,,,,,,,,,,,,
4001,83,10,83,10,1064,112,1064,112,1401,148,1401,148,648,60,648,60,1652,160,1652,160,1193,125,1193,125,1260,135,1260,135,1617,160,1617,160,1412,152,1412,152,848,105,848,105,1148,124,1148,124,1401,143,1401,143,372,45,372,45,2115,222,2115,222
28601,83,5,83,5,447,21,447,21,404,15,404,15,398,19,398,19,620,32,620,32,501,23,501,23,1343,65,1343,65,929,37,929,37,158,9,158,9,,,,,,,,,,,,,,,,,,,,
40718,92,6,24,1,767,121,103,22,1132,167,132,31,563,77,563,77,1218,177,1218,177,1791,233,1791,233,624,43,624,43,,,,,,,,,,,,,,,,,689,40,689,40,1163,87,1163,87,,,,
33002,92,5,92,5,1270,68,1270,68,785,38,785,38,,,,,,,,,517,30,517,30,670,33,670,33,1196,61,1196,61,158,8,158,8,609,33,609,33,1323,78,1323,78,928,60,928,60,1644,89,1644,89,371,26,371,26
48614,92,18,17,5,44,8,22,5,1480,220,105,26,1633,221,171,34,,,,,,,,,,,,,,,,,,,,,,,,,,,,,,,,,,,,,,,,
6914,92,5,92,5,1338,71,1338,71,472,21,472,21,301,13,301,13,425,15,425,15,1870,97,1870,97,432,18,432,18,1836,96,1836,96,,,,,,,,,331,16,331,16,2259,125,2259,125,213,11,213,11,1753,118,1753,118
10566,92,11,92,11,,,,,,,,,1564,195,1564,195,1350,163,1350,163,182,14,182,14,1629,207,1629,207,1392,153,1392,153,,,,,,,,,,,,,,,,,,,,,,,,
6776,97,19,97,19,1270,192,1270,192,404,62,404,62,32,6,32,6,1731,251,1731,251,303,40,303,40,1219,149,1219,149,397,56,397,56,,,,,,,,,147,18,147,18,928,116,928,116,1421,146,1421,146,928,110,928,110
1028,97,3,97,3,739,8,739,8,430,9,430,9,615,10,615,10,1746,32,1746,32,455,8,455,8,1306,18,1306,18,1219,21,1219,21,,,,,,,,,,,,,472,9,472,9,403,8,403,8,1615,32,1615,32
5485,97,12,97,12,1013,132,1013,132,1391,193,1391,193,208,33,208,33,1066,131,1066,131,284,27,284,27,775,84,775,84,2038,238,2038,238,669,78,669,78,440,48,440,48,941,109,941,109,1931,237,1931,237,1363,140,1363,140,611,74,611,74
26905,97,7,97,7,21,1,21,1,389,18,389,18,1249,50,1249,50,,,,,,,,,,,,,,,,,,,,,,,,,,,,,,,,,,,,,,,,
7498,101,13,101,13,627,92,627,92,1054,154,1054,154,1068,149,1068,149,1777,235,1777,235,1337,189,1337,189,,,,,353,54,353,54,1252,197,1252,197,1087,172,1087,172,,,,,,,,,,,,,,,,
342,101,12,101,12,605,64,605,64,669,65,669,65,1049,106,1049,106,1088,106,1088,106,1733,185,1733,185,1081,113,1081,113,611,68,611,68,626,71,626,71,1000,123,1000,123,1781,195,1781,195,1445,150,1445,150,1091,117,1091,117,2431,250,2431,250
12084,101,7,101,7,739,45,739,45,,,,,,,,,,,,,,,,,,,,,,,,,,,,,,,,,,,,,,,,,,,,,,,,
12304,101,8,101,8,699,31,699,31,805,39,805,39,374,16,374,16,1088,48,1088,48,1216,62,1216,62,1484,72,1484,72,,,,,,,,,,,,,451,23,451,23,754,46,754,46,1943,110,1943,110,113,10,113,10
15440,101,20,101,20,840,135,840,135,1510,222,1510,222,1163,152,1163,152,1483,218,1483,218,,,,,,,,,,,,,,,,,,,,,,,,,,,,,,,,,,,,
45843,101,12,18,2,33,4,14,2,11,2,7,2,200,20,58,10,773,70,126,18,,,,,,,,,,,,,,,,,,,,,,,,,,,,,,,,,,,,
45284,101,6,26,2,381,17,60,5,976,46,119,4,737,26,116,5,494,25,494,25,284,13,284,13,1081,48,1081,48,100,9,100,9,1252,53,1252,53,1519,56,1519,56,555,10,555,10,1836,75,1836,75,596,21,596,21,611,24,611,24
47910,101,7,101,7,1160,81,1160,81,,,,,,,,,,,,,,,,,,,,,,,,,,,,,,,,,,,,,,,,,,,,,,,,
23658,101,6,101,6,739,42,739,42,1345,59,1345,59,483,21,483,21,249,17,249,17,64,1,64,1,522,27,522,27,2156,88,2156,88,669,31,669,31,1317,47,1317,47,,,,,,,,,,,,,,,,
51337,101,20,101,20,482,82,482,82,1527,224,1527,224,82,14,82,14,1449,211,1449,211,1238,151,1238,151,334,43,334,43,273,38,273,38,703,83,703,83,870,108,870,108,1367,177,1367,177,1279,159,1279,159,1292,134,1292,134,1941,228,1941,228
14556,111,14,111,14,371,53,371,53,571,88,571,88,339,49,339,49,1042,132,1042,132,1959,276,1959,276,103,12,103,12,1044,151,1044,151,565,82,565,82,897,134,897,134,741,106,741,106,731,91,731,91,,,,,,,,
35778,111,10,111,10,473,41,473,41,1222,103,1222,103,120,11,120,11,518,45,518,45,1238,85,1238,85,1462,112,1462,112,1122,87,1122,87,1587,144,1587,144,964,89,964,89,1484,114,1484,114,1563,109,1563,109,686,52,686,52,684,47,684,47
14835,111,14,111,14,1160,171,1160,171,1029,151,1029,151,1349,190,1349,190,315,45,315,45,1904,268,1904,268,286,39,286,39,1529,216,1529,216,1166,185,1166,185,1219,189,1219,189,797,115,797,115,190,27,190,27,1461,191,1461,191,1450,194,1450,194
28140,111,10,111,10,657,50,657,50,1132,98,1132,98,825,61,825,61,692,59,692,59,501,40,501,40,573,51,573,51,1637,126,1637,126,1252,101,1252,101,848,81,848,81,941,75,941,75,1882,142,1882,142,2039,155,2039,155,207,17,207,17
24145,111,14,111,14,1039,110,1039,110,,,,,,,,,,,,,,,,,,,,,,,,,,,,,,,,,,,,,,,,,,,,,,,,
12168,111,10,111,10,1220,95,1220,95,1471,119,1471,119,221,20,221,20,356,23,356,23,743,51,743,51,624,55,624,55,1170,92,1170,92,1450,133,1450,133,,,,,,,,,1333,92,1333,92,1326,110,1326,110,1187,79,1187,79
43502,111,6,28,2,642,29,70,4,243,8,65,3,857,39,124,5,177,8,177,8,959,45,959,45,,,,,,,,,,,,,,,,,,,,,,,,,,,,,,,,
25981,118,13,118,13,179,21,179,21,1039,137,1039,137,1603,199,1603,199,1652,203,1652,203,238,21,238,21,326,33,326,33,1617,190,1617,190,1282,153,1282,153,478,55,478,55,722,81,722,81,1858,223,1858,223,1965,218,1965,218,2169,242,2169,242
35775,118,13,19,3,210,21,51,4,1076,92,87,7,89,8,40,4,562,47,110,13,208,15,208,15,670,60,670,60,1249,154,1249,154,1412,152,1412,152,425,58,425,58,1148,124,1148,124,230,33,230,33,109,6,109,6,1638,103,1638,103
49098,118,15,118,15,873,94,873,94,1132,115,1132,115,604,56,604,56,1777,171,1777,171,642,61,642,61,670,76,670,76,1019,102,1019,102,1680,184,1680,184,1149,134,1149,134,528,63,528,63,1882,186,1882,186,1675,173,1675,173,1891,194,1891,194
36498,118,22,19,6,715,113,71,17,524,79,65,17,1304,179,155,29,135,27,56,16,1911,248,1911,248,1059,133,1059,133,1867,236,1867,236,1546,193,1546,193,,,,,,,,,,,,,,,,,981,126,981,126
24139,122,16,122,16,1405,147,1405,147,28,6,28,6,412,39,412,39,736,64,736,64,134,17,134,17,1842,179,1842,179,740,82,740,82,669,74,669,74,1500,170,1500,170,1508,160,1508,160,843,92,843,92,856,93,856,93,453,51,453,51
21262,122,7,122,7,873,94,873,94,722,70,722,70,1423,136,1423,136,821,77,821,77,816,74,816,74,934,99,934,99,994,49,994,49,893,47,893,47,848,44,848,44,1562,80,1562,80,1118,61,1118,61,1115,66,1115,66,1585,90,1585,90
11003,122,8,122,8,715,40,715,40,886,40,886,40,349,16,349,16,1827,85,1827,85,,,,,,,,,,,,,,,,,,,,,,,,,1096,46,1096,46,1185,49,1185,49,,,,
49711,2,2,2,2,61,5,61,5,15,3,15,3,54,5,54,5,74,8,74,8,46,7,46,7,61,6,61,6,,,,,,,,,,,,,,,,,,,,,,,,,,,,
9851,122,6,122,6,1132,67,1132,67,472,25,472,25,1014,60,1014,60,979,53,979,53,1166,57,1166,57,962,57,962,57,841,44,841,44,400,17,400,17,1087,55,1087,55,1654,100,1654,100,,,,,,,,,,,,
45906,122,7,122,7,1280,56,1280,56,1270,64,1270,64,648,32,648,32,884,40,884,40,1571,68,1571,68,1613,94,1613,94,1576,94,1576,94,,,,,,,,,1063,60,1063,60,390,27,390,27,931,57,931,57,1706,107,1706,107
41268,127,16,127,16,811,124,811,124,235,34,235,34,,,,,,,,,,,,,,,,,,,,,,,,,,,,,,,,,,,,,,,,,,,,
6860,127,5,127,5,642,96,642,96,950,136,950,136,737,91,737,91,1132,142,1132,142,398,20,398,20,1917,111,1917,111,659,40,659,40,,,,,,,,,,,,,,,,,,,,,952,38,952,38
39501,129,9,129,9,59,2,59,2,1548,80,1548,80,364,14,364,14,159,7,159,7,346,39,346,39,1202,130,1202,130,1617,160,1617,160,99,15,99,15,77,17,77,17,2071,222,2071,222,1882,186,1882,186,621,65,621,65,1670,109,1670,109
37561,129,6,129,6,1299,72,1299,72,299,27,299,27,465,25,465,25,1328,67,1328,67,1319,78,1319,78,1796,103,1796,103,1170,77,1170,77,,,,,,,,,605,35,605,35,,,,,,,,,233,22,233,22
25978,131,17,131,17,1246,69,1246,69,852,58,852,58,273,35,273,35,795,103,795,103,143,27,143,27,1107,154,1107,154,955,142,955,142,1070,170,1070,170,806,115,806,115,2160,284,2160,284,985,117,985,117,403,52,403,52,357,49,357,49
38894,131,14,31,2,1366,192,136,8,103,12,43,5,615,77,615,77,505,63,505,63,1950,237,1950,237,1151,142,1151,142,756,74,756,74,1282,153,1282,153,,,,,,,,,,,,,,,,,,,,
19426,131,23,131,23,1142,181,1142,181,836,117,836,117,848,109,848,109,956,137,956,137,867,102,867,102,1306,158,1306,158,1505,193,1505,193,999,112,999,112,1270,153,1270,153,232,38,232,38,1956,234,1956,234,1592,179,1592,179,2097,251,2097,251
57981,131,17,131,17,356,51,356,51,1324,189,1324,189,604,74,604,74,562,69,562,69,1337,189,1337,189,,,,,,,,,,,,,,,,,,,,,,,,,,,,,,,,
9256,131,9,131,9,1254,59,1254,59,1132,49,1132,49,1034,38,1034,38,1296,60,1296,60,,,,,1949,89,1949,89,,,,,823,36,823,36,1115,37,1115,37,2126,78,2126,78,,,,,,,,,,,,
45934,136,10,136,10,1438,69,1438,69,,,,,,,,,1417,61,1417,61,672,29,672,29,1019,48,1019,48,195,9,195,9,532,26,532,26,1405,69,1405,69,741,41,741,41,774,42,774,42,238,10,238,10,2288,119,2288,119
14544,136,15,136,15,267,40,267,40,363,50,363,50,,,,,,,,,,,,,,,,,,,,,,,,,,,,,,,,,,,,,,,,,,,,
39485,136,15,136,15,938,122,938,122,459,63,459,63,1398,164,1398,164,956,114,956,114,107,6,107,6,119,11,119,11,471,48,471,48,1518,186,1518,186,1440,178,1440,178,451,48,451,48,2001,248,2001,248,2496,285,2496,285,1450,155,1450,155
39771,136,14,32,5,1299,103,92,7,36,5,23,2,681,53,112,9,356,23,356,23,880,59,880,59,962,81,962,81,1962,150,1962,150,933,79,933,79,493,41,493,41,2152,228,2152,228,1445,81,1445,81,746,45,746,45,1638,105,1638,105
33869,140,19,140,19,179,22,179,22,284,42,284,42,1469,205,1469,205,470,61,470,61,575,83,575,83,273,37,273,37,1738,245,1738,245,,,,,,,,,,,,,,,,,1592,207,1592,207,290,42,290,42
49412,140,17,140,17,978,127,978,127,1566,218,1566,218,27,5,27,5,187,26,187,26,284,27,284,27,,,,,,,,,,,,,1541,193,1541,193,1623,196,1623,196,248,29,248,29,1027,108,1027,108,1670,182,1670,182
7834,140,17,140,17,1348,188,1348,188,1054,142,1054,142,795,93,795,93,677,88,677,88,323,33,323,33,1173,146,1173,146,1044,116,1044,116,893,107,893,107,981,108,981,108,1714,208,1714,208,1011,121,1011,121,2066,226,2066,226,1989,221,1989,221
36138,140,11,140,11,978,46,978,46,199,28,199,28,273,39,273,39,1620,197,1620,197,298,31,298,31,1863,238,1863,238,907,95,907,95,,,,,,,,,,,,,,,,,,,,,,,,
53606,140,9,140,9,1312,91,1312,91,556,28,556,28,1676,93,1676,93,534,35,534,35,1004,64,1004,64,2035,127,2035,127,,,,,,,,,,,,,1367,73,1367,73,547,34,547,34,2018,141,2018,141,1753,137,1753,137
49708,3,3,1,1,35,2,9,2,44,6,13,3,4,2,3,1,60,7,24,3,23,5,23,5,,,,,,,,,,,,,,,,,,,,,,,,,,,,,,,,
39530,145,20,145,20,,,,,,,,,,,,,,,,,,,,,,,,,,,,,,,,,,,,,,,,,,,,,,,,,,,,
55877,145,10,145,10,699,42,699,42,,,,,,,,,,,,,1882,116,1882,116,1764,114,1764,114,1122,75,1122,75,,,,,,,,,,,,,,,,,,,,,,,,
17122,145,24,145,24,241,43,241,43,404,62,404,62,825,108,825,108,736,110,736,110,709,83,709,83,1876,233,1876,233,717,93,717,93,1674,213,1674,213,149,20,149,20,534,75,534,75,1248,157,1248,157,1514,164,1514,164,1541,181,1541,181
28586,145,20,145,20,627,92,627,92,1345,193,1345,193,,,,,,,,,,,,,,,,,,,,,,,,,,,,,,,,,,,,,,,,,,,,
3550,145,17,145,17,,,,,,,,,,,,,,,,,,,,,,,,,1249,138,1249,138,,,,,,,,,1267,147,1267,147,,,,,,,,,,,,
30242,150,18,150,18,1238,130,1238,130,869,88,869,88,1163,118,1163,118,1194,115,1194,115,1461,159,1461,159,635,71,635,71,1637,162,1637,162,1311,205,1311,205,,,,,,,,,,,,,,,,,,,,
6301,150,10,150,10,811,46,811,46,459,13,459,13,681,56,681,56,647,31,647,31,1120,61,1120,61,1219,57,1219,57,907,44,907,44,330,19,330,19,1405,78,1405,78,1678,82,1678,82,512,26,512,26,1896,103,1896,103,549,23,549,23
12428,150,11,150,11,320,16,320,16,459,25,459,25,1126,66,1126,66,1194,90,1194,90,620,36,620,36,1173,71,1173,71,2058,127,2058,127,,,,,,,,,,,,,,,,,,,,,,,,
2749,150,18,150,18,1348,140,1348,140,743,75,743,75,1650,151,1650,151,773,70,773,70,1298,137,1298,137,286,35,286,35,1637,162,1637,162,893,91,893,91,1571,179,1571,179,2249,238,2249,238,,,,,,,,,,,,
20657,154,19,154,19,431,62,431,62,1178,161,1178,161,1266,151,1266,151,43,5,43,5,1337,166,1337,166,1386,172,1386,172,243,24,243,24,1692,208,1692,208,1053,124,1053,124,621,63,621,63,320,40,320,40,1539,159,1539,159,,,,
1979,154,22,154,22,241,29,241,29,1422,203,1422,203,1183,164,1183,164,283,41,283,41,709,103,709,103,1750,245,1750,245,1078,155,1078,155,1126,180,1126,180,461,53,461,53,135,16,135,16,1975,260,1975,260,1091,138,1091,138,2364,312,2364,312
10663,154,19,154,19,1391,195,1391,195,309,43,309,43,1440,169,1440,169,315,43,315,43,959,123,959,123,800,89,800,89,2019,234,2019,234,349,39,349,39,981,108,981,108,856,99,856,99,655,73,655,73,2349,270,2349,270,1039,115,1039,115
32616,154,1,154,1,1220,19,1220,19,603,13,603,13,1150,74,1150,74,1017,58,1017,58,880,51,880,51,1202,71,1202,71,,,,,,,,,588,32,588,32,264,17,264,17,2152,134,2152,134,1185,67,1185,67,1420,81,1420,81
53403,158,12,158,12,1052,71,1052,71,766,48,766,48,1098,61,1098,61,1157,112,1157,112,772,71,772,71,247,30,247,30,1553,151,1553,151,35,8,35,8,,,,,,,,,,,,,,,,,,,,
45130,158,11,158,11,1106,56,1106,56,235,7,235,7,1682,73,1682,73,315,21,315,21,959,45,959,45,2016,91,2016,91,1754,70,1754,70,113,7,113,7,91,4,91,4,1678,57,1678,57,1069,43,1069,43,2262,91,2262,91,624,26,624,26
851,158,21,158,21,1277,180,1277,180,88,10,88,10,1695,207,1695,207,97,11,97,11,1826,218,1826,218,232,21,232,21,1678,199,1678,199,349,39,349,39,266,34,266,34,1299,151,1299,151,2016,251,2016,251,1438,149,1438,149,2169,242,2169,242
1972,158,23,158,23,590,81,590,81,1313,187,1313,187,1603,221,1603,221,114,11,114,11,485,75,485,75,670,92,670,92,1122,163,1122,163,1070,170,1070,170,806,115,806,115,1247,173,1247,173,2016,265,2016,265,830,110,830,110,1638,223,1638,223
25728,158,7,158,7,1013,61,1013,61,1487,83,1487,83,57,3,57,3,306,19,306,19,1319,68,1319,68,418,26,418,26,2094,110,2094,110,173,10,173,10,350,21,350,21,1323,75,1323,75,2193,121,2193,121,558,32,558,32,1450,68,1450,68
1241,158,4,158,4,1075,13,1075,13,617,19,617,19,578,9,578,9,821,13,821,13,1496,25,1496,25,1820,25,1820,25,462,7,462,7,,,,,,,,,1063,7,1063,7,1724,25,1724,25,1675,31,1675,31,,,,
8263,158,7,158,7,1425,81,1425,81,1359,83,1359,83,,,,,1449,74,1449,74,1120,70,1120,70,844,48,844,48,1899,118,1899,118,,,,,,,,,1247,74,1247,74,444,31,444,31,2460,145,2460,145,1753,110,1753,110
3335,158,12,158,12,873,53,873,53,1256,79,1256,79,349,16,349,16,979,69,979,69,1396,88,1396,88,103,7,103,7,1044,71,1044,71,,,,,,,,,2126,127,2126,127,1597,98,1597,98,2207,149,2207,149,701,50,701,50
14619,158,20,158,20,1420,150,1420,150,1222,164,1222,164,737,70,737,70,1368,134,1368,134,692,69,692,69,2072,200,2072,200,,,,,,,,,,,,,,,,,,,,,,,,,,,,
36944,158,25,158,25,145,26,145,26,88,17,88,17,412,51,412,51,692,108,692,108,434,56,434,56,1386,169,1386,169,994,127,994,127,260,32,260,32,251,34,251,34,1735,214,1735,214,369,45,369,45,2018,238,2018,238,347,48,347,48
13449,168,8,168,8,1142,61,1142,61,669,48,669,48,1382,76,1382,76,1401,69,1401,69,1100,68,1100,68,,,,,,,,,,,,,,,,,1019,58,1019,58,230,14,230,14,2473,146,2473,146,2431,148,2431,148
2988,168,26,168,26,482,82,482,82,785,111,785,111,1659,227,1659,227,,,,,,,,,432,56,432,56,332,46,332,46,,,,,,,,,,,,,,,,,,,,,,,,
10045,168,8,168,8,590,38,590,38,524,30,524,30,591,32,591,32,315,20,315,20,1603,84,1603,84,1764,96,1764,96,1754,88,1754,88,1282,62,1282,62,964,52,964,52,2061,122,2061,122,,,,,,,,,,,,
20091,168,14,168,14,,,,,,,,,782,45,782,45,1157,86,1157,86,792,48,792,48,1081,67,1081,67,1505,98,1505,98,626,36,626,36,416,25,416,25,1945,116,1945,116,2286,148,2286,148,960,73,960,73,2211,167,2211,167
42352,168,3,168,3,1173,33,1173,33,950,29,950,29,349,31,349,31,920,50,920,50,1721,89,1721,89,978,48,978,48,1100,53,1100,53,,,,,,,,,534,31,534,31,,,,,,,,,,,,
19980,168,22,168,22,1052,139,1052,139,243,34,243,34,1126,134,1126,134,442,56,442,56,792,101,792,101,1423,179,1423,179,866,88,866,88,1636,204,1636,204,841,92,841,92,1367,158,1367,158,1380,156,1380,156,1461,153,1461,153,1781,195,1781,195
52602,168,14,39,2,924,57,924,57,39,1,39,1,483,23,483,23,1157,171,1157,171,262,11,262,11,1960,125,1960,125,1019,69,1019,69,,,,,,,,,994,59,994,59,1423,78,1423,78,763,57,763,57,2332,170,2332,170
28091,168,22,168,22,514,57,514,57,722,70,722,70,990,97,990,97,442,36,442,36,,,,,,,,,,,,,,,,,,,,,,,,,,,,,,,,,,,,
41298,176,9,33,2,739,33,72,2,110,5,46,2,666,31,110,6,1001,39,1001,39,501,29,501,29,755,37,755,37,539,27,539,27,823,51,823,51,1028,51,1028,51,1815,106,1815,106,,,,,,,,,,,,
40034,176,21,33,3,563,63,69,11,539,51,90,11,127,20,51,8,715,92,715,92,1042,134,1042,134,,,,,,,,,,,,,,,,,,,,,,,,,,,,,,,,
3566,176,24,176,24,1118,154,1118,154,886,115,886,115,591,75,591,75,620,82,620,82,241,22,241,22,1173,146,1173,146,1351,149,1351,149,1344,166,1344,166,1000,113,1000,113,1339,155,1339,155,985,113,985,113,788,85,788,85,2148,238,2148,238
12665,176,27,176,27,978,157,978,157,263,40,263,40,1645,225,1645,225,,,,,,,,,,,,,1779,222,1779,222,,,,,,,,,,,,,,,,,,,,,,,,
30107,176,4,176,4,670,15,670,15,1197,36,1197,36,251,23,251,23,,,,,,,,,,,,,740,35,740,35,,,,,,,,,,,,,,,,,,,,,,,,
8574,4,1,4,1,48,9,48,9,34,6,34,6,30,8,30,8,30,4,30,4,26,4,26,4,49,6,49,6,95,11,95,11,40,7,40,7,71,10,71,10,73,9,73,9,75,9,75,9,115,17,115,17,,,,
3287,181,28,181,28,1106,176,1106,176,1401,211,1401,211,1440,197,1440,197,,,,,,,,,,,,,,,,,,,,,,,,,,,,,,,,,,,,,,,,
8564,181,22,181,22,951,104,951,104,472,46,472,46,1708,154,1708,154,956,91,956,91,1298,137,1298,137,653,74,653,74,659,73,659,73,1311,139,1311,139,1364,153,1364,153,1678,181,1678,181,754,87,754,87,2474,247,2474,247,,,,
1981,183,24,183,24,405,58,405,58,785,113,785,113,1650,225,1650,225,900,115,900,115,729,110,729,110,483,65,483,65,1019,149,1019,149,330,49,330,49,1219,189,1219,189,1169,160,1169,160,655,84,655,84,528,70,528,70,2211,289,2211,289
1289,183,9,183,9,1193,71,1193,71,722,40,722,40,899,54,899,54,795,43,795,43,501,24,501,24,1509,80,1509,80,1993,104,1993,104,1166,55,1166,55,897,47,897,47,590,39,590,39,1674,93,1674,93,1091,67,1091,67,2321,117,2321,117
19291,183,29,183,29,811,130,811,130,485,13,485,13,1049,17,1049,17,1470,215,1470,215,1216,166,1216,166,1777,250,1777,250,,,,,,,,,,,,,,,,,,,,,,,,,,,,
33,183,23,183,23,1075,115,1075,115,917,92,917,92,,,,,,,,,,,,,,,,,,,,,,,,,,,,,,,,,,,,,,,,,,,,
51137,183,24,183,24,231,26,231,26,1091,157,1091,157,168,21,168,21,1525,201,1525,201,,,,,,,,,,,,,,,,,,,,,,,,,,,,,,,,,,,,
40553,183,23,21,3,59,9,21,5,495,48,63,10,465,42,78,13,425,35,99,14,1688,176,198,28,,,,,,,,,,,,,,,,,,,,,,,,,,,,,,,,
29279,183,23,183,23,1352,141,1352,141,,,,,,,,,,,,,,,,,,,,,,,,,,,,,169,7,169,7,,,,,,,,,,,,,,,,
42411,190,30,36,8,1106,176,123,24,179,27,56,13,200,25,200,25,1642,235,1642,235,91,16,91,16,729,91,729,91,1019,132,1019,132,565,72,565,72,266,36,266,36,1698,211,1698,211,1533,184,1533,184,558,58,558,58,845,96,845,96
51780,190,30,190,30,1307,197,1307,197,995,136,995,136,1700,239,1700,239,1483,218,1483,218,588,69,588,69,387,50,387,50,311,44,311,44,1252,153,1252,153,1053,128,1053,128,1756,215,1756,215,2056,249,2056,249,,,,,,,,
49201,190,12,36,3,145,6,46,2,42,3,26,2,1206,48,148,6,1194,53,1194,53,323,14,323,14,573,32,573,32,1295,62,1295,62,458,23,458,23,1460,71,1460,71,,,,,,,,,,,,,,,,
102,190,26,190,26,1229,128,1229,128,963,101,963,101,1423,136,1423,136,,,,,1424,153,1424,153,255,32,255,32,195,26,195,26,1223,132,1223,132,1449,160,1449,160,856,95,856,95,2152,214,2152,214,2411,240,2411,240,,,,
20063,190,26,190,26,754,116,754,116,254,38,254,38,319,42,319,42,934,120,934,120,1842,260,1842,260,962,139,962,139,1754,247,1754,247,73,8,73,8,1492,226,1492,226,1537,207,1537,207,1224,155,1224,155,1539,200,1539,200,2132,278,2132,278
14119,190,26,190,26,507,70,507,70,1575,227,1575,227,127,14,127,14,900,115,900,115,1298,181,1298,181,,,,,,,,,,,,,,,,,,,,,1248,157,1248,157,2262,295,2262,295,590,71,590,71
14765,190,30,190,30,590,99,590,99,443,68,443,68,1574,212,1574,212,979,140,979,140,455,58,455,58,1980,243,1980,243,1351,170,1351,170,18,5,18,5,350,52,350,52,2102,257,2102,257,1810,218,1810,218,2187,262,2187,262,2132,257,2132,257
22309,190,12,190,12,684,31,684,31,,,,,,,,,1218,54,1218,54,743,34,743,34,1462,62,1462,62,539,27,539,27,,,,,,,,,1858,97,1858,97,230,8,230,8,2200,125,2200,125,410,18,410,18
42373,190,5,190,5,767,16,767,16,,,,,,,,,,,,,,,,,,,,,,,,,,,,,,,,,,,,,,,,,,,,,,,,
39565,190,26,190,26,1403,203,1403,203,1178,168,1178,168,262,34,262,34,1157,149,1157,149,73,12,73,12,1132,157,1132,157,287,39,287,39,,,,,,,,,1299,180,1299,180,428,50,428,50,1539,200,1539,200,432,59,432,59
20100,200,14,200,14,1299,59,1299,59,603,25,603,25,234,10,234,10,1066,45,1066,45,1587,69,1587,69,1832,82,1832,82,1295,62,1295,62,260,12,260,12,1623,76,1623,76,,,,,1502,76,1502,76,336,15,336,15,1328,76,1328,76
18642,200,27,200,27,1413,148,1413,148,852,86,852,86,563,49,563,49,457,38,457,38,,,,,,,,,,,,,,,,,1697,191,1697,191,,,,,,,,,,,,,1706,179,1706,179
25056,200,29,200,29,356,51,356,51,938,133,938,133,1219,171,1219,171,715,86,715,86,1461,210,1461,210,653,88,653,88,1819,253,1819,253,1223,192,1223,192,806,115,806,115,666,96,666,96,1533,198,1533,198,481,60,481,60,2274,297,2274,297
284,200,29,200,29,1396,201,1396,201,,,,,,,,,,,,,,,,,,,,,,,,,1198,188,1198,188,1335,206,1335,206,,,,,,,,,,,,,,,,
2535,200,25,200,25,,,,,,,,,879,65,879,65,340,21,340,21,194,13,194,13,824,71,824,71,640,54,640,54,458,47,458,47,,,,,,,,,1248,83,1248,83,856,68,856,68,1585,100,1585,100
35511,200,25,45,4,1229,175,1229,175,117,15,117,15,1266,151,1266,151,390,50,390,50,1806,217,1806,217,375,42,375,42,886,91,886,91,304,35,304,35,1219,150,1219,150,1583,190,1583,190,985,113,985,113,180,26,180,26,1420,151,1420,151
10970,200,25,200,25,826,109,826,109,785,102,785,102,1625,201,1625,201,518,65,518,65,1496,184,1496,184,915,109,915,109,428,42,428,42,1126,127,1126,127,1260,153,1260,153,621,63,621,63,1380,156,1380,156,2207,250,2207,250,,,,
2936,200,27,200,27,783,49,783,49,495,48,495,48,795,76,795,76,1620,158,1620,158,816,74,816,74,160,16,160,16,817,90,817,90,703,76,703,76,1592,181,1592,181,196,27,196,27,2372,234,2372,234,68,11,68,11,2069,217,2069,217
7329,200,15,200,15,896,68,896,68,1016,87,1016,87,,,,,,,,,,,,,,,,,,,,,,,,,,,,,,,,,,,,,,,,,,,,
21328,200,25,200,25,1440,200,1440,200,1391,193,1391,193,,,,,,,,,,,,,,,,,,,,,,,,,,,,,,,,,,,,,,,,,,,,
33426,200,33,200,33,294,49,294,49,1016,142,1016,142,445,56,445,56,1311,191,1311,191,914,111,914,111,192,27,192,27,1480,210,1480,210,400,50,400,50,296,40,296,40,1087,145,1087,145,2217,270,2217,270,1644,186,1644,186,1160,142,1160,142
28336,200,25,200,25,873,116,873,116,886,115,886,115,563,72,563,72,607,80,607,80,575,67,575,67,1219,151,1219,151,1997,232,1997,232,,,,,,,,,,,,,547,61,547,61,788,85,788,85,2302,263,2302,263
19656,200,6,200,6,853,19,853,19,,,,,,,,,,,,,346,39,346,39,1423,179,1423,179,588,37,588,37,856,89,856,89,562,71,562,71,994,109,994,109,1423,147,1423,147,1055,115,1055,115,2211,230,2211,230
16097,5,1,5,1,32,5,32,5,,,,,,,,,,,,,,,,,,,,,,,,,,,,,,,,,,,,,,,,,,,,,,,,
14935,213,34,213,34,924,145,924,145,1324,200,1324,200,879,113,879,113,401,61,401,61,1949,251,1949,251,,,,,,,,,,,,,,,,,,,,,,,,,,,,,,,,
6974,213,10,213,10,,,,,,,,,445,27,445,27,1642,89,1642,89,606,32,606,32,698,41,698,41,1100,53,1100,53,,,,,,,,,,,,,,,,,,,,,,,,
28254,213,16,213,16,1405,96,1405,96,150,8,150,8,528,27,528,27,425,29,425,29,501,28,501,28,698,40,698,40,2172,135,2172,135,28,2,28,2,68,2,68,2,821,46,821,46,2065,129,2065,129,763,57,763,57,184,12,184,12
25899,213,34,213,34,657,106,657,106,766,66,766,66,127,12,127,12,1194,88,1194,88,323,24,323,24,934,79,934,79,1328,104,1328,104,626,61,626,61,1185,105,1185,105,1461,189,1461,189,,,,,,,,,684,83,684,83
21803,213,30,213,30,457,64,457,64,1197,163,1197,163,1183,141,1183,141,1449,175,1449,175,772,99,772,99,473,51,473,51,1553,179,1553,179,626,73,626,73,,,,,,,,,1118,132,1118,132,806,88,806,88,1891,210,1891,210
44724,213,34,213,34,605,101,605,101,1120,162,1120,162,666,87,666,87,900,130,900,130,1826,240,1826,240,192,28,192,28,353,48,353,48,1412,170,1412,170,944,114,944,114,,,,,,,,,705,73,705,73,1039,127,1039,127
34519,213,31,46,6,70,12,70,12,1469,208,1469,208,666,84,666,84,1132,142,1132,142,,,,,,,,,,,,,,,,,,,,,,,,,,,,,,,,,,,,
32217,220,17,220,17,1396,94,1396,94,571,31,571,31,497,25,497,25,956,68,956,68,1042,66,1042,66,729,42,729,42,131,8,131,8,,,,,,,,,,,,,,,,,931,72,931,72,1237,100,1237,100
2339,220,12,220,12,1380,67,1380,67,,,,,,,,,,,,,,,,,978,40,978,40,1019,42,1019,42,1223,52,1223,52,1074,35,1074,35,,,,,,,,,1751,66,1751,66,2513,96,2513,96
3555,220,31,220,31,1341,185,1341,185,1029,134,1029,134,648,80,648,80,534,69,534,69,1042,134,1042,134,1107,132,1107,132,1272,143,1272,143,626,73,626,73,1230,151,1230,151,571,58,571,58,2200,272,2200,272,2200,249,2200,249,,,,
13892,220,37,220,37,715,113,715,113,852,119,852,119,1417,194,1417,194,377,54,377,54,1811,239,1811,239,1401,171,1401,171,994,127,994,127,495,63,495,63,657,80,657,80,331,51,331,51,1313,163,1313,163,1438,149,1438,149,1801,211,1801,211
3377,220,17,220,17,107,4,107,4,617,36,617,36,760,42,760,42,1699,111,1699,111,1523,96,1523,96,824,51,824,51,1529,101,1529,101,,,,,,,,,1087,64,1087,64,1197,70,1197,70,1708,116,1708,116,490,37,490,37
2705,220,29,220,29,1142,120,1142,120,617,59,617,59,1451,138,1451,138,299,23,299,23,1024,131,1024,131,558,57,558,57,471,48,471,48,703,84,703,84,1087,132,1087,132,722,81,722,81,2193,270,2193,270,1115,116,1115,116,1237,131,1237,131
12754,220,37,220,37,951,149,951,149,60,10,60,10,1049,138,1049,138,1157,171,1157,171,380,51,380,51,1462,182,1462,182,1392,174,1392,174,1104,130,1104,130,848,107,848,107,741,96,741,96,798,96,798,96,1751,202,1751,202,1301,157,1301,157
3102,220,32,220,32,371,53,371,53,299,47,299,47,221,30,221,30,1824,245,1824,245,1424,203,1424,203,962,55,962,55,686,46,686,46,626,36,626,36,657,41,657,41,1989,120,1989,120,580,44,580,44,960,48,960,48,981,53,981,53
40293,220,37,220,37,,,,,,,,,,,,,,,,,,,,,314,40,314,40,955,119,955,119,,,,,,,,,,,,,,,,,,,,,,,,
38772,220,16,47,6,1238,96,1238,96,213,19,213,19,,,,,,,,,1800,131,1800,131,934,79,934,79,1678,127,1678,127,669,64,669,64,208,19,208,19,1113,87,1113,87,1313,89,1313,89,1207,97,1207,97,,,,
19967,230,30,230,30,618,66,618,66,1378,143,1378,143,920,90,920,90,272,22,272,22,792,73,792,73,1279,139,1279,139,779,88,779,88,1198,127,1198,127,657,88,657,88,1417,147,1417,147,1724,172,1724,172,1027,113,1027,113,1420,150,1420,150
4754,230,33,230,33,699,103,699,103,1305,184,1305,184,1338,188,1338,188,177,25,177,25,709,103,709,103,1596,221,1596,221,929,136,929,136,1412,221,1412,221,448,51,448,51,1858,240,1858,240,369,45,369,45,1644,216,1644,216,1383,179,1383,179
6798,230,19,230,19,495,26,495,26,319,17,319,17,1266,70,1266,70,356,25,356,25,1120,74,1120,74,1900,122,1900,122,1933,121,1933,121,106,5,106,5,510,30,510,30,1267,69,1267,69,566,35,566,35,806,61,806,61,2048,154,2048,154
23328,230,40,230,40,1289,21,1289,21,112,1,112,1,1469,93,1469,93,1328,195,1328,195,1216,149,1216,149,387,50,387,50,2082,263,2082,263,1166,137,1166,137,897,111,897,111,1267,164,1267,164,798,96,798,96,1421,146,1421,146,1585,185,1585,185
17378,230,5,230,5,1270,17,1270,17,443,10,443,10,1361,22,1361,22,1633,27,1633,27,541,12,541,12,541,4,541,4,994,15,994,15,,,,,,,,,900,4,900,4,1956,27,1956,27,725,16,725,16,1420,28,1420,28
14084,230,33,230,33,783,119,783,119,333,51,333,51,795,100,795,100,1401,182,1401,182,1895,267,1895,267,273,37,273,37,1738,245,1738,245,1694,269,1694,269,,,,,,,,,,,,,,,,,,,,
44736,6,1,2,1,8,2,3,2,20,2,9,1,9,2,4,1,68,10,26,4,30,4,30,4,,,,,,,,,,,,,,,,,,,,,,,,,,,,,,,,
49684,236,32,236,32,1118,154,1118,154,1391,193,1391,193,168,27,168,27,,,,,,,,,,,,,,,,,,,,,,,,,,,,,,,,,,,,,,,,
48369,236,35,236,35,1173,172,1173,172,31,4,31,4,1749,233,1749,233,140,16,140,16,1357,192,1357,192,1737,243,1737,243,2164,292,2164,292,,,,,,,,,,,,,,,,,,,,,,,,
35269,236,41,236,41,826,132,826,132,472,70,472,70,1068,140,1068,140,,,,,,,,,,,,,,,,,,,,,,,,,,,,,820,100,820,100,1438,149,1438,149,981,118,981,118
4136,236,32,236,32,548,80,548,80,995,103,995,103,89,8,89,8,1804,172,1804,172,187,22,187,22,1019,105,1019,105,588,57,588,57,1034,119,1034,119,1317,162,1317,162,1735,214,1735,214,1858,223,1858,223,213,29,213,29,1966,218,1966,218
19104,236,13,236,13,783,44,783,44,1334,58,1334,58,1398,58,1398,58,692,36,692,36,1042,51,1042,51,1059,46,1059,46,1985,79,1985,79,,,,,,,,,,,,,,,,,,,,,,,,
46293,236,17,236,17,909,70,909,70,1029,88,1029,88,,,,,,,,,,,,,,,,,,,,,,,,,,,,,,,,,,,,,,,,,,,,
26585,236,31,236,31,281,31,281,31,1169,118,1169,118,957,93,957,93,1328,132,1328,132,959,95,959,95,138,13,138,13,1392,136,1392,136,703,76,703,76,657,88,657,88,1537,164,1537,164,1043,110,1043,110,,,,,,,,
16313,236,11,236,11,896,54,896,54,1464,82,1464,82,221,14,221,14,1548,83,1548,83,672,35,672,35,573,33,573,33,1328,66,1328,66,,,,,,,,,2257,135,2257,135,359,19,359,19,806,49,806,49,,,,
39553,236,31,22,4,381,43,60,9,1222,125,95,15,136,13,52,8,249,19,73,10,1972,206,1972,206,1663,166,1663,166,,,,,,,,,,,,,,,,,,,,,,,,,1706,187,1706,187
16751,236,41,236,41,951,149,951,149,1560,227,1560,227,319,42,319,42,1088,158,1088,158,1298,161,1298,161,8,3,8,3,1851,233,1851,233,1533,190,1533,190,1692,207,1692,207,2309,283,2309,283,,,,,,,,,,,,
13715,236,15,236,15,356,18,356,18,822,39,822,39,635,31,635,31,1838,84,1838,84,1265,58,1265,58,670,37,670,37,1836,89,1836,89,,,,,,,,,1756,91,1756,91,2030,99,2030,99,,,,,590,31,590,31
765,6,2,6,2,3,1,3,1,44,8,44,8,28,7,28,7,68,10,68,10,64,12,64,12,8,1,8,1,73,7,73,7,77,12,77,12,48,7,48,7,74,10,74,10,61,6,61,6,,,,,,,,
8518,247,33,247,33,531,60,531,60,917,92,917,92,1098,113,1098,113,106,10,106,10,1882,195,1882,195,483,49,483,49,516,57,516,57,,,,,,,,,1196,131,1196,131,1641,164,1641,164,1620,173,1620,173,1114,120,1114,120
3531,247,9,247,9,1118,60,1118,60,805,55,805,55,1440,77,1440,77,242,11,242,11,241,13,241,13,844,48,844,48,31,3,31,3,99,4,99,4,1693,39,1693,39,900,49,900,49,655,40,655,40,1241,77,1241,77,,,,
15814,247,6,247,6,1420,21,1420,21,722,23,722,23,615,10,615,10,1594,26,1594,26,370,6,370,6,879,12,879,12,841,12,841,12,1465,24,1465,24,1440,20,1440,20,246,1,246,1,1423,21,1423,21,1421,27,1421,27,1160,24,1160,24
1746,247,34,247,34,415,58,415,58,1334,183,1334,183,782,92,782,92,715,92,715,92,1645,204,1645,204,103,9,103,9,2026,106,2026,106,823,95,823,95,350,42,350,42,1714,208,1714,208,1674,199,1674,199,1558,162,1558,162,1541,165,1541,165
3548,247,34,247,34,909,121,909,121,190,26,190,26,1603,199,1603,199,1679,207,1679,207,485,56,485,56,1132,139,1132,139,1392,153,1392,153,,,,,,,,,214,27,214,27,859,98,859,98,2303,264,2303,264,1989,221,1989,221
7873,247,36,247,36,853,130,853,130,995,145,995,145,181,24,181,24,1401,182,1401,182,1817,259,1817,259,418,55,418,55,121,15,121,15,,,,,,,,,1508,203,1508,203,2207,290,2207,290,1363,177,1363,177,90,12,90,12
51821,253,20,253,20,1075,74,1075,74,585,33,585,33,578,32,578,32,1042,74,1042,74,1042,66,1042,66,800,48,800,48,2073,128,2073,128,,,,,,,,,1935,115,1935,115,754,48,754,48,1326,92,1326,92,1585,125,1585,125
4002,253,36,253,36,1220,172,1220,172,1345,185,1345,185,215,34,215,34,1194,143,1194,143,1357,168,1357,168,1328,161,1328,161,1591,185,1591,185,1311,162,1311,162,1553,196,1553,196,496,54,496,54,1614,186,1614,186,1390,145,1390,145,549,65,549,65
53449,253,20,253,20,1332,92,1332,92,275,14,275,14,364,17,364,17,,,,,,,,,,,,,,,,,,,,,,,,,,,,,,,,,,,,,,,,
18504,253,10,253,10,356,15,356,15,1054,46,1054,46,648,30,648,30,211,9,211,9,1024,51,1024,51,2030,103,2030,103,166,7,166,7,1433,74,1433,74,350,11,350,11,174,11,174,11,2390,128,2390,128,686,45,686,45,1827,122,1827,122
33547,253,43,253,43,1358,203,1358,203,127,20,127,20,973,129,973,129,659,101,659,101,1806,237,1806,237,1462,182,1462,182,,,,,,,,,,,,,,,,,,,,,,,,,,,,
48349,253,34,253,34,1220,126,1220,126,1016,106,1016,106,1089,111,1089,111,1286,124,1286,124,672,66,672,66,2068,199,2068,199,,,,,703,76,703,76,673,90,673,90,,,,,,,,,2101,215,2101,215,1781,184,1781,184
25039,253,16,253,16,1289,57,1289,57,299,10,299,10,706,34,706,34,647,30,647,30,1396,60,1396,60,1446,61,1446,61,588,33,588,33,,,,,,,,,,,,,,,,,1270,75,1270,75,1495,87,1495,87
40280,260,7,39,3,896,22,111,4,805,22,110,3,635,53,635,53,1434,75,1434,75,,,,,,,,,,,,,,,,,,,,,,,,,,,,,,,,,,,,
31107,260,44,260,44,320,54,320,54,869,120,869,120,1398,188,1398,188,87,7,87,7,620,90,620,90,558,74,558,74,1859,258,1859,258,1641,265,1641,265,1074,169,1074,169,451,64,451,64,384,47,384,47,1644,216,1644,216,1266,163,1266,163
11739,260,2,260,2,853,15,853,15,1535,31,1535,31,,,,,,,,,1887,103,1887,103,,,,,,,,,,,,,,,,,,,,,,,,,,,,,,,,
4794,260,18,260,18,1075,84,1075,84,1054,90,1054,90,364,31,364,31,846,65,846,65,1863,135,1863,135,483,43,483,43,1442,115,1442,115,1252,101,1252,101,673,57,673,57,423,35,423,35,1787,133,1787,133,1868,142,1868,142,,,,
36694,260,37,49,5,1118,154,1118,154,722,94,722,94,120,19,120,19,1368,63,1368,63,1911,85,1911,85,775,35,775,35,60,6,60,6,,,,,,,,,75,2,75,2,258,7,258,7,1514,60,1514,60,2242,83,2242,83
375,260,37,260,37,605,84,605,84,505,75,505,75,1509,210,1509,210,1752,228,1752,228,1783,253,1783,253,,,,,,,,,,,,,,,,,,,,,,,,,,,,,,,,
23195,260,11,260,11,909,41,909,41,254,15,254,15,1240,49,1240,49,1311,60,1311,60,359,21,359,21,192,14,192,14,1170,58,1170,58,1282,69,1282,69,944,45,944,45,650,28,650,28,1141,67,1141,67,161,8,161,8,1541,103,1541,103
5459,260,10,260,10,840,46,840,46,1256,80,1256,80,1528,187,1528,187,204,28,204,28,772,99,772,99,879,103,879,103,2148,259,2148,259,,,,,,,,,,,,,,,,,,,,,,,,
24814,260,44,260,44,1220,187,1220,187,1197,178,1197,178,690,89,690,89,1111,163,1111,163,1042,123,1042,123,,,,,,,,,,,,,,,,,,,,,,,,,,,,,,,,
15719,260,37,260,37,341,50,341,50,1440,201,1440,201,1666,205,1666,205,224,31,224,31,1882,229,1882,229,1550,194,1550,194,320,30,320,30,856,99,856,99,1345,168,1345,168,207,26,207,26,1502,173,1502,173,580,60,580,60,2255,255,2255,255
3358,260,22,260,22,447,22,447,22,1345,82,1345,82,879,50,879,50,224,12,224,12,772,44,772,44,308,18,308,18,886,57,886,57,,,,,,,,,1461,81,1461,81,1353,72,1353,72,2187,147,2187,147,643,47,643,47
47049,271,23,271,23,507,27,507,27,112,6,112,6,1014,58,1014,58,534,35,534,35,215,9,215,9,775,45,775,45,516,33,516,33,1034,66,1034,66,1139,71,1139,71,2160,131,2160,131,512,32,512,32,1777,121,1777,121,667,48,667,48
2296,271,14,271,14,1341,64,1341,64,617,27,617,27,1068,40,1068,40,457,24,457,24,1100,53,1100,53,1484,71,1484,71,1805,72,1805,72,,,,,,,,,105,5,105,5,2161,113,2161,113,1270,73,1270,73,740,38,740,38
51123,271,46,7,3,24,2,5,2,84,15,24,9,48,10,19,6,534,82,84,24,87,15,44,10,864,102,155,29,,,,,,,,,,,,,,,,,,,,,,,,,684,12,684,12
41439,271,39,271,39,1106,149,1106,149,254,37,254,37,666,82,666,82,1564,193,1564,193,743,94,743,94,326,33,326,33,462,46,462,46,,,,,,,,,856,99,856,99,1279,145,1279,145,763,81,763,81,1473,156,1473,156
43781,271,11,271,11,783,43,783,43,690,50,690,50,339,16,339,16,607,30,607,30,1741,96,1741,96,204,10,204,10,886,54,886,54,,,,,,,,,440,24,440,24,2093,131,2093,131,467,31,467,31,2097,130,2097,130
41018,271,38,40,6,924,143,81,12,1411,201,151,23,848,111,123,13,1132,142,1132,142,1357,192,1357,192,,,,,,,,,,,,,,,,,,,,,,,,,,,,,,,,
40127,271,8,271,8,896,22,896,22,1469,43,1469,43,825,68,825,68,425,19,425,19,315,18,315,18,1462,70,1462,70,,,,,,,,,,,,,,,,,,,,,,,,,,,,
11893,271,35,271,35,,,,,,,,,,,,,,,,,,,,,,,,,,,,,,,,,,,,,,,,,928,100,928,100,931,104,931,104,1638,173,1638,173
10436,271,35,271,35,371,41,371,41,917,92,917,92,1068,109,1068,109,242,18,242,18,1004,101,1004,101,343,39,343,39,1591,156,1591,156,703,76,703,76,1419,157,1419,157,1698,184,1698,184,329,41,329,41,1091,117,1091,117,2132,224,2132,224
52867,271,35,271,35,,,,,,,,,,,,,,,,,1480,163,1480,163,635,71,635,71,1637,162,1637,162,1311,139,1311,139,643,84,643,84,2033,217,2033,217,1141,120,1141,120,1931,198,1931,198,1753,182,1753,182
52278,271,38,271,38,715,107,715,107,1522,219,1522,219,79,10,79,10,1717,223,1717,223,620,90,620,90,879,126,879,126,273,37,273,37,933,148,933,148,1536,234,1536,234,571,78,571,78,1445,185,1445,185,830,110,830,110,251,38,251,38
47352,282,12,282,12,1326,79,1326,79,,,,,,,,,,,,,,,,,,,,,,,,,,,,,,,,,,,,,,,,,,,,,,,,
19684,282,40,282,40,1142,166,1142,166,,,,,,,,,677,83,677,83,1480,214,1480,214,1367,197,1367,197,499,67,499,67,933,148,933,148,588,83,588,83,1735,227,1735,227,1173,146,1173,146,1592,207,1592,207,2195,285,2195,285
23795,282,19,282,19,1328,105,1328,105,1054,90,1054,90,1590,122,1590,122,1434,110,1434,110,792,54,792,54,653,57,653,57,,,,,,,,,,,,,,,,,,,,,,,,,,,,
30468,8,1,3,1,43,14,43,14,,,,,,,,,,,,,,,,,,,,,,,,,,,,,,,,,,,,,,,,,,,,,,,,
48496,282,17,42,4,1409,66,94,5,,,,,1645,77,174,8,1175,50,1175,50,1461,62,1461,62,1401,59,1401,59,1078,53,1078,53,748,37,748,37,1230,64,1230,64,,,,,,,,,,,,,,,,
55088,282,15,282,15,,,,,,,,,,,,,1328,61,1328,61,,,,,,,,,,,,,,,,,,,,,,,,,,,,,,,,,740,54,740,54
25149,282,40,282,40,1052,155,1052,155,722,108,722,108,648,82,648,82,,,,,,,,,2064,264,2064,264,82,8,82,8,1433,131,1433,131,425,35,425,35,2173,262,2173,262,,,,,,,,,,,,
3152,282,17,282,17,657,30,657,30,1544,79,1544,79,152,7,152,7,97,4,97,4,1783,79,1783,79,,,,,,,,,,,,,,,,,,,,,,,,,2464,138,2464,138,98,5,98,5
11250,282,38,282,38,1160,122,1160,122,74,12,74,12,1240,121,1240,121,470,39,470,39,370,41,370,41,573,62,573,62,2026,201,2026,201,400,43,400,43,944,117,944,117,1858,203,1858,203,2238,222,2238,222,1438,150,1438,150,2374,243,2374,243
24610,282,19,282,19,197,17,197,17,1345,109,1345,109,329,26,329,26,534,69,534,69,1258,158,1258,158,1876,240,1876,240,1459,165,1459,165,1198,141,1198,141,,,,,,,,,,,,,,,,,,,,
37957,291,39,291,39,473,50,473,50,917,92,917,92,1633,150,1633,150,979,94,979,94,959,95,959,95,,,,,,,,,,,,,,,,,528,35,528,35,715,56,715,56,1644,99,1644,99,,,,
343,291,42,291,42,1118,162,1118,162,995,145,995,145,1163,161,1163,161,1671,218,1671,218,,,,,1646,227,1646,227,1657,236,1657,236,,,,,,,,,,,,,2259,302,2259,302,,,,,,,,
1952,291,13,291,13,1322,77,1322,77,,,,,1034,61,1034,61,,,,,,,,,,,,,,,,,823,37,823,37,1561,80,1561,80,,,,,,,,,,,,,,,,
9203,291,21,291,21,1173,90,1173,90,766,66,766,66,825,61,825,61,1689,123,1689,123,851,57,851,57,800,69,800,69,886,71,886,71,,,,,,,,,1063,84,1063,84,597,36,597,36,,,,,,,,
48361,291,42,291,42,330,42,330,42,976,140,976,140,1764,236,1764,236,39,2,39,2,1140,157,1140,157,1887,269,1887,269,302,41,302,41,1629,263,1629,263,588,83,588,83,1484,199,1484,199,83,16,83,16,1292,170,1292,170,2518,330,2518,330
9780,291,42,291,42,381,55,381,55,1378,198,1378,198,1440,201,1440,201,659,81,659,81,980,138,980,138,181,26,181,26,1272,181,1272,181,588,86,588,86,1243,195,1243,195,1439,195,1439,195,1476,189,1476,189,528,70,528,70,2048,269,2048,269
17492,291,13,291,13,670,45,670,45,377,20,377,20,690,38,690,38,1434,76,1434,76,541,26,541,26,934,56,934,56,702,37,702,37,304,15,304,15,510,33,510,33,314,19,314,19,2161,119,2161,119,1002,60,1002,60,892,37,892,37
41364,291,24,43,2,119,5,42,3,1153,73,134,6,189,13,66,4,1194,69,1194,69,980,60,980,60,1796,116,1796,116,224,16,224,16,669,41,669,41,296,16,296,16,1196,67,1196,67,300,20,300,20,1868,131,1868,131,1941,148,1941,148
16037,291,13,291,13,873,53,873,53,669,36,669,36,1049,65,1049,65,457,25,457,25,1216,60,1216,60,226,14,226,14,1420,70,1420,70,1686,80,1686,80,848,46,848,46,451,30,451,30,2238,124,2238,124,388,19,388,19,845,36,845,36
5006,291,16,291,16,642,35,642,35,852,38,852,38,1068,40,1068,40,1417,67,1417,67,125,4,125,4,1663,78,1663,78,1738,69,1738,69,748,32,748,32,,,,,,,,,,,,,,,,,,,,
11426,301,40,301,40,1341,185,1341,185,363,50,363,50,1126,134,1126,134,1731,214,1731,214,241,22,241,22,1937,247,1937,247,,,,,,,,,1201,147,1201,147,1781,223,1781,223,,,,,,,,,,,,
13530,301,12,301,12,627,34,627,34,1222,78,1222,78,1304,71,1304,71,773,41,773,41,914,58,914,58,934,58,934,58,1122,72,1122,72,,,,,,,,,,,,,,,,,,,,,,,,
30911,301,45,301,45,1307,188,1307,188,556,85,556,85,1423,198,1423,198,755,97,755,97,940,132,940,132,,,,,,,,,,,,,,,,,,,,,,,,,,,,,,,,
8168,301,40,301,40,1332,138,1332,138,822,83,822,83,1590,145,1590,145,159,14,159,14,1068,109,1068,109,978,102,978,102,1328,126,1328,126,400,43,400,43,824,104,824,104,921,98,921,98,2179,217,2179,217,423,48,423,48,1870,191,1870,191
25251,301,22,301,22,330,33,330,33,309,24,309,24,990,76,990,76,1194,88,1194,88,1337,92,1337,92,1306,103,1306,103,628,53,628,53,1368,120,1368,120,121,14,121,14,1562,121,1562,121,1353,97,1353,97,1241,101,1241,101,2354,163,2354,163
53421,301,12,301,12,563,26,563,26,805,39,805,39,1639,77,1639,77,216,10,216,10,1337,67,1337,67,1343,62,1343,62,353,18,353,18,1502,79,1502,79,848,41,848,41,440,22,440,22,2161,119,2161,119,1896,107,1896,107,90,7,90,7
32604,301,45,55,8,,,,,,,,,920,122,920,122,1017,130,1017,130,1523,224,1523,224,61,6,61,6,640,86,640,86,1621,261,1621,261,1201,186,1201,186,838,119,838,119,1476,189,1476,189,1055,134,1055,134,153,24,153,24
10526,301,40,301,40,1118,154,1118,154,88,10,88,10,434,55,434,55,1731,214,1731,214,914,118,914,118,1700,221,1700,221,1170,130,1170,130,59,6,59,6,1028,119,1028,119,1815,227,1815,227,182,19,182,19,806,88,806,88,,,,
45932,301,12,301,12,179,12,179,12,722,51,722,51,1014,54,1014,54,332,17,332,17,1319,78,1319,78,255,14,255,14,886,54,886,54,,,,,,,,,1508,89,1508,89,1118,83,1118,83,1777,107,1777,107,1966,122,1966,122
14909,301,40,301,40,811,108,811,108,1289,175,1289,175,1349,160,1349,160,457,59,457,59,1193,145,1193,145,261,24,261,24,1919,224,1919,224,1576,194,1576,194,1644,209,1644,209,314,36,314,36,754,87,754,87,1027,108,1027,108,1913,213,1913,213
24370,301,19,301,19,1366,62,1366,62,319,13,319,13,445,19,445,19,755,35,755,35,1587,69,1587,69,1386,57,1386,57,1019,50,1019,50,,,,,,,,,2249,124,2249,124,,,,,,,,,785,86,785,86
3355,301,25,301,25,1410,97,1410,97,1076,66,1076,66,,,,,,,,,370,17,370,17,1260,77,1260,77,1170,76,1170,76,,,,,,,,,118,6,118,6,2075,131,2075,131,1091,83,1091,83,722,52,722,52
40701,301,47,301,47,1064,171,1064,171,617,92,617,92,879,113,879,113,1449,211,1449,211,1548,199,1548,199,800,99,800,99,1637,208,1637,208,,,,,,,,,,,,,,,,,1807,208,1807,208,,,,
39122,301,40,301,40,1261,134,1261,134,1132,115,1132,115,,,,,,,,,,,,,,,,,,,,,,,,,,,,,,,,,,,,,,,,,,,,
36901,315,9,315,9,1090,30,1090,30,785,19,785,19,85,6,85,6,494,22,494,22,1587,78,1587,78,483,24,483,24,1726,80,1726,80,823,54,823,54,360,18,360,18,1935,95,1935,95,110,6,110,6,1421,77,1421,77,2501,132,2501,132
46897,315,23,315,23,699,53,699,53,1313,107,1313,107,1304,98,1304,98,,,,,,,,,,,,,,,,,282,29,282,29,,,,,,,,,1401,101,1401,101,,,,,,,,
5745,315,42,315,42,186,24,186,24,1391,147,1391,147,301,27,301,27,1194,115,1194,115,1688,176,1688,176,1446,152,1446,152,1272,122,1272,122,1664,180,1664,180,1074,128,1074,128,,,,,,,,,238,30,238,30,1989,207,1989,207
7820,315,43,315,43,548,80,548,80,836,106,836,106,,,,,,,,,1424,173,1424,173,864,101,864,101,611,61,611,61,1311,162,1311,162,1185,146,1185,146,1392,162,1392,162,1916,235,1916,235,1326,138,1326,138,453,52,453,52
43809,315,16,24,2,77,2,33,1,1378,76,100,4,497,30,93,6,,,,,,,,,800,46,800,46,385,16,385,16,1198,59,1198,59,746,40,746,40,941,53,941,53,1750,97,1750,97,1438,84,1438,84,,,,
11685,315,23,315,23,133,11,133,11,299,23,299,23,1451,107,1451,107,1296,95,1296,95,1377,97,1377,97,775,68,775,68,1044,79,1044,79,1166,98,1166,98,944,88,944,88,118,10,118,10,2207,167,2207,167,877,69,877,69,2211,248,2211,248
15046,321,14,321,14,,,,,,,,,,,,,,,,,,,,,,,,,,,,,,,,,,,,,,,,,,,,,,,,,,,,
8396,321,47,321,47,715,107,715,107,,,,,,,,,,,,,,,,,,,,,,,,,,,,,,,,,,,,,,,,,,,,,,,,
21841,321,13,321,13,1414,149,1414,149,743,75,743,75,1349,127,1349,127,1132,111,1132,111,816,74,816,74,1401,150,1401,150,,,,,,,,,,,,,,,,,,,,,,,,,,,,
55341,321,48,321,48,971,153,971,153,556,84,556,84,1645,225,1645,225,121,25,121,25,1632,211,1632,211,978,116,978,116,1170,142,1170,142,1198,142,1198,142,657,80,657,80,2061,255,2061,255,1011,126,1011,126,1207,128,1207,128,2097,251,2097,251
19730,321,48,321,48,320,54,320,54,389,57,389,57,725,92,725,92,1119,164,1119,164,661,78,661,78,1423,175,1423,175,972,121,972,121,1166,137,1166,137,1028,124,1028,124,473,68,473,68,1043,129,1043,129,1943,225,1943,225,2321,276,2321,276
6326,321,20,321,20,579,27,579,27,472,21,472,21,465,23,465,23,1111,48,1111,48,1461,62,1461,62,483,28,483,28,1505,76,1505,76,400,19,400,19,397,22,397,22,1884,98,1884,98,1333,70,1333,70,1592,91,1592,91,1039,59,1039,59
23214,321,48,321,48,1013,164,1013,164,275,43,275,43,1518,206,1518,206,187,29,187,29,838,99,838,99,1984,245,1984,245,385,54,385,54,436,55,436,55,1185,142,1185,142,1227,161,1227,161,2120,254,2120,254,664,67,664,67,999,120,999,120
45685,321,25,321,25,249,23,249,23,443,40,443,40,1616,149,1616,149,1368,134,1368,134,,,,,,,,,179,14,179,14,1518,138,1518,138,317,27,317,27,1832,144,1832,144,276,19,276,19,725,57,725,57,1891,119,1891,119
48494,321,20,57,6,1098,52,1098,52,1334,68,1334,68,,,,,,,,,,,,,,,,,,,,,,,,,673,37,673,37,1461,71,1461,71,402,18,402,18,907,51,907,51,1420,83,1420,83
15800,321,44,321,44,216,29,216,29,1120,150,1120,150,1089,130,1089,130,356,45,356,45,1216,149,1216,149,1700,221,1700,221,1392,153,1392,153,,,,,,,,,1113,126,1113,126,2269,277,2269,277,1421,148,1421,148,1801,197,1801,197
43346,321,48,321,48,301,50,301,50,571,86,571,86,1361,185,1361,185,1573,228,1573,228,469,59,469,59,522,70,522,70,670,87,670,87,1223,145,1223,145,1599,195,1599,195,168,24,168,24,820,100,820,100,907,91,907,91,1266,155,1266,155
47188,321,48,57,12,405,70,405,70,243,36,243,36,1398,188,1398,188,1296,189,1296,189,1669,219,1669,219,522,70,522,70,1170,142,1170,142,1533,190,1533,190,1201,145,1201,145,,,,,,,,,,,,,,,,
40128,321,10,45,4,1075,29,86,2,127,4,49,2,957,73,135,5,821,44,821,44,1193,57,1193,57,1151,52,1151,52,414,20,414,20,1311,57,1311,57,183,10,183,10,1537,52,1537,52,843,33,843,33,643,25,643,25,2097,79,2097,79
29805,321,48,321,48,1031,169,1031,169,869,120,869,120,899,115,899,115,1042,154,1042,154,1480,189,1480,189,181,27,181,27,1919,243,1919,243,1433,173,1433,173,717,91,717,91,125,14,125,14,2278,277,2278,277,543,55,543,55,2097,251,2097,251
600,335,54,335,54,1318,199,1318,199,284,45,284,45,957,126,957,126,580,91,580,91,1283,160,1283,160,1663,209,1663,209,1529,195,1529,195,856,100,856,100,1139,135,1139,135,1815,222,1815,222,1279,159,1279,159,1461,153,1461,153,1706,197,1706,197
15058,335,45,335,45,1106,149,1106,149,1039,137,1039,137,547,70,547,70,1238,149,1238,149,161,11,161,11,1173,146,1173,146,817,83,817,83,1223,147,1223,147,1087,132,1087,132,2137,260,2137,260,621,70,621,70,2125,236,2125,236,242,27,242,27
19066,335,26,335,26,,,,,,,,,,,,,,,,,,,,,,,,,,,,,1034,87,1034,87,510,43,510,43,496,40,496,40,2045,151,2045,151,1270,104,1270,104,2274,156,2274,156
49125,335,15,335,15,563,30,563,30,263,22,263,22,1014,54,1014,54,377,21,377,21,743,44,743,44,1038,64,1038,64,353,24,353,24,1641,32,1641,32,588,25,588,25,1623,92,1623,92,547,34,547,34,1675,102,1675,102,1706,107,1706,107
57147,335,54,335,54,767,121,767,121,1516,223,1516,223,936,120,936,120,1218,177,1218,177,1632,211,1632,211,824,100,824,100,,,,,,,,,,,,,,,,,,,,,,,,,,,,
27803,335,26,335,26,,,,,,,,,,,,,,,,,,,,,,,,,,,,,,,,,,,,,,,,,,,,,,,,,,,,
21763,335,15,335,15,992,56,992,56,1425,87,1425,87,1553,84,1553,84,,,,,140,7,140,7,1038,64,1038,64,462,29,462,29,,,,,,,,,,,,,,,,,,,,,,,,
22028,335,14,335,14,1052,51,1052,51,515,25,515,25,234,10,234,10,1218,53,1218,53,1700,86,1700,86,635,32,635,32,1351,73,1351,73,,,,,,,,,,,,,,,,,,,,,,,,
1450,335,54,335,54,1415,205,1415,205,617,92,617,92,1603,215,1603,215,390,58,390,58,1357,173,1357,173,,,,,,,,,,,,,,,,,,,,,,,,,,,,,,,,
48371,344,48,25,4,119,18,29,5,68,10,31,2,706,86,90,8,1449,189,163,19,1004,141,159,24,103,12,103,12,717,98,717,98,823,128,823,128,531,27,531,27,1049,149,1049,149,428,50,428,50,2380,308,2380,308,1562,212,1562,212
46964,344,3,25,1,17,1,10,1,1256,24,96,7,,,,,,,,,,,,,,,,,,,,,,,,,,,,,,,,,,,,,,,,,,,,
42227,9,3,3,1,32,4,8,1,60,10,16,1,,,,,24,2,12,2,84,10,84,10,65,7,65,7,30,5,30,5,62,7,62,7,6,2,6,2,30,7,30,7,66,7,66,7,,,,,,,,
4023,344,46,344,46,415,58,415,58,1313,180,1313,180,690,85,690,85,,,,,,,,,,,,,,,,,,,,,,,,,,,,,,,,,,,,,,,,
14601,344,48,344,48,1280,185,1280,185,179,27,179,27,1219,171,1219,171,,,,,,,,,800,117,800,117,2082,284,2082,284,202,35,202,35,925,139,925,139,1972,253,1972,253,1445,185,1445,185,2448,326,2448,326,,,,
17442,344,46,344,46,853,114,853,114,1132,153,1132,153,725,89,725,89,1483,178,1483,178,1068,138,1068,138,624,62,624,62,1392,153,1392,153,260,28,260,28,824,89,824,89,1583,190,1583,190,1810,216,1810,216,643,70,643,70,2115,236,2115,236
28662,344,57,60,13,30,4,30,4,1103,65,1103,65,398,23,398,23,1608,87,1608,87,959,44,959,44,670,40,670,40,1885,99,1885,99,703,31,703,31,870,125,870,125,191,24,191,24,566,70,566,70,1943,260,1943,260,1137,150,1137,150
49369,344,46,344,46,1118,154,1118,154,901,118,901,118,795,93,795,93,1497,182,1497,182,530,62,530,62,1629,207,1629,207,,,,,,,,,1074,129,1074,129,1484,174,1484,174,1750,208,1750,208,1675,181,1675,181,,,,
17468,344,46,344,46,1075,141,1075,141,571,78,571,78,1322,157,1322,157,1042,127,1042,127,559,57,559,57,1596,160,1596,160,994,101,994,101,1166,121,1166,121,1478,165,1478,165,,,,,,,,,1292,133,1292,133,118,16,118,16
14557,9,2,9,2,29,13,29,13,42,8,42,8,30,7,30,7,60,19,60,19,80,24,80,24,62,18,62,18,,,,,14,5,14,5,20,4,20,4,59,8,59,8,77,13,77,13,59,13,59,13,115,24,115,24
10556,344,43,344,43,,,,,,,,,,,,,,,,,,,,,,,,,,,,,,,,,,,,,352,46,352,46,597,67,597,67,1965,200,1965,200,68,12,68,12
16965,344,11,344,11,1394,36,1394,36,341,11,341,11,,,,,,,,,,,,,,,,,,,,,,,,,,,,,,,,,,,,,,,,,,,,
13552,344,48,344,48,1328,195,1328,195,443,68,443,68,1290,182,1290,182,864,111,864,111,501,76,501,76,698,98,698,98,287,39,287,39,145,25,145,25,1641,251,1641,251,683,101,683,101,1563,200,1563,200,1620,213,1620,213,764,92,764,92
31674,344,15,344,15,992,43,992,43,1029,45,1029,45,604,25,604,25,1273,57,1273,57,1441,74,1441,74,1998,100,1998,100,,,,,,,,,1028,51,1028,51,1800,103,1800,103,597,34,597,34,1363,77,1363,77,2069,134,2069,134
45907,356,22,356,22,140,5,140,5,1178,59,1178,59,1423,65,1423,65,1671,76,1671,76,792,37,792,37,1700,78,1700,78,2058,101,2058,101,,,,,,,,,,,,,,,,,,,,,,,,
49707,11,4,4,2,20,1,7,1,6,1,4,1,61,6,19,3,,,,,,,,,60,5,60,5,20,3,20,3,72,10,72,10,25,4,25,4,71,10,71,10,32,3,32,3,8,3,8,3,121,13,121,13
54824,11,2,4,2,,,,,,,,,,,,,,,,,,,,,,,,,,,,,,,,,,,,,,,,,,,,,,,,,,,,
47351,356,28,356,28,1004,79,1004,79,,,,,,,,,1254,160,1254,160,,,,,,,,,,,,,,,,,,,,,,,,,,,,,,,,,,,,
57087,356,51,63,10,,,,,,,,,,,,,,,,,588,85,588,85,1343,195,1343,195,841,120,841,120,,,,,,,,,,,,,,,,,,,,,,,,
33482,11,3,5,2,6,3,6,3,7,2,7,2,42,13,42,13,72,22,72,22,20,8,20,8,39,12,39,12,42,14,42,14,18,8,18,8,,,,,,,,,9,3,9,3,116,23,116,23,12,3,12,3
3288,356,58,356,58,1289,194,1289,194,1120,162,1120,162,511,69,511,69,1689,243,1689,243,,,,,2072,258,2072,258,1219,150,1219,150,1546,193,1546,193,,,,,2289,280,2289,280,,,,,,,,,,,,
12825,356,51,356,51,1322,194,1322,194,,,,,445,58,445,58,1839,247,1839,247,,,,,670,92,670,92,1505,214,1505,214,1613,260,1613,260,562,74,562,74,1227,167,1227,167,486,60,486,60,2018,268,2018,268,2242,293,2242,293
10921,356,28,356,28,811,64,811,64,93,7,93,7,465,40,465,40,1767,131,1767,131,323,24,323,24,1484,113,1484,113,1351,109,1351,109,971,82,971,82,785,74,785,74,555,44,555,44,1858,139,1858,139,298,20,298,20,2315,159,2315,159
51443,356,22,356,22,1052,51,1052,51,1076,54,1076,54,1126,44,1126,44,,,,,,,,,,,,,,,,,,,,,,,,,1148,55,1148,55,2401,112,2401,112,1241,73,1241,73,1420,83,1420,83
49757,356,50,356,50,1434,198,1434,198,,,,,1650,204,1650,204,,,,,,,,,,,,,,,,,,,,,,,,,,,,,,,,,,,,,,,,
45269,356,17,356,17,166,9,166,9,1471,63,1471,63,44,2,44,2,692,36,692,36,1216,60,1216,60,2030,92,2030,92,,,,,,,,,,,,,,,,,,,,,,,,,,,,
33659,356,50,356,50,853,114,853,114,495,67,495,67,289,40,289,40,1671,206,1671,206,380,42,380,42,,,,,,,,,1576,194,1576,194,287,38,287,38,1299,151,1299,151,339,43,339,43,481,52,481,52,1670,182,1670,182
14342,366,52,366,52,309,46,309,46,417,59,417,59,1183,141,1183,141,1513,185,1513,185,194,16,194,16,2093,268,2093,268,,,,,,,,,10,2,10,2,389,40,389,40,1882,229,1882,229,62,7,62,7,952,100,952,100
4939,366,59,366,59,1118,180,1118,180,1222,183,1222,183,1585,214,1585,214,,,,,,,,,,,,,,,,,,,,,,,,,,,,,,,,,,,,,,,,
15109,366,30,366,30,203,19,203,19,852,73,852,73,1361,102,1361,102,1350,100,1350,100,743,51,743,51,226,22,226,22,1819,139,1819,139,,,,,,,,,,,,,,,,,,,,,565,43,565,43
28421,366,18,366,18,431,20,431,20,430,18,430,18,1603,70,1603,70,846,46,846,46,606,30,606,30,181,11,181,11,2160,90,2160,90,,,,,,,,,1781,61,1781,61,1011,39,1011,39,877,34,877,34,1585,52,1585,52
19667,366,18,366,18,579,29,579,29,1305,56,1305,56,1163,50,1163,50,631,33,631,33,469,20,469,20,1219,57,1219,57,1392,55,1392,55,202,11,202,11,1028,34,1028,34,1645,56,1645,56,1641,65,1641,65,359,11,359,11,1849,63,1849,63
29960,366,4,64,2,1280,20,131,11,886,21,886,21,,,,,,,,,,,,,,,,,,,,,,,,,,,,,,,,,,,,,,,,,,,,
38841,366,16,48,3,754,35,73,3,397,19,80,4,1014,41,141,7,1042,45,1042,45,370,22,370,22,915,43,915,43,1789,94,1789,94,,,,,,,,,1227,71,1227,71,,,,,,,,,2527,160,2527,160
9753,366,24,366,24,356,18,356,18,1214,62,1214,62,1755,83,1755,83,1066,45,1066,45,620,26,620,26,864,42,864,42,1392,68,1392,68,,,,,,,,,,,,,1445,72,1445,72,1292,76,1292,76,2115,111,2115,111
8853,366,52,366,52,1270,178,1270,178,1153,156,1153,156,760,90,760,90,1747,216,1747,216,1508,187,1508,187,844,98,844,98,1726,205,1726,205,565,63,565,63,317,39,317,39,1714,208,1714,208,897,106,897,106,1489,155,1489,155,1849,203,1849,203
44164,375,53,8,2,33,5,6,2,284,45,36,13,648,85,48,11,979,140,104,29,959,135,124,19,226,30,87,6,1351,194,190,19,588,86,588,86,925,139,925,139,225,33,225,33,1279,163,1279,163,257,30,257,30,1728,231,1728,231
35175,375,54,375,54,231,35,231,35,805,103,805,103,1098,131,1098,131,1254,151,1254,151,91,3,91,3,2078,266,2078,266,1899,220,1899,220,748,87,748,87,1125,137,1125,137,1583,190,1583,190,859,98,859,98,,,,,,,,
29031,375,17,375,17,281,17,281,17,1091,67,1091,67,879,47,879,47,1783,91,1783,91,424,21,424,21,181,8,181,8,886,54,886,54,,,,,,,,,,,,,,,,,1826,110,1826,110,2354,143,2354,143
2250,375,54,375,54,,,,,,,,,,,,,,,,,284,27,284,27,473,51,473,51,1196,132,1196,132,,,,,,,,,,,,,,,,,,,,,,,,
4755,375,53,375,53,,,,,,,,,,,,,211,31,211,31,709,103,709,103,864,123,864,123,702,95,702,95,626,93,626,93,1000,151,1000,151,1049,149,1049,149,1931,253,1931,253,1207,153,1207,153,1562,212,1562,212
27339,375,17,375,17,767,48,767,48,1270,70,1270,70,1163,70,1163,70,,,,,1024,48,1024,48,326,45,326,45,1249,177,1249,177,1502,240,1502,240,440,50,440,50,207,28,207,28,1401,180,1401,180,1055,134,1055,134,2467,326,2467,326
12215,375,17,375,17,873,39,873,39,354,17,354,17,1266,51,1266,51,1633,80,1633,80,1603,78,1603,78,99,5,99,5,1899,98,1899,98,1450,75,1450,75,397,18,397,18,1800,103,1800,103,1248,75,1248,75,1558,85,1558,85,371,26,371,26
21692,375,60,375,60,548,91,548,91,1241,190,1241,190,445,56,445,56,562,89,562,89,1826,240,1826,240,755,94,755,94,1459,185,1459,185,304,39,304,39,1074,130,1074,130,1953,212,1953,212,798,89,798,89,1091,117,1091,117,2211,230,2211,230
4753,375,53,375,53,618,91,618,91,1270,179,1270,179,1163,161,1163,161,934,120,934,120,743,112,743,112,962,139,962,139,1953,274,1953,274,703,107,703,107,1604,245,1604,245,,,,,,,,,,,,,,,,
35761,375,17,49,2,1208,65,127,5,459,35,85,4,782,45,782,45,1833,92,1833,92,517,28,517,28,286,16,286,16,179,13,179,13,,,,,,,,,1623,92,1623,92,774,52,774,52,1270,79,1270,79,565,45,565,45
3766,375,54,375,54,840,112,840,112,1359,187,1359,187,62,9,62,9,659,85,659,85,1791,215,1791,215,,,,,,,,,123,10,123,10,146,14,146,14,423,45,423,45,529,60,529,60,725,77,725,77,764,83,764,83
47407,375,53,375,53,1193,177,1193,177,524,78,524,78,1695,228,1695,228,315,45,315,45,1811,258,1811,258,,,,,,,,,,,,,,,,,,,,,,,,,,,,,,,,
52597,387,26,387,26,642,36,642,36,1132,71,1132,71,273,11,273,11,864,59,864,59,455,24,455,24,1107,69,1107,69,1767,109,1767,109,304,15,304,15,897,58,897,58,1972,117,1972,117,1724,106,1724,106,806,61,806,61,1518,124,1518,124
1249,387,26,387,26,1039,69,1039,69,495,26,495,26,1700,95,1700,95,934,65,934,65,,,,,,,,,,,,,,,,,,,,,,,,,,,,,,,,,,,,
48762,14,1,14,1,51,2,51,2,,,,,56,3,56,3,,,,,10,2,10,2,85,4,85,4,,,,,,,,,,,,,,,,,,,,,,,,,,,,
540,387,57,387,57,715,107,715,107,1461,206,1461,206,1382,195,1382,195,1042,132,1042,132,914,129,914,129,2042,288,2042,288,2168,293,2168,293,,,,,551,72,551,72,1367,186,1367,186,2384,322,2384,322,,,,,,,,
48172,387,44,387,44,294,34,294,34,836,84,836,84,1150,115,1150,115,773,70,773,70,1140,119,1140,119,1509,155,1509,155,,,,,,,,,,,,,,,,,,,,,,,,,,,,
26420,387,19,387,19,431,23,431,23,254,21,254,21,1687,92,1687,92,187,8,187,8,1557,89,1557,89,240,11,240,11,1754,107,1754,107,532,16,532,16,189,8,189,8,1148,66,1148,66,820,56,820,56,1163,72,1163,72,785,55,785,55
49324,387,57,387,57,114,11,114,11,1411,196,1411,196,1014,120,1014,120,,,,,,,,,1700,221,1700,221,,,,,,,,,,,,,,,,,1224,138,1224,138,877,93,877,93,1615,178,1615,178
4961,387,57,387,57,754,116,754,116,68,10,68,10,957,128,957,128,979,127,979,127,1319,184,1319,184,1786,253,1786,253,1657,236,1657,236,,,,,,,,,1267,175,1267,175,,,,,,,,,,,,
33486,14,3,6,3,35,6,14,4,18,3,8,2,64,17,64,17,10,6,10,6,44,13,44,13,3,1,3,1,78,24,78,24,8,3,8,3,61,9,61,9,30,3,30,3,94,18,94,18,30,7,30,7,92,16,92,16
6086,387,57,387,57,320,40,320,40,1214,173,1214,173,1206,167,1206,167,1042,132,1042,132,838,122,838,122,1279,186,1279,186,1442,204,1442,204,,,,,,,,,,,,,,,,,,,,,,,,
54830,387,5,387,5,,,,,,,,,1068,68,1068,68,366,29,366,29,129,12,129,12,1856,105,1856,105,972,59,972,59,,,,,,,,,,,,,,,,,,,,,,,,
39173,396,61,396,61,896,140,896,140,1256,193,1256,193,483,62,483,62,1417,205,1417,205,120,19,120,19,1786,225,1786,225,2177,275,2177,275,158,26,158,26,824,102,824,102,,,,,,,,,,,,,,,,
33481,396,60,68,12,938,144,938,144,785,113,785,113,349,51,349,51,620,76,620,76,743,112,743,112,343,48,343,48,1459,207,1459,207,893,142,893,142,944,145,944,145,2198,289,2198,289,1197,149,1197,149,960,127,960,127,1137,150,1137,150
50080,396,58,396,58,873,116,873,116,162,21,162,21,1423,167,1423,167,411,53,411,53,880,114,880,114,729,75,729,75,2045,239,2045,239,1450,179,1450,179,1449,180,1449,180,666,71,666,71,1533,177,1533,177,2406,239,2406,239,,,,
46647,396,61,396,61,,,,,,,,,920,117,920,117,1401,202,1401,202,1968,120,1968,120,,,,,1351,88,1351,88,,,,,,,,,,,,,,,,,,,,,,,,
41437,396,60,396,60,1118,162,1118,162,539,82,539,82,1098,155,1098,155,1671,218,1671,218,,,,,2043,289,2043,289,,,,,,,,,,,,,,,,,,,,,,,,,,,,
1582,396,18,396,18,514,23,514,23,213,13,213,13,1322,54,1322,54,956,37,956,37,1710,87,1710,87,1462,70,1462,70,499,25,499,25,260,14,260,14,1364,66,1364,66,650,28,650,28,636,36,636,36,2187,122,2187,122,785,59,785,59
3843,396,20,396,20,840,46,840,46,1476,91,1476,91,273,11,273,11,1434,71,1434,71,606,37,606,37,915,56,915,56,1295,83,1295,83,,,,,,,,,1884,110,1884,110,962,68,962,68,830,50,830,50,357,37,357,37
5513,396,31,396,31,670,52,670,52,1391,113,1391,113,1361,102,1361,102,1850,140,1850,140,,,,,,,,,,,,,,,,,,,,,,,,,,,,,,,,,,,,
6139,396,60,396,60,1238,179,1238,179,284,42,284,42,1398,196,1398,196,1088,141,1088,141,254,45,254,45,1887,269,1887,269,439,63,439,63,,,,,,,,,1603,213,1603,213,,,,,,,,,,,,
11992,396,18,396,18,1229,72,1229,72,,,,,,,,,1088,58,1088,58,398,18,398,18,541,31,541,31,1019,50,1019,50,1368,66,1368,66,317,19,317,19,514,34,514,34,102,7,102,7,2262,124,2262,124,1071,44,1071,44
56554,396,18,396,18,783,38,783,38,1432,68,1432,68,,,,,,,,,,,,,,,,,,,,,,,,,,,,,1645,94,1645,94,,,,,,,,,,,,
50852,16,4,16,4,28,12,28,12,25,6,25,6,43,14,43,14,76,24,76,24,46,14,46,14,74,22,74,22,,,,,,,,,,,,,,,,,,,,,,,,,,,,
46812,407,32,407,32,1013,81,1013,81,284,22,284,22,879,65,879,65,1642,121,1642,121,1140,74,1140,74,1524,118,1524,118,955,74,955,74,1252,101,1252,101,425,35,425,35,1972,155,1972,155,1836,137,1836,137,1055,85,1055,85,2195,146,2195,146
4532,407,63,407,63,1289,186,1289,186,81,14,81,14,1708,229,1708,229,1350,174,1350,174,530,78,530,78,1574,220,1574,220,320,46,320,46,,,,,,,,,416,60,416,60,,,,,,,,,,,,
12308,407,20,407,20,1280,69,1280,69,,,,,879,38,879,38,1548,189,1548,189,1441,176,1441,176,1343,163,1343,163,,,,,,,,,,,,,,,,,,,,,,,,,,,,
3677,407,20,407,20,739,42,739,42,1153,50,1153,50,1338,56,1338,56,956,48,956,48,1024,48,1024,48,1107,51,1107,51,1196,50,1196,50,9,1,9,1,360,15,360,15,1169,36,1169,36,359,13,359,13,1270,52,1270,52,1966,69,1966,69
28549,407,20,407,20,978,127,978,127,162,21,162,21,1049,127,1049,127,72,6,72,6,,,,,,,,,,,,,,,,,1087,59,1087,59,1461,154,1461,154,547,20,547,20,877,34,877,34,1638,55,1638,55
36186,407,20,407,20,1160,57,1160,57,263,16,263,16,990,40,990,40,356,13,356,13,398,24,398,24,1484,72,1484,72,195,8,195,8,436,25,436,25,1364,66,1364,66,1678,96,1678,96,1956,110,1956,110,153,7,153,7,1518,98,1518,98
42076,407,20,407,20,1193,61,1193,61,155,10,155,10,1361,61,1361,61,177,7,177,7,1657,83,1657,83,1367,64,1367,64,302,16,302,16,,,,,,,,,621,26,621,26,1641,94,1641,94,596,38,596,38,549,39,549,39
30241,407,45,407,45,,,,,,,,,311,30,311,30,,,,,,,,,,,,,,,,,,,,,,,,,,,,,,,,,,,,,,,,
34970,407,63,69,14,51,9,27,6,658,101,658,101,85,15,85,15,736,110,736,110,1193,148,1193,148,978,116,978,116,1044,134,1044,134,1070,124,1070,124,1626,197,1626,197,1654,208,1654,208,1476,181,1476,181,1461,153,1461,153,845,96,845,96
19657,407,63,407,63,1307,197,1307,197,377,55,377,55,1398,188,1398,188,315,45,315,45,541,66,541,66,1663,209,1663,209,1867,236,1867,236,1660,212,1660,212,588,69,588,69,82,9,82,9,2217,270,2217,270,1091,116,1091,116,1039,127,1039,127
14128,407,45,407,45,301,36,301,36,1178,120,1178,120,374,35,374,35,1820,174,1820,174,,,,,,,,,,,,,,,,,,,,,,,,,,,,,,,,,,,,
6005,407,45,407,45,1372,144,1372,144,319,34,319,34,,,,,,,,,620,60,620,60,1446,152,1446,152,302,40,302,40,,,,,,,,,,,,,,,,,,,,,,,,
10797,419,21,419,21,1208,65,1208,65,1480,93,1480,93,,,,,,,,,,,,,,,,,,,,,,,,,,,,,,,,,,,,,,,,,,,,
21268,419,33,419,33,1362,107,1362,107,963,83,963,83,127,12,127,12,1132,84,1132,84,1842,132,1842,132,670,60,670,60,907,72,907,72,,,,,,,,,,,,,,,,,,,,,,,,
45832,419,48,28,5,140,19,30,6,805,82,79,13,,,,,,,,,,,,,,,,,,,,,,,,,,,,,,,,,,,,,,,,,,,,
46205,419,64,51,9,627,92,93,11,254,38,67,8,1685,227,1685,227,979,127,979,127,661,98,661,98,296,41,296,41,929,136,929,136,,,,,,,,,,,,,,,,,,,,,,,,
36921,419,21,70,3,75,5,75,5,766,34,766,34,990,37,990,37,332,23,332,23,838,40,838,40,1173,55,1173,55,1529,60,1529,60,1311,57,1311,57,1260,45,1260,45,,,,,,,,,,,,,,,,
18787,419,25,419,25,431,23,431,23,1039,49,1039,49,1206,48,1206,48,1273,55,1273,55,,,,,,,,,,,,,,,,,,,,,2078,105,2078,105,,,,,1002,59,1002,59,1781,100,1781,100
4613,419,65,419,65,938,148,938,148,1256,193,1256,193,1183,159,1183,159,1119,164,1119,164,1166,146,1166,146,387,50,387,50,1962,248,1962,248,,,,,,,,,,,,,689,86,689,86,763,77,763,77,2459,293,2459,293
2939,419,59,419,59,,,,,,,,,1491,177,1491,177,49,6,49,6,1004,47,1004,47,368,17,368,17,1420,58,1420,58,304,18,304,18,1125,39,1125,39,1196,39,1196,39,597,22,597,22,481,14,481,14,2354,87,2354,87
12011,419,33,419,33,294,29,294,29,443,40,443,40,1290,94,1290,94,620,52,620,52,1622,115,1622,115,1960,147,1960,147,,,,,,,,,,,,,,,,,,,,,,,,,,,,
23749,419,33,419,33,1396,109,1396,109,24,3,24,3,387,33,387,33,1194,88,1194,88,1557,110,1557,110,,,,,,,,,,,,,,,,,,,,,,,,,,,,,,,,
5281,419,59,419,59,1098,145,1098,145,585,79,585,79,690,65,690,65,1254,151,1254,151,1193,145,1193,145,1245,152,1245,152,1078,119,1078,119,123,10,123,10,1028,119,1028,119,1989,240,1989,240,288,33,288,33,1896,206,1896,206,1025,112,1025,112
19720,419,33,419,33,951,75,951,75,254,21,254,21,1361,102,1361,102,846,65,846,65,559,43,559,43,541,49,541,49,2182,173,2182,173,748,71,748,71,218,20,218,20,174,12,174,12,2264,170,2264,170,2085,159,2085,159,290,18,290,18
276,419,64,419,64,605,84,605,84,377,57,377,57,899,117,899,117,1763,232,1763,232,1941,272,1941,272,755,110,755,110,1945,273,1945,273,588,86,588,86,870,125,870,125,2206,290,2206,290,43,7,43,7,128,14,128,14,453,62,453,62
12165,419,33,419,33,157,14,157,14,103,9,103,9,521,44,521,44,1642,121,1642,121,792,54,792,54,314,25,314,25,1044,79,1044,79,,,,,,,,,,,,,1674,119,1674,119,1514,129,1514,129,892,57,892,57
308,419,64,419,64,1238,179,1238,179,869,123,869,123,547,69,547,69,1417,186,1417,186,,,,,,,,,2160,291,2160,291,626,93,626,93,1641,251,1641,251,,,,,,,,,,,,,,,,
55294,419,25,419,25,739,36,739,36,805,38,805,38,1240,51,1240,51,1434,62,1434,62,559,23,559,23,1219,53,1219,53,499,26,499,26,999,51,999,51,925,47,925,47,1196,58,1196,58,912,49,912,49,725,42,725,42,2402,125,2402,125
32321,419,65,70,15,,,,,,,,,,,,,,,,,,,,,,,,,1962,198,1962,198,1034,166,1034,166,1364,209,1364,209,1196,163,1196,163,,,,,,,,,,,,
31260,419,6,70,3,186,4,56,4,638,14,638,14,94,6,94,6,1800,101,1800,101,222,36,222,36,775,112,775,112,1442,204,1442,204,349,52,349,52,1513,232,1513,232,360,50,360,50,1118,135,1118,135,143,16,143,16,1728,231,1728,231
49325,419,59,419,59,618,91,618,91,68,8,68,8,1491,177,1491,177,692,89,692,89,743,94,743,94,418,46,418,46,972,107,972,107,1518,186,1518,186,1028,119,1028,119,1508,177,1508,177,59,7,59,7,2187,248,2187,248,952,100,952,100
2167,438,62,438,62,495,70,495,70,585,79,585,79,690,85,690,85,1017,123,1017,123,642,74,642,74,1646,211,1646,211,2058,242,2058,242,32,1,32,1,236,27,236,27,,,,,,,,,,,,,2364,271,2364,271
8701,438,67,438,67,1155,170,1155,170,743,110,743,110,973,132,973,132,1042,132,1042,132,1042,148,1042,148,,,,,,,,,,,,,,,,,,,,,,,,,,,,,,,,
54733,438,67,438,67,405,70,405,70,722,108,722,108,604,83,604,83,242,38,242,38,1068,127,1068,127,1423,175,1423,175,1152,141,1152,141,282,35,282,35,1571,189,1571,189,1815,222,1815,222,897,114,897,114,,,,,,,,
46967,438,28,438,28,,,,,,,,,,,,,,,,,,,,,,,,,,,,,,,,,,,,,,,,,,,,,,,,,,,,
28222,438,7,438,7,,,,,,,,,857,61,857,61,1238,73,1238,73,1377,72,1377,72,,,,,,,,,1034,61,1034,61,897,134,897,134,1654,105,1654,105,2140,132,2140,132,322,39,322,39,1495,202,1495,202
3824,438,22,438,22,826,45,826,45,1391,85,1391,85,349,17,349,17,1296,65,1296,65,1024,65,1024,65,,,,,,,,,,,,,,,,,,,,,,,,,,,,,,,,
36809,438,49,75,9,1155,121,1155,121,1016,106,1016,106,,,,,,,,,,,,,,,,,,,,,,,,,,,,,,,,,,,,,,,,,,,,
15645,17,5,17,5,54,17,54,17,4,1,4,1,41,12,41,12,64,21,64,21,70,20,70,20,36,10,36,10,53,18,53,18,,,,,,,,,,,,,,,,,,,,,,,,
15715,438,49,438,49,739,78,739,78,1016,106,1016,106,936,91,936,91,884,85,884,85,1688,176,1688,176,141,14,141,14,1442,140,1442,140,,,,,,,,,1508,177,1508,177,2259,275,2259,275,1055,111,1055,111,845,91,845,91
3041,438,62,438,62,341,50,341,50,1039,137,1039,137,483,61,483,61,900,108,900,108,501,58,501,58,2043,259,2043,259,566,56,566,56,,,,,,,,,1148,136,1148,136,2349,282,2349,282,,,,,,,,
9475,438,67,438,67,514,71,514,71,722,108,722,108,795,100,795,100,934,120,934,120,1496,219,1496,219,1764,246,1764,246,566,77,566,77,1344,212,1344,212,218,24,218,24,1815,234,1815,234,1353,172,1353,172,528,70,528,70,1266,163,1266,163
49254,438,62,438,62,221,32,221,32,1313,180,1313,180,1509,184,1509,184,,,,,,,,,1401,176,1401,176,499,52,499,52,,,,,,,,,2078,252,2078,252,182,19,182,19,621,67,621,67,127,15,127,15
48181,438,49,438,49,381,43,381,43,1345,140,1345,140,1163,118,1163,118,920,88,920,88,1461,159,1461,159,1462,154,1462,154,1553,151,1553,151,1034,111,1034,111,493,65,493,65,1858,203,1858,203,1043,110,1043,110,1390,145,1390,145,1870,191,1870,191
56087,17,4,7,4,54,7,10,1,22,3,11,2,,,,,,,,,,,,,,,,,58,6,58,6,39,5,39,5,,,,,,,,,,,,,,,,,,,,
5930,438,67,438,67,1013,164,1013,164,556,84,556,84,,,,,,,,,,,,,,,,,,,,,,,,,,,,,,,,,,,,,,,,,,,,
19853,438,67,438,67,,,,,,,,,,,,,1525,221,1525,221,,,,,,,,,,,,,,,,,,,,,,,,,,,,,,,,,,,,
16960,438,22,438,22,1013,57,1013,57,1169,72,1169,72,,,,,,,,,,,,,,,,,,,,,,,,,,,,,,,,,820,56,820,56,931,57,931,57,1941,119,1941,119
38933,19,2,8,1,34,6,13,3,30,5,14,4,,,,,,,,,,,,,,,,,14,1,14,1,,,,,,,,,56,11,56,11,77,11,77,11,,,,,,,,
34467,453,24,453,24,514,28,514,28,20,1,20,1,301,13,301,13,1074,56,1074,56,1480,84,1480,84,418,55,418,55,112,10,112,10,1562,251,1562,251,797,113,797,113,1323,183,1323,183,1445,185,1445,185,543,75,543,75,1753,236,1753,236
5939,453,70,453,70,133,25,133,25,617,92,617,92,,,,,,,,,1557,203,1557,203,934,112,934,112,994,127,994,127,1252,153,1252,153,785,98,785,98,1953,241,1953,241,402,52,402,52,2469,295,2469,295,1753,205,1753,205
43503,19,5,10,5,42,8,16,5,64,10,64,10,46,6,46,6,19,2,19,2,33,5,33,5,70,10,70,10,55,5,55,5,55,8,55,8,,,,,,,,,72,1,72,1,78,1,78,1,108,1,108,1
15717,453,65,453,65,,,,,,,,,,,,,,,,,,,,,,,,,,,,,,,,,,,,,,,,,,,,,,,,,,,,
47539,19,1,19,1,4,1,4,1,56,4,56,4,,,,,,,,,55,2,55,2,7,1,7,1,46,11,46,11,55,13,55,13,44,11,44,11,48,6,48,6,58,10,58,10,75,16,75,16,,,,
57247,19,6,10,3,,,,,,,,,,,,,,,,,,,,,,,,,,,,,,,,,,,,,,,,,,,,,,,,,,,,
31495,453,70,453,70,381,64,381,64,1501,221,1501,221,,,,,1066,155,1066,155,1140,138,1140,138,962,114,962,114,2038,256,2038,256,51,12,51,12,730,93,730,93,702,92,702,92,1401,174,1401,174,2469,295,2469,295,,,,
27509,453,65,453,65,1277,136,1277,136,617,86,617,86,1014,120,1014,120,1449,175,1449,175,672,78,672,78,1574,195,1574,195,373,34,373,34,1223,147,1223,147,1664,210,1664,210,,,,,1248,143,1248,143,746,80,746,80,1562,171,1562,171
4076,453,19,453,19,1261,75,1261,75,963,58,963,58,1068,66,1068,66,60,1,60,1,1669,86,1669,86,387,22,387,22,1044,52,1044,52,748,34,748,34,1500,77,1500,77,1196,67,1196,67,1563,89,1563,89,877,55,877,55,139,4,139,4
22793,453,24,453,24,1341,72,1341,72,,,,,,,,,,,,,,,,,,,,,,,,,,,,,,,,,,,,,,,,,,,,,,,,
11179,453,52,453,52,670,71,670,71,995,103,995,103,936,91,936,91,692,58,692,58,867,85,867,85,1764,175,1764,175,1899,190,1899,190,1546,163,1546,163,1115,131,1115,131,1654,179,1654,179,1096,114,1096,114,1514,161,1514,161,1728,180,1728,180
8562,453,65,453,65,590,87,590,87,963,125,963,125,1150,139,1150,139,1001,120,1001,120,1166,143,1166,143,334,37,334,37,1442,162,1442,162,400,47,400,47,1500,189,1500,189,528,56,528,56,1353,155,1353,155,1326,138,1326,138,740,80,740,80
31322,453,65,453,65,267,40,267,40,1169,158,1169,158,1645,203,1645,203,,,,,,,,,,,,,,,,,,,,,,,,,,,,,,,,,,,,,,,,
40702,463,72,463,72,548,91,548,91,1103,159,1103,159,483,62,483,62,224,36,224,36,1571,208,1571,208,63,11,63,11,1392,174,1392,174,1223,145,1223,145,448,61,448,61,2137,259,2137,259,444,57,444,57,2288,276,2288,276,624,74,624,74
3077,463,72,463,72,371,63,371,63,1289,198,1289,198,1150,151,1150,151,1218,177,1218,177,1298,161,1298,161,,,,,,,,,,,,,,,,,,,,,,,,,,,,,,,,
45279,463,22,53,3,49,3,23,1,397,60,80,12,563,70,99,9,46,5,46,5,1657,75,1657,75,175,10,175,10,866,35,866,35,1603,145,1603,145,106,12,106,12,2252,84,2252,84,655,40,655,40,87,4,87,4,871,95,871,95
33837,463,25,463,25,1039,50,1039,50,110,5,110,5,1126,43,1126,43,821,30,821,30,1357,69,1357,69,1700,83,1700,83,1789,94,1789,94,,,,,,,,,,,,,,,,,,,,,,,,
39339,463,27,53,5,699,33,97,5,1153,57,134,7,168,8,168,8,390,52,390,52,1068,151,1068,151,573,76,573,76,,,,,,,,,,,,,,,,,,,,,,,,,,,,
43775,463,25,29,2,53,5,20,2,901,61,81,5,245,8,62,5,1564,81,168,9,380,19,101,2,606,66,606,66,2141,212,2141,212,,,,,,,,,98,17,98,17,928,100,928,100,763,83,763,83,305,35,305,35
38389,463,25,76,3,231,13,231,13,199,16,199,16,289,12,289,12,1513,78,1513,78,1120,70,1120,70,1484,85,1484,85,287,23,287,23,,,,,,,,,968,55,968,55,1502,107,1502,107,276,18,276,18,2048,128,2048,128
8480,23,4,23,4,40,7,40,7,52,9,52,9,4,1,4,1,75,12,75,12,52,8,52,8,10,2,10,2,64,5,64,5,63,11,63,11,36,5,36,5,81,13,81,13,24,5,24,5,95,14,95,14,33,8,33,8
35398,463,72,463,72,166,32,166,32,1241,190,1241,190,1163,152,1163,152,1679,241,1679,241,914,111,914,111,343,45,343,45,1738,218,1738,218,588,73,588,73,448,61,448,61,1603,201,1603,201,1197,149,1197,149,2066,244,2066,244,127,19,127,19
54040,463,29,463,29,715,43,715,43,1378,83,1378,83,,,,,,,,,,,,,,,,,,,,,,,,,,,,,,,,,1810,109,1810,109,1270,90,1270,90,,,,
44564,472,75,472,75,951,149,951,149,319,49,319,49,245,34,245,34,755,113,755,113,1945,250,1945,250,1038,129,1038,129,166,28,166,28,1034,119,1034,119,1689,206,1689,206,360,54,360,54,2140,259,2140,259,1777,204,1777,204,1753,205,1753,205
21569,472,27,472,27,,,,,,,,,,,,,,,,,,,,,,,,,,,,,,,,,,,,,,,,,,,,,,,,,,,,
18722,472,23,472,23,642,35,642,35,98,2,98,2,1650,71,1650,71,1385,64,1385,64,79,2,79,2,1700,79,1700,79,1705,67,1705,67,330,21,330,21,260,12,260,12,1227,41,1227,41,985,37,985,37,1777,68,1777,68,314,13,314,13
3755,472,75,472,75,657,106,657,106,1558,226,1558,226,547,76,547,76,29,6,29,6,1377,175,1377,175,899,107,899,107,1442,183,1442,183,32,9,32,9,397,57,397,57,2237,272,2237,272,501,68,501,68,2187,262,2187,262,2016,239,2016,239
17182,472,69,472,69,140,17,140,17,1029,134,1029,134,857,102,857,102,1368,166,1368,166,434,48,434,48,653,66,653,66,1591,185,1591,185,,,,,,,,,637,68,637,68,1011,121,1011,121,1675,181,1675,181,1328,140,1328,140
11122,472,26,472,26,1193,61,1193,61,690,33,690,33,1469,68,1469,68,692,26,692,26,1068,54,1068,54,,,,,,,,,,,,,,,,,64,2,64,2,414,24,414,24,1438,80,1438,80,1670,109,1670,109
50748,472,69,472,69,405,58,405,58,1425,204,1425,204,200,28,200,28,1752,228,1752,228,1024,144,1024,144,755,110,755,110,1480,210,1480,210,,,,,,,,,,,,,,,,,,,,,,,,
16800,472,75,472,75,1098,175,1098,175,1378,209,1378,209,1440,197,1440,197,1017,151,1017,151,620,73,620,73,1613,203,1613,203,208,31,208,31,588,73,588,73,1017,121,1017,121,,,,,,,,,1751,202,1751,202,262,35,262,35
22996,472,69,472,69,715,107,715,107,,,,,,,,,,,,,1760,250,1760,250,1423,203,1423,203,1328,192,1328,192,,,,,,,,,1063,151,1063,151,,,,,,,,,,,,
32602,481,70,481,70,14,3,14,3,1556,214,1556,214,412,52,412,52,,,,,,,,,,,,,,,,,,,,,,,,,,,,,,,,,,,,,,,,
29037,481,7,481,7,157,3,157,3,1289,27,1289,27,,,,,,,,,1557,26,1557,26,,,,,,,,,,,,,,,,,,,,,,,,,,,,,,,,
24389,481,28,481,28,447,25,447,25,1214,77,1214,77,1518,82,1518,82,,,,,1870,106,1870,106,595,35,595,35,1738,106,1738,106,,,,,,,,,440,24,440,24,2129,133,2129,133,907,54,907,54,223,21,223,21
30541,481,38,481,38,1417,110,1417,110,,,,,,,,,1417,107,1417,107,816,56,816,56,455,40,455,40,1617,125,1617,125,,,,,,,,,,,,,,,,,,,,,,,,
1973,481,71,481,71,267,32,267,32,299,47,299,47,1759,234,1759,234,242,37,242,37,1480,214,1480,214,,,,,,,,,1450,227,1450,227,,,,,,,,,,,,,,,,,,,,
51476,481,71,56,10,415,60,63,8,1401,200,149,22,412,55,91,8,1752,228,1752,228,1024,144,1024,144,606,81,606,81,1272,181,1272,181,1546,246,1546,246,,,,,,,,,,,,,,,,,,,,
260,481,71,481,71,309,37,309,37,1560,225,1560,225,725,89,725,89,1470,193,1470,193,1441,208,1441,208,119,15,119,15,100,9,100,9,823,128,823,128,1460,220,1460,220,876,128,876,128,1614,213,1614,213,257,30,257,30,223,33,223,33
40101,481,53,481,53,767,80,767,80,722,70,722,70,1034,102,1034,102,956,91,956,91,150,19,150,19,670,76,670,76,1705,173,1705,173,1587,171,1587,171,440,59,440,59,1339,141,1339,141,1248,132,1248,132,2163,220,2163,220,242,28,242,28
8836,481,27,481,27,992,43,992,43,1425,67,1425,67,825,35,825,35,1773,88,1773,88,,,,,,,,,,,,,,,,,,,,,,,,,,,,,,,,,,,,
50724,481,71,481,71,1039,151,1039,151,213,31,213,31,329,46,329,46,1449,189,1449,189,1496,219,1496,219,698,98,698,98,1295,184,1295,184,,,,,,,,,1714,225,1714,225,1197,149,1197,149,558,78,558,78,1364,174,1364,174
34468,481,28,80,5,1280,70,1280,70,556,40,556,40,1049,56,1049,56,505,25,505,25,1298,77,1298,77,1081,137,1081,137,516,66,516,66,588,73,588,73,964,117,964,117,401,58,401,58,1750,210,1750,210,1855,215,1855,215,807,93,807,93
15087,481,30,481,30,1090,76,1090,76,917,57,917,57,434,22,434,22,1132,82,1132,82,,,,,,,,,,,,,,,,,,,,,,,,,,,,,806,61,806,61,1801,141,1801,141
3626,481,8,481,8,1429,22,1429,22,150,3,150,3,737,51,737,51,1350,198,1350,198,672,40,672,40,1509,92,1509,92,1993,127,1993,127,330,19,330,19,588,32,588,32,1735,108,1735,108,621,47,621,47,2245,132,2245,132,565,26,565,26
4979,494,24,494,24,1208,58,1208,58,669,28,669,28,1150,47,1150,47,773,41,773,41,,,,,,,,,,,,,,,,,,,,,,,,,,,,,,,,,,,,
6357,494,78,494,78,715,113,715,113,1054,148,1054,148,1183,159,1183,159,114,24,114,24,1721,226,1721,226,844,101,844,101,439,58,439,58,703,83,703,83,1353,167,1353,167,1087,145,1087,145,1011,126,1011,126,985,104,985,104,290,42,290,42
8272,494,30,494,30,1338,74,1338,74,,,,,,,,,,,,,,,,,,,,,,,,,,,,,,,,,,,,,,,,,,,,,,,,
1805,494,20,494,20,267,20,267,20,1497,84,1497,84,1126,69,1126,69,692,38,692,38,1848,94,1848,94,273,15,273,15,2114,113,2114,113,,,,,,,,,,,,,,,,,,,,,,,,
14767,494,78,494,78,699,110,699,110,1345,203,1345,203,200,25,200,25,401,61,401,61,1068,127,1068,127,2040,254,2040,254,287,41,287,41,1223,145,1223,145,704,89,704,89,605,80,605,80,1991,238,1991,238,1461,153,1461,153,1039,127,1039,127
2120,494,31,494,31,783,47,783,47,1178,75,1178,75,725,39,725,39,283,19,283,19,1817,111,1817,111,,,,,,,,,,,,,,,,,,,,,,,,,,,,,,,,
38168,494,71,494,71,281,43,281,43,766,99,766,99,879,106,879,106,442,56,442,56,1319,184,1319,184,483,54,483,54,866,88,866,88,1282,153,1282,153,,,,,,,,,,,,,1826,100,1826,100,251,19,251,19
651,501,39,501,39,783,61,783,61,658,55,658,55,,,,,,,,,,,,,,,,,,,,,,,,,,,,,,,,,,,,,,,,,,,,
10652,501,21,501,21,309,23,309,23,785,44,785,44,973,58,973,58,1088,58,1088,58,541,26,541,26,1328,73,1328,73,1819,93,1819,93,,,,,,,,,,,,,985,52,985,52,,,,,,,,
10506,501,54,501,54,1220,126,1220,126,722,70,722,70,1666,152,1666,152,736,64,736,64,58,10,58,10,915,97,915,97,1779,180,1779,180,,,,,,,,,,,,,,,,,,,,,,,,
3037,501,72,501,72,992,129,992,129,585,79,585,79,825,98,825,98,1175,140,1175,140,199,18,199,18,879,103,879,103,1738,207,1738,207,,,,,,,,,,,,,,,,,,,,,,,,
467,501,12,501,12,341,6,341,6,1222,39,1222,39,578,50,578,50,677,34,677,34,672,42,672,42,1462,70,1462,70,2073,101,2073,101,,,,,,,,,,,,,,,,,,,,,,,,
32361,501,75,501,75,,,,,,,,,,,,,,,,,1700,244,1700,244,1842,261,1842,261,302,41,302,41,106,18,106,18,397,44,397,44,2214,291,2214,291,62,11,62,11,1461,191,1461,191,1364,174,1364,174
1920,501,25,501,25,482,26,482,26,117,3,117,3,1183,51,1183,51,1175,52,1175,52,241,9,241,9,1343,65,1343,65,1378,53,1378,53,1252,53,1252,53,101,5,101,5,2111,77,2111,77,2286,89,2286,89,528,16,528,16,1891,65,1891,65
11248,501,54,501,54,826,89,826,89,556,53,556,53,591,53,591,53,1401,139,1401,139,1068,109,1068,109,934,99,934,99,588,67,588,67,856,89,856,89,,,,,,,,,,,,,1461,153,1461,153,2229,233,2229,233
45258,501,25,501,25,1401,71,1401,71,539,24,539,24,1440,62,1440,62,1862,87,1862,87,398,15,398,15,755,32,755,32,,,,,,,,,,,,,,,,,,,,,1055,63,1055,63,,,,
6952,501,80,501,80,531,86,531,86,84,15,84,15,1219,166,1219,166,920,132,920,132,1557,203,1557,203,509,66,509,66,2099,265,2099,265,458,57,458,57,173,24,173,24,994,132,994,132,1445,177,1445,177,621,63,621,63,1801,211,1801,211
19440,501,8,501,8,642,7,642,7,705,21,705,21,1398,24,1398,24,470,8,470,8,455,8,455,8,1887,29,1887,29,516,8,516,8,,,,,,,,,1537,20,1537,20,2109,33,2109,33,1241,22,1241,22,2450,41,2450,41
39512,501,9,30,2,1186,17,88,7,,,,,,,,,,,,,,,,,2047,290,2047,290,,,,,,,,,,,,,,,,,,,,,,,,,,,,
35365,501,8,501,8,896,12,896,12,603,18,603,18,920,15,920,15,773,11,773,11,530,11,530,11,2030,30,2030,30,191,3,191,3,588,8,588,8,1053,12,1053,12,1484,19,1484,19,1401,20,1401,20,558,12,558,12,1518,30,1518,30
6600,501,80,501,80,1332,201,1332,201,539,82,539,82,1639,222,1639,222,70,14,70,14,276,38,276,38,1524,192,1524,192,1997,250,1997,250,856,100,856,100,1139,135,1139,135,767,102,767,102,2353,288,2353,288,2495,302,2495,302,,,,
1507,515,56,515,56,684,74,684,74,617,59,617,59,899,87,899,87,1483,141,1483,141,173,21,173,21,1764,175,1764,175,640,71,640,71,933,94,933,94,1305,150,1305,150,1537,164,1537,164,798,89,798,89,1326,137,1326,137,1187,127,1187,127
14040,515,76,515,76,715,107,715,107,963,139,963,139,920,122,920,122,715,86,715,86,1193,163,1193,163,1949,278,1949,278,,,,,,,,,,,,,590,79,590,79,1248,157,1248,157,1644,216,1644,216,,,,
49255,515,73,515,73,590,87,590,87,722,94,722,94,1014,120,1014,120,1368,166,1368,166,851,109,851,109,1081,127,1081,127,1867,216,1867,216,,,,,,,,,2244,271,2244,271,1423,162,1423,162,1931,210,1931,210,667,78,667,78
48171,515,56,515,56,1366,143,1366,143,205,22,205,22,,,,,,,,,,,,,,,,,,,,,495,55,495,55,704,93,704,93,1169,127,1169,127,1899,189,1899,189,806,84,806,84,347,40,347,40
25113,515,32,515,32,924,57,924,57,743,46,743,46,1290,72,1290,72,620,43,620,43,1622,100,1622,100,1574,102,1574,102,66,2,66,2,1433,82,1433,82,870,55,870,55,496,31,496,31,1956,118,1956,118,877,70,877,70,1137,89,1137,89
49323,515,73,515,73,1013,132,1013,132,1016,133,1016,133,114,18,114,18,956,114,956,114,1166,143,1166,143,463,50,463,50,,,,,,,,,173,18,173,18,797,92,797,92,843,96,843,96,596,63,596,63,2302,263,2302,263
4556,515,82,515,82,1039,170,1039,170,1222,183,1222,183,100,12,100,12,809,106,809,106,1523,224,1523,224,1219,172,1219,172,1196,148,1196,148,588,73,588,73,1284,157,1284,157,485,70,485,70,1705,202,1705,202,1826,211,1826,211,1301,157,1301,157
6230,515,82,515,82,154,30,154,30,1178,174,1178,174,1290,178,1290,178,1328,195,1328,195,1848,243,1848,243,,,,,,,,,,,,,,,,,,,,,,,,,,,,,,,,
54332,515,28,515,28,1254,67,1254,67,1313,58,1313,58,,,,,,,,,959,55,959,55,1260,60,1260,60,131,3,131,3,436,26,436,26,760,43,760,43,2121,102,2121,102,547,28,547,28,444,27,444,27,928,52,928,52
43644,515,82,31,8,909,142,80,18,231,34,51,15,1219,166,149,28,1311,191,158,38,588,69,588,69,698,88,698,88,1328,166,1328,166,1450,177,1450,177,194,25,194,25,1945,240,1945,240,928,116,928,116,467,50,467,50,1670,193,1670,193
298,515,76,515,76,1052,155,1052,155,1039,152,1039,152,1528,215,1528,215,,,,,,,,,,,,,,,,,,,,,,,,,,,,,,,,,,,,,,,,
17681,515,40,515,40,281,26,281,26,1501,123,1501,123,35,4,35,4,1820,135,1820,135,1265,86,1265,86,1038,83,1038,83,1152,89,1152,89,1344,117,1344,117,551,51,551,51,797,60,797,60,2307,173,2307,173,178,13,178,13,1891,119,1891,119
47970,515,32,31,1,11,2,6,2,1054,64,86,3,936,56,99,7,846,58,129,7,661,39,132,6,67,1,67,1,1442,95,1442,95,330,19,330,19,,,,,,,,,,,,,,,,,,,,
10856,515,22,515,22,1118,66,1118,66,,,,,,,,,,,,,1377,73,1377,73,1401,75,1401,75,2182,118,2182,118,,,,,,,,,,,,,,,,,,,,,,,,
731,529,27,529,27,618,33,618,33,743,30,743,30,273,11,273,11,1773,82,1773,82,254,11,254,11,1081,48,1081,48,2026,83,2026,83,,,,,,,,,1049,35,1049,35,2045,85,2045,85,1984,73,1984,73,1781,60,1781,60
15647,529,78,529,78,783,119,783,119,1324,189,1324,189,,,,,,,,,,,,,,,,,,,,,,,,,,,,,,,,,,,,,,,,,,,,
49790,529,75,529,75,231,35,231,35,417,59,417,59,1744,214,1744,214,272,35,272,35,1461,180,1461,180,1151,142,1151,142,233,21,233,21,1478,180,1478,180,1405,176,1405,176,232,28,232,28,402,49,402,49,1002,102,1002,102,1615,178,1615,178
5461,529,31,529,31,699,39,699,39,173,14,173,14,1349,75,1349,75,262,12,262,12,1508,87,1508,87,375,22,375,22,686,42,686,42,,,,,,,,,534,29,534,29,1248,89,1248,89,856,51,856,51,1137,72,1137,72
5800,529,29,529,29,,,,,,,,,,,,,1525,71,1525,71,334,19,334,19,1700,83,1700,83,717,36,717,36,,,,,,,,,389,20,389,20,580,33,580,33,2262,125,2262,125,1473,95,1473,95
15926,529,85,529,85,,,,,,,,,,,,,,,,,,,,,,,,,,,,,,,,,,,,,,,,,,,,,,,,,,,,
5115,529,10,529,10,1270,17,1270,17,235,7,235,7,1126,19,1126,19,1132,22,1132,22,1265,23,1265,23,755,9,755,9,243,5,243,5,999,15,999,15,1637,23,1637,23,2137,29,2137,29,897,14,897,14,2018,35,2018,35,565,9,565,9
10479,529,41,529,41,66,5,66,5,1076,92,1076,92,936,71,936,71,1564,115,1564,115,1396,101,1396,101,1401,109,1401,109,611,51,611,51,217,22,217,22,1115,98,1115,98,1698,134,1698,134,2093,156,2093,156,180,14,180,14,892,57,892,57
40367,529,75,85,6,514,76,85,5,1054,142,1054,142,44,7,44,7,1777,220,1777,220,469,53,469,53,1613,203,1613,203,439,43,439,43,1252,150,1252,150,1167,142,1167,142,,,,,,,,,,,,,,,,
41227,529,29,33,2,951,42,82,4,1414,66,102,3,615,26,104,5,884,34,133,7,1733,88,1733,88,483,22,483,22,1219,63,1219,63,,,,,,,,,767,38,767,38,897,57,897,57,2018,113,2018,113,1187,79,1187,79
35112,529,10,85,5,482,10,82,8,,,,,,,,,647,41,647,41,1914,109,1914,109,1279,77,1279,77,,,,,,,,,,,,,,,,,,,,,,,,,,,,
16179,529,27,529,27,1358,66,1358,66,995,48,995,48,1398,58,1398,58,,,,,620,34,620,34,1842,85,1842,85,216,14,216,14,1034,45,1034,45,964,31,964,31,2181,82,2181,82,486,17,486,17,2125,87,2125,87,2115,80,2115,80
36971,529,23,60,3,482,30,82,3,284,15,69,5,1034,61,1034,61,109,3,109,3,1863,97,1863,97,455,28,455,28,1738,87,1738,87,703,31,703,31,1305,64,1305,64,2225,132,2225,132,38,2,38,2,336,15,336,15,1989,94,1989,94
51168,529,23,529,23,978,58,978,58,1305,72,1305,72,,,,,,,,,,,,,,,,,,,,,,,,,,,,,,,,,,,,,95,5,95,5,1728,78,1728,78
46047,529,41,529,41,281,26,281,26,722,62,722,62,329,26,329,26,1417,107,1417,107,346,56,346,56,1974,280,1974,280,929,136,929,136,1394,219,1394,219,317,38,317,38,650,48,650,48,1750,125,1750,125,1855,253,1855,253,2169,144,2169,144
34793,24,2,9,1,,,,,,,,,,,,,,,,,,,,,,,,,,,,,,,,,,,,,44,3,44,3,37,3,37,3,,,,,,,,
16778,529,10,529,10,951,16,951,16,117,2,117,2,1349,83,1349,83,534,82,534,82,1424,75,1424,75,1245,74,1245,74,1836,118,1836,118,,,,,,,,,374,22,374,22,2323,143,2323,143,1027,51,1027,51,1753,104,1753,104
16471,24,7,24,7,53,16,53,16,,,,,58,4,58,4,57,4,57,4,,,,,,,,,6,1,6,1,,,,,,,,,26,2,26,2,93,8,93,8,99,6,99,6,107,8,107,8
49504,529,75,529,75,447,63,447,63,472,64,472,64,1126,134,1126,134,692,89,692,89,1669,206,1669,206,473,51,473,51,1170,130,1170,130,,,,,,,,,1714,208,1714,208,1614,186,1614,186,705,75,705,75,1615,178,1615,178
16426,529,31,529,31,853,48,853,48,1563,99,1563,99,,,,,,,,,,,,,,,,,,,,,,,,,,,,,,,,,,,,,,,,,,,,
50398,529,75,529,75,783,105,783,105,836,106,836,106,1481,176,1481,176,1727,213,1727,213,,,,,,,,,,,,,,,,,,,,,,,,,,,,,,,,,,,,
27201,548,79,89,15,1039,151,120,17,275,41,275,41,483,63,483,63,715,86,715,86,1357,192,1357,192,1887,269,1887,269,499,67,499,67,1518,242,1518,242,870,125,870,125,271,37,271,37,1380,176,1380,176,1185,150,1185,150,1495,202,1495,202
32782,548,25,89,4,978,58,978,58,,,,,,,,,,,,,,,,,,,,,,,,,,,,,,,,,,,,,,,,,,,,,,,,
333,548,79,34,6,978,148,83,13,263,40,52,7,1163,161,145,18,1385,178,161,18,,,,,,,,,,,,,,,,,,,,,,,,,,,,,,,,,539,69,539,69
26439,548,58,548,58,395,46,395,46,1491,153,1491,153,465,42,465,42,692,58,692,58,851,83,851,83,2067,198,2067,198,,,,,,,,,,,,,1508,160,1508,160,2065,203,2065,203,1326,137,1326,137,1364,145,1364,145
6090,548,79,548,79,172,21,172,21,137,23,137,23,1574,219,1574,219,1449,189,1449,189,1508,222,1508,222,84,9,84,9,907,133,907,133,1621,261,1621,261,944,145,944,145,344,48,344,48,2353,319,2353,319,1207,153,1207,153,1801,240,1801,240
32425,26,3,14,2,25,3,11,2,3,1,3,1,35,7,35,7,39,5,39,5,87,11,87,11,11,2,11,2,64,7,64,7,49,7,49,7,,,,,,,,,,,,,,,,,,,,
7520,548,58,548,58,951,104,951,104,1178,120,1178,120,221,23,221,23,1548,152,1548,152,914,88,914,88,879,94,879,94,1044,105,1044,105,1546,163,1546,163,416,56,416,56,1267,137,1267,137,2247,224,2247,224,1896,192,1896,192,,,,
14853,548,25,548,25,249,18,249,18,1345,74,1345,74,591,32,591,32,1273,71,1273,71,606,32,606,32,1484,79,1484,79,273,10,273,10,1533,76,1533,76,1561,80,1561,80,389,26,389,26,2179,120,2179,120,444,26,444,26,475,17,475,17
1036,548,11,548,11,767,10,767,10,1432,30,1432,30,349,3,349,3,1710,30,1710,30,1645,27,1645,27,,,,,,,,,,,,,,,,,,,,,,,,,,,,,1870,34,1870,34
17610,548,79,548,79,473,67,473,67,1103,147,1103,147,857,102,857,102,1350,163,1350,163,792,101,792,101,824,95,824,95,1617,190,1617,190,933,111,933,111,260,32,260,32,2071,251,2071,251,1011,121,1011,121,1489,155,1489,155,1328,140,1328,140
7327,548,79,548,79,563,76,563,76,363,55,363,55,899,117,899,117,1731,224,1731,224,222,36,222,36,1796,255,1796,255,670,90,670,90,1344,212,1344,212,925,139,925,139,118,13,118,13,2269,303,2269,303,1777,240,1777,240,1328,169,1328,169
39045,558,60,35,6,241,28,53,7,1197,123,93,14,615,57,104,17,315,25,83,12,672,66,672,66,,,,,,,,,,,,,,,,,1267,16,1267,16,1916,126,1916,126,856,93,856,93,216,24,216,24
31316,558,80,558,80,507,75,507,75,766,99,766,99,,,,,,,,,,,,,1059,124,1059,124,353,33,353,33,856,99,856,99,1335,166,1335,166,462,49,462,49,22,1,22,1,1115,46,1115,46,1891,65,1891,65
14598,558,83,558,83,1375,198,1375,198,658,96,658,96,1249,175,1249,175,216,32,216,32,1377,196,1377,196,1737,243,1737,243,112,10,112,10,933,148,933,148,1678,258,1678,258,555,74,555,74,1313,168,1313,168,2245,291,2245,291,2016,266,2016,266
7673,558,43,558,43,1173,90,1173,90,459,42,459,42,737,57,737,57,1350,100,1350,100,60,5,60,5,1524,118,1524,118,499,44,499,44,,,,,,,,,473,37,473,37,1580,111,1580,111,,,,,,,,
42350,558,13,558,13,381,8,381,8,785,19,785,19,1183,83,1183,83,,,,,,,,,,,,,,,,,,,,,,,,,,,,,,,,,,,,,,,,
1798,558,27,558,27,249,18,249,18,443,22,443,22,1585,90,1585,90,591,34,591,34,1319,68,1319,68,1984,109,1984,109,397,20,397,20,,,,,,,,,1678,102,1678,102,,,,,,,,,,,,
14590,558,83,558,83,1039,151,1039,151,235,34,235,34,825,107,825,107,479,62,479,62,1587,233,1587,233,653,88,653,88,1505,214,1505,214,893,142,893,142,539,70,539,70,2275,302,2275,302,1750,230,1750,230,763,102,763,102,1383,179,1383,179
56453,558,60,558,60,104,15,104,15,1540,155,1540,155,,,,,,,,,254,24,254,24,962,114,962,114,1975,230,1975,230,,,,,,,,,621,63,621,63,1991,244,1991,244,,,,,,,,
20314,558,80,558,80,684,98,684,98,1029,134,1029,134,,,,,,,,,,,,,,,,,,,,,,,,,,,,,,,,,,,,,,,,,,,,
15233,558,80,558,80,826,109,826,109,1132,153,1132,153,666,82,666,82,1194,143,1194,143,575,67,575,67,793,87,793,87,1420,160,1420,160,,,,,,,,,1339,155,1339,155,1641,194,1641,194,,,,,,,,
14593,558,83,558,83,1312,190,1312,190,1197,171,1197,171,957,128,957,128,187,27,187,27,1357,192,1357,192,114,14,114,14,797,115,797,115,1223,192,1223,192,1230,192,1230,192,741,106,741,106,2161,284,2161,284,1644,216,1644,216,1114,144,1114,144
14359,558,33,558,33,873,49,873,49,127,10,127,10,1304,71,1304,71,562,27,562,27,1496,86,1496,86,800,45,800,45,185,14,185,14,1670,33,1670,33,609,26,609,26,621,38,621,38,1380,100,1380,100,1675,102,1675,102,1071,67,1071,67
1126,558,29,558,29,579,29,579,29,950,43,950,43,349,16,349,16,1470,71,1470,71,541,25,541,25,1219,57,1219,57,1678,66,1678,66,788,33,788,33,1686,61,1686,61,876,28,876,28,1173,48,1173,48,528,16,528,16,2459,93,2459,93
1056,558,31,558,31,1352,73,1352,73,147,8,147,8,1743,85,1743,85,1175,51,1175,51,1921,100,1921,100,,,,,,,,,145,7,145,7,1630,84,1630,84,,,,,,,,,,,,,,,,
28008,558,31,558,31,938,102,938,102,263,28,263,28,795,76,795,76,1296,125,1296,125,530,55,530,55,1574,158,1574,158,1591,156,1591,156,,,,,,,,,,,,,,,,,,,,,1670,176,1670,176
39500,573,28,573,28,,,,,,,,,,,,,,,,,,,,,,,,,,,,,,,,,,,,,,,,,,,,,,,,,,,,
5515,573,44,573,44,,,,,,,,,1290,94,1290,94,,,,,,,,,,,,,,,,,,,,,,,,,,,,,,,,,,,,,,,,
14547,573,83,573,83,1090,144,1090,144,284,41,284,41,511,66,511,66,1175,140,1175,140,334,36,334,36,1998,255,1998,255,1591,185,1591,185,260,28,260,28,1000,113,1000,113,2257,273,2257,273,774,90,774,90,,,,,,,,
46227,573,44,573,44,,,,,,,,,,,,,,,,,,,,,,,,,,,,,,,,,,,,,,,,,,,,,,,,,,,,
34783,573,14,573,14,1132,32,1132,32,638,15,638,15,108,9,108,9,1417,74,1417,74,575,32,575,32,1764,85,1764,85,2082,102,2082,102,202,13,202,13,381,21,381,21,1087,58,1087,58,1043,53,1043,53,1675,91,1675,91,1541,164,1541,164
40972,573,86,64,11,1229,189,90,19,,,,,,,,,,,,,,,,,,,,,,,,,,,,,,,,,,,,,,,,,,,,,,,,
15713,573,62,573,62,1186,124,1186,124,1169,118,1169,118,412,39,412,39,1710,165,1710,165,980,98,980,98,899,107,899,107,,,,,,,,,,,,,1439,168,1439,168,258,30,258,30,1241,127,1241,127,1160,125,1160,125
32847,573,62,573,62,840,91,840,91,1054,111,1054,111,374,35,374,35,494,42,494,42,1622,172,1622,172,800,88,800,88,320,43,320,43,1621,176,1621,176,1185,138,1185,138,683,79,683,79,2093,209,2093,209,1027,113,1027,113,290,33,290,33
29007,573,86,36,7,301,35,57,7,354,53,57,8,1266,179,152,19,1218,156,152,15,284,48,284,48,1796,255,1796,255,1122,163,1122,163,588,86,588,86,478,56,478,56,921,135,921,135,1011,119,1011,119,2445,323,2445,323,643,75,643,75
34060,573,30,573,30,1348,65,1348,65,505,23,505,23,648,24,648,24,1449,69,1449,69,1811,80,1811,80,1629,76,1629,76,43,5,43,5,1394,63,1394,63,1519,56,1519,56,,,,,,,,,,,,,,,,
1608,583,33,583,33,896,40,896,40,690,33,690,33,483,20,483,20,1417,64,1417,64,1603,78,1603,78,,,,,,,,,588,30,588,30,1460,76,1460,76,702,32,702,32,877,54,877,54,763,51,763,51,1562,105,1562,105
25646,583,84,583,84,320,47,320,47,341,45,341,45,311,42,311,42,864,105,864,105,1870,228,1870,228,129,12,129,12,1505,171,1505,171,202,20,202,20,478,55,478,55,702,76,702,76,1674,199,1674,199,2427,279,2427,279,57,4,57,4
10151,583,46,583,46,699,53,699,53,485,46,485,46,234,21,234,21,580,48,580,48,1298,90,1298,90,1876,140,1876,140,516,46,516,46,748,71,748,71,510,43,510,43,1583,123,1583,123,2075,154,2075,154,1421,119,1421,119,549,41,549,41
15090,583,34,583,34,618,34,618,34,852,53,852,53,795,47,795,47,755,48,755,48,1396,88,1396,88,1812,118,1812,118,486,31,486,31,,,,,,,,,,,,,,,,,,,,,,,,
56300,583,87,583,87,605,84,605,84,1054,154,1054,154,,,,,,,,,315,53,315,53,,,,,,,,,,,,,,,,,1227,167,1227,167,1069,128,1069,128,359,45,359,45,1364,174,1364,174
41020,27,6,10,5,17,3,6,3,,,,,,,,,,,,,,,,,,,,,,,,,,,,,,,,,,,,,,,,,,,,,,,,
7826,583,84,583,84,1220,172,1220,172,1132,153,1132,153,251,37,251,37,126,16,126,16,1747,212,1747,212,308,31,308,31,2145,256,2145,256,1126,127,1126,127,510,59,510,59,2126,259,2126,259,1401,160,1401,160,643,70,643,70,1728,190,1728,190
57036,583,12,583,12,133,8,133,8,785,44,785,44,848,80,848,80,1699,78,1699,78,1283,134,1283,134,1596,199,1596,199,,,,,,,,,,,,,,,,,,,,,,,,,,,,
7770,590,86,590,86,415,58,415,58,341,45,341,45,1451,170,1451,170,534,69,534,69,411,45,411,45,755,80,755,80,628,64,628,64,971,114,971,114,,,,,,,,,,,,,2438,280,2438,280,1541,165,1541,165
46140,590,35,590,35,1173,83,1173,83,,,,,857,49,857,49,126,5,126,5,1571,97,1571,97,670,38,670,38,1351,88,1351,88,999,63,999,63,704,47,704,47,207,10,207,10,1353,72,1353,72,506,40,506,40,1420,115,1420,115
13916,590,34,590,34,514,23,514,23,1091,47,1091,47,760,34,760,34,143,6,143,6,729,41,729,41,1956,94,1956,94,1219,63,1219,63,748,45,748,45,806,40,806,40,941,52,941,52,1916,108,1916,108,985,60,985,60,1237,81,1237,81
14658,28,1,28,1,,,,,,,,,,,,,,,,,29,1,29,1,11,1,11,1,84,4,84,4,73,6,73,6,11,1,11,1,97,8,97,8,20,2,20,2,48,5,48,5,113,10,113,10
3542,590,86,590,86,166,20,166,20,1378,192,1378,192,497,62,497,62,518,65,518,65,880,114,880,114,1446,181,1446,181,2045,239,2045,239,1613,200,1613,200,36,5,36,5,2275,277,2275,277,897,106,897,106,1896,206,1896,206,1518,162,1518,162
26421,590,34,590,34,356,19,356,19,822,56,822,56,262,9,262,9,340,18,340,18,1840,103,1840,103,1038,64,1038,64,273,21,273,21,,,,,,,,,1169,68,1169,68,1724,114,1724,114,1461,90,1461,90,892,62,892,62
40318,590,87,590,87,98,17,98,17,515,76,515,76,1603,215,1603,215,411,64,411,64,1548,199,1548,199,775,96,775,96,,,,,,,,,,,,,1392,183,1392,183,1380,172,1380,172,2398,290,2398,290,1849,218,1849,218
21570,596,35,596,35,,,,,,,,,,,,,,,,,,,,,,,,,,,,,,,,,,,,,,,,,,,,,,,,,,,,
12649,596,35,596,35,1160,62,1160,62,,,,,,,,,1017,54,1017,54,792,48,792,48,273,15,273,15,1196,79,1196,79,,,,,,,,,,,,,,,,,1185,74,1185,74,1025,66,1025,66
30905,596,35,596,35,70,6,70,6,,,,,,,,,,,,,,,,,,,,,,,,,,,,,,,,,,,,,,,,,,,,,490,35,490,35
14826,596,88,596,88,395,68,395,68,1256,193,1256,193,221,30,221,30,1865,263,1865,263,,,,,,,,,1529,195,1529,195,94,20,94,20,317,45,317,45,1461,189,1461,189,230,28,230,28,1997,231,1997,231,1071,132,1071,132
16925,596,47,596,47,1254,98,1254,98,117,13,117,13,1183,88,1183,88,677,58,677,58,1042,71,1042,71,1202,92,1202,92,,,,,,,,,,,,,,,,,,,,,,,,,,,,
11733,596,12,596,12,684,12,684,12,539,11,539,11,1538,94,1538,94,1042,59,1042,59,1603,83,1603,83,192,14,192,14,2019,129,2019,129,,,,,,,,,1858,111,1858,111,2056,126,2056,126,2464,147,2464,147,290,10,290,10
48128,596,64,596,64,260,29,260,29,1545,156,1545,156,973,94,973,94,1119,110,1119,110,816,74,816,74,541,57,541,57,1738,176,1738,176,495,55,495,55,1292,148,1292,148,767,86,767,86,928,100,928,100,2360,237,2360,237,,,,
43609,596,88,66,12,75,14,32,7,249,38,66,18,1361,185,158,31,864,125,864,125,199,30,199,30,573,81,573,81,866,112,866,112,1368,167,1368,167,964,117,964,117,,,,,,,,,2200,264,2200,264,2148,258,2148,258
16555,596,88,596,88,684,109,684,109,1054,148,1054,148,1266,175,1266,175,1088,158,1088,158,880,105,880,105,1386,169,1386,169,994,127,994,127,1613,206,1613,206,1243,151,1243,151,2033,265,2033,265,,,,,,,,,,,,
29193,596,35,596,35,166,8,166,8,225,14,225,14,1451,66,1451,66,1017,42,1017,42,642,39,642,39,2047,106,2047,106,886,45,886,45,933,55,933,55,981,48,981,48,1945,114,1945,114,754,46,754,46,,,,,,,,
8824,596,35,596,35,739,33,739,33,495,23,495,23,1491,69,1491,69,1350,62,1350,62,1068,54,1068,54,573,28,573,28,,,,,,,,,,,,,,,,,,,,,,,,,207,16,207,16
12077,596,36,596,36,670,39,670,39,638,37,638,37,1451,79,1451,79,1042,74,1042,74,1166,76,1166,76,1367,85,1367,85,907,58,907,58,626,36,626,36,1335,90,1335,90,451,29,451,29,2264,145,2264,145,2018,141,2018,141,871,73,871,73
45280,596,31,596,31,,,,,,,,,,,,,,,,,,,,,1750,80,1750,80,,,,,,,,,,,,,,,,,,,,,,,,,,,,
1407,609,88,609,88,873,136,873,136,1222,174,1222,174,936,125,936,125,692,85,692,85,661,98,661,98,455,62,455,62,539,73,539,73,260,43,260,43,1599,244,1599,244,1537,207,1537,207,,,,,,,,,314,44,314,44
22328,609,65,609,65,1261,134,1261,134,,,,,1266,122,1266,122,1660,162,1660,162,1710,181,1710,181,,,,,,,,,703,76,703,76,1519,174,1519,174,,,,,,,,,285,37,285,37,2394,248,2394,248
18922,609,29,609,29,853,42,853,42,976,46,976,46,,,,,,,,,,,,,,,,,,,,,,,,,,,,,,,,,,,,,,,,,,,,
3582,609,65,609,65,684,74,684,74,766,77,766,77,795,60,795,60,1752,129,1752,129,73,12,73,12,400,41,400,41,1805,184,1805,184,933,94,933,94,1243,141,1243,141,2045,219,2045,219,1333,92,1333,92,223,27,223,27,1328,143,1328,143
29490,29,3,29,3,51,15,51,15,55,14,55,14,18,4,18,4,7,4,7,4,38,10,38,10,32,5,32,5,81,11,81,11,21,9,21,9,66,12,66,12,64,5,64,5,74,7,74,7,54,11,54,11,26,7,26,7
4103,609,88,609,88,,,,,,,,,,,,,,,,,,,,,,,,,,,,,,,,,,,,,,,,,,,,,,,,,,,,
8697,609,88,609,88,482,66,482,66,1132,161,1132,161,899,117,899,117,1328,170,1328,170,517,77,517,77,698,98,698,98,756,107,756,107,669,102,669,102,1185,184,1185,184,876,128,876,128,1674,222,1674,222,725,99,725,99,1420,188,1420,188
5785,609,15,609,15,507,11,507,11,1501,44,1501,44,41,3,41,3,1789,91,1789,91,1042,58,1042,58,899,40,899,40,1617,76,1617,76,703,42,703,42,609,37,609,37,1267,66,1267,66,1502,76,1502,76,1241,70,1241,70,952,54,952,54
48749,609,37,609,37,1193,63,1193,63,1313,82,1313,82,434,21,434,21,1483,75,1483,75,42,2,42,2,1596,92,1596,92,1678,100,1678,100,,,,,,,,,1858,106,1858,106,,,,,,,,,,,,
6047,609,88,609,88,1362,197,1362,197,443,68,443,68,,,,,,,,,1216,166,1216,166,119,15,119,15,1885,261,1885,261,458,73,458,73,1053,165,1053,165,1019,143,1019,143,912,106,912,106,2367,307,2367,307,952,122,952,122
15310,609,15,609,15,1106,31,1106,31,319,10,319,10,240,22,240,22,1218,65,1218,65,1632,82,1632,82,,,,,,,,,,,,,,,,,,,,,,,,,,,,,,,,
16262,609,37,609,37,,,,,,,,,1732,98,1732,98,1311,95,1311,95,434,23,434,23,1863,85,1863,85,1637,102,1637,102,,,,,,,,,876,50,876,50,2001,120,2001,120,1185,88,1185,88,,,,
4685,609,28,609,28,197,15,197,15,901,51,901,51,706,41,706,41,1710,91,1710,91,215,10,215,10,1812,100,1812,100,233,9,233,9,,,,,,,,,1439,87,1439,87,580,30,580,30,,,,,,,,
14566,609,88,609,88,495,67,495,67,524,78,524,78,1049,145,1049,145,934,120,934,120,182,30,182,30,1260,183,1260,183,353,54,353,54,626,93,626,93,1432,216,1432,216,196,26,196,26,2140,282,2140,282,2085,272,2085,272,1328,169,1328,169
7576,609,65,609,65,221,26,221,26,869,88,869,88,648,60,648,60,,,,,,,,,,,,,972,99,972,99,,,,,,,,,,,,,,,,,,,,,,,,
10743,609,37,609,37,1173,83,1173,83,1076,66,1076,66,,,,,580,40,580,40,1283,84,1283,84,879,54,879,54,1019,69,1019,69,495,27,495,27,1167,73,1167,73,722,44,722,44,1533,90,1533,90,276,25,276,25,928,77,928,77
26557,624,91,624,91,1013,164,1013,164,1103,159,1103,159,311,41,311,41,377,54,377,54,424,53,424,53,978,116,978,116,779,100,779,100,1311,161,1311,161,824,102,824,102,2302,282,2302,282,859,108,859,108,,,,,,,,
31356,624,68,624,68,260,29,260,29,213,18,213,18,615,31,615,31,1001,147,1001,147,1377,175,1377,175,1001,122,1001,122,994,15,994,15,436,13,436,13,717,28,717,28,1169,68,1169,68,1750,118,1750,118,2448,144,2448,144,1913,117,1913,117
24943,624,91,624,91,41,7,41,7,1324,200,1324,200,648,85,648,85,1066,155,1066,155,1068,151,1068,151,844,122,844,122,717,93,717,93,495,63,495,63,1592,193,1592,193,1562,196,1562,196,731,91,731,91,1514,164,1514,164,2527,300,2527,300
25011,624,91,624,91,145,26,145,26,805,113,805,113,497,67,497,67,1652,237,1652,237,575,68,575,68,775,96,775,96,,,,,,,,,,,,,621,82,621,82,,,,,,,,,1114,136,1114,136
2159,624,88,624,88,186,22,186,22,1270,170,1270,170,364,47,364,47,1088,135,1088,135,1238,152,1238,152,1107,132,1107,132,1553,179,1553,179,,,,,,,,,1918,234,1918,234,390,47,390,47,830,90,830,90,,,,
4850,624,17,624,17,514,12,514,12,705,18,705,18,1700,100,1700,100,1119,58,1119,58,940,52,940,52,,,,,,,,,,,,,,,,,,,,,,,,,,,,,,,,
2708,624,88,624,88,840,112,840,112,963,125,963,125,349,45,349,45,1796,222,1796,222,816,105,816,105,1971,250,1971,250,,,,,,,,,964,104,964,104,2045,247,2045,247,,,,,,,,,,,,
33383,624,68,624,68,1391,145,1391,145,,,,,251,37,251,37,1218,147,1218,147,1508,187,1508,187,1646,211,1646,211,,,,,,,,,,,,,1367,158,1367,158,41,5,41,5,1751,190,1751,190,1518,162,1518,162
52758,624,93,624,93,495,67,495,67,299,47,299,47,1338,188,1338,188,1483,197,1483,197,940,132,940,132,1663,231,1663,231,841,120,841,120,,,,,,,,,451,64,451,64,2302,310,2302,310,1390,181,1390,181,410,56,410,56
10521,624,88,624,88,1417,197,1417,197,117,15,117,15,1505,182,1505,182,168,24,168,24,1941,235,1941,235,1386,172,1386,172,439,43,439,43,703,84,703,84,,,,,,,,,,,,,,,,,,,,
25955,624,48,624,48,1352,106,1352,106,,,,,,,,,114,11,114,11,,,,,,,,,,,,,,,,,,,,,,,,,,,,,,,,,,,,
6303,624,91,624,91,909,142,909,142,,,,,,,,,,,,,,,,,,,,,,,,,,,,,,,,,,,,,,,,,,,,,,,,
50725,624,93,624,93,1312,190,1312,190,976,140,976,140,1089,153,1089,153,94,9,94,9,1216,166,1216,166,463,63,463,63,1122,163,1122,163,933,148,933,148,1149,181,1149,181,1148,157,1148,157,1533,198,1533,198,643,88,643,88,827,102,827,102
28825,624,32,624,32,473,25,473,25,443,19,443,19,782,30,782,30,1633,76,1633,76,792,39,792,39,1423,68,1423,68,332,16,332,16,1311,57,1311,57,1125,39,1125,39,571,12,571,12,1787,72,1787,72,2163,88,2163,88,1989,70,1989,70
27912,624,88,624,88,186,22,186,22,603,84,603,84,848,101,848,101,1710,210,1710,210,1238,152,1238,152,375,42,375,42,1392,153,1392,153,1282,153,1282,153,,,,,,,,,,,,,1732,189,1732,189,2431,278,2431,278
11911,624,48,624,48,811,64,811,64,950,82,950,82,528,45,528,45,591,50,591,50,1733,125,1733,125,1423,110,1423,110,486,41,486,41,669,64,669,64,1243,112,1243,112,1227,99,1227,99,1705,121,1705,121,,,,,,,,
36319,640,50,640,50,739,57,739,57,766,66,766,66,1505,114,1505,114,1689,123,1689,123,,,,,,,,,1933,148,1933,148,,,,,,,,,,,,,,,,,,,,,,,,
12680,640,95,640,95,301,50,301,50,1214,179,1214,179,737,94,737,94,1434,210,1434,210,901,107,901,107,,,,,,,,,,,,,,,,,,,,,,,,,,,,,,,,
13887,640,95,640,95,415,72,415,72,805,113,805,113,990,131,990,131,1017,151,1017,151,1140,138,1140,138,1219,149,1219,149,1859,235,1859,235,788,92,788,92,691,86,691,86,900,120,900,120,1858,222,1858,222,1644,186,1644,186,272,36,272,36
50757,640,38,640,38,627,34,627,34,1522,95,1522,95,578,29,578,29,349,19,349,19,254,15,254,15,1550,89,1550,89,385,25,385,25,,,,,,,,,1113,63,1113,63,1248,89,1248,89,1807,109,1807,109,722,54,722,54
11415,640,92,640,92,1436,199,1436,199,,,,,,,,,1385,169,1385,169,672,78,672,78,2085,267,2085,267,,,,,,,,,,,,,473,51,473,51,,,,,,,,,,,,
25436,640,95,640,95,590,81,590,81,249,37,249,37,825,107,825,107,1777,235,1777,235,1396,198,1396,198,,,,,,,,,,,,,,,,,,,,,,,,,,,,,,,,
30900,640,38,640,38,657,28,657,28,144,7,144,7,1707,82,1707,82,425,15,425,15,42,2,42,2,1596,77,1596,77,1392,75,1392,75,703,39,703,39,578,31,578,31,1087,65,1087,65,877,54,877,54,1027,62,1027,62,624,44,624,44
6177,640,92,640,92,951,124,951,124,443,62,443,62,825,98,825,98,129,17,129,17,1480,182,1480,182,1367,167,1367,167,756,74,756,74,,,,,,,,,1439,168,1439,168,1011,121,1011,121,1826,200,1826,200,1160,125,1160,125
15114,640,29,640,29,657,43,657,43,638,35,638,35,319,17,319,17,1111,60,1111,60,980,46,980,46,899,55,899,55,,,,,,,,,,,,,1148,64,1148,64,1043,55,1043,55,1326,79,1326,79,1781,84,1781,84
14578,640,95,640,95,627,92,627,92,1132,161,1132,161,666,84,666,84,1505,200,1505,200,241,41,241,41,1462,209,1462,209,1295,184,1295,184,400,63,400,63,562,74,562,74,1484,199,1484,199,402,49,402,49,1489,194,1489,194,1039,133,1039,133
52856,650,70,650,70,356,39,356,39,515,50,515,50,848,80,848,80,,,,,,,,,606,66,606,66,1480,143,1480,143,377,44,377,44,52,7,52,7,246,31,246,31,1641,194,1641,194,198,27,198,27,2097,235,2097,235
2170,650,94,650,94,1341,185,1341,185,1506,209,1506,209,497,62,497,62,,,,,,,,,483,54,483,54,2094,248,2094,248,,,,,,,,,,,,,,,,,,,,,,,,
48909,650,13,650,13,783,11,783,11,225,6,225,6,1014,16,1014,16,979,18,979,18,1068,22,1068,22,1629,22,1629,22,1295,23,1295,23,893,14,893,14,981,11,981,11,1461,18,1461,18,,,,,,,,,,,,
29930,650,97,650,97,330,42,330,42,638,94,638,94,782,97,782,97,1132,142,1132,142,1523,224,1523,224,155,22,155,22,1529,216,1529,216,227,39,227,39,1260,198,1260,198,1484,199,1484,199,2217,293,2217,293,230,24,230,24,127,19,127,19
4447,30,1,30,1,45,1,45,1,,,,,,,,,,,,,,,,,,,,,,,,,,,,,,,,,,,,,,,,,,,,,,,,
52744,30,8,30,8,15,6,15,6,44,9,44,9,35,10,35,10,,,,,,,,,84,26,84,26,,,,,,,,,,,,,,,,,,,,,,,,,,,,
20164,650,30,650,30,1277,55,1277,55,417,19,417,19,,,,,,,,,,,,,,,,,,,,,,,,,,,,,,,,,,,,,,,,,,,,
52567,650,39,650,39,119,5,119,5,976,61,976,61,412,21,412,21,934,65,934,65,980,60,980,60,1596,106,1596,106,1044,71,1044,71,748,46,748,46,1125,70,1125,70,1299,70,1299,70,1445,81,1445,81,907,71,907,71,475,36,475,36
29485,650,97,650,97,,,,,,,,,648,82,648,82,,,,,,,,,1219,172,1219,172,588,80,588,80,823,128,823,128,1305,202,1305,202,,,,,,,,,2435,318,2435,318,,,,
13964,650,30,650,30,909,55,909,55,1076,63,1076,63,465,28,465,28,1820,94,1820,94,,,,,,,,,,,,,,,,,,,,,,,,,,,,,,,,,,,,
1218,650,97,650,97,531,86,531,86,1054,148,1054,148,990,131,990,131,199,32,199,32,1747,228,1747,228,1328,161,1328,161,659,84,659,84,1682,216,1682,216,230,30,230,30,496,71,496,71,928,116,928,116,285,34,285,34,1328,163,1328,163
38619,650,18,650,18,811,17,811,17,690,17,690,17,528,45,528,45,1218,65,1218,65,1645,84,1645,84,800,33,800,33,2045,100,2045,100,626,37,626,37,425,27,425,27,1267,66,1267,66,1476,74,1476,74,1163,64,1163,64,1891,106,1891,106
45825,650,97,650,97,783,119,783,119,,,,,,,,,,,,,,,,,,,,,,,,,,,,,,,,,,,,,,,,,,,,,,,,
733,650,33,650,33,579,29,579,29,785,36,785,36,760,28,760,28,1401,66,1401,66,1571,70,1571,70,1900,88,1900,88,588,27,588,27,,,,,,,,,722,20,722,20,2001,81,2001,81,1675,65,1675,65,2542,98,2542,98
8585,650,70,650,70,1075,115,1075,115,377,38,377,38,857,83,857,83,,,,,,,,,1151,124,1151,124,539,61,539,61,999,107,999,107,1219,140,1219,140,968,106,968,106,1991,198,1991,198,1984,203,1984,203,2169,226,2169,226
47505,650,97,67,13,104,19,39,9,585,88,92,22,737,94,116,20,846,122,846,122,1783,232,1783,232,,,,,,,,,,,,,,,,,,,,,1197,149,1197,149,95,10,95,10,764,92,764,92
4785,650,51,650,51,909,70,909,70,1153,99,1153,99,1597,124,1597,124,692,58,692,58,303,34,303,34,1132,119,1132,119,1019,102,1019,102,1166,121,1166,121,760,98,760,98,2244,237,2244,237,1476,153,1476,153,1558,165,1558,165,611,72,611,72
13050,650,97,650,97,249,30,249,30,658,96,658,96,990,138,990,138,1679,220,1679,220,1480,214,1480,214,1001,144,1001,144,1657,236,1657,236,,,,,,,,,,,,,,,,,,,,,,,,
37960,650,39,650,39,1132,78,1132,78,,,,,,,,,659,42,659,42,1571,81,1571,81,175,12,175,12,1044,66,1044,66,1070,64,1070,64,609,36,609,36,1945,118,1945,118,1931,122,1931,122,204,10,204,10,981,53,981,53
46356,667,52,667,52,1380,108,1380,108,,,,,,,,,,,,,,,,,,,,,,,,,1478,136,1478,136,730,63,730,63,994,80,994,80,2369,177,2369,177,314,25,314,25,2211,150,2211,150
4510,667,31,667,31,197,17,197,17,1522,90,1522,90,1491,83,1491,83,1401,75,1401,75,1042,49,1042,49,1686,92,1686,92,1152,56,1152,56,,,,,,,,,,,,,,,,,,,,,,,,
51113,667,99,667,99,1246,190,1246,190,485,74,485,74,1676,235,1676,235,332,49,332,49,1855,244,1855,244,483,60,483,60,1945,246,1945,246,,,,,,,,,702,92,702,92,928,116,928,116,1826,211,1826,211,1870,221,1870,221
45540,667,72,667,72,221,26,221,26,617,59,617,59,445,41,445,41,1564,153,1564,153,541,56,541,56,1132,119,1132,119,1678,168,1678,168,1126,114,1126,114,1524,175,1524,175,590,71,590,71,1597,162,1597,162,1868,188,1868,188,1870,191,1870,191
1290,32,5,32,5,46,8,46,8,,,,,,,,,,,,,,,,,,,,,,,,,,,,,,,,,,,,,,,,,,,,,,,,
11242,32,5,32,5,14,2,14,2,27,4,27,4,52,12,52,12,36,5,36,5,48,7,48,7,59,9,59,9,34,3,34,3,28,4,28,4,61,9,61,9,74,10,74,10,68,7,68,7,64,11,64,11,,,,
8554,667,95,667,95,1039,136,1039,136,205,31,205,31,127,20,127,20,1401,172,1401,172,1238,152,1238,152,879,103,879,103,1505,171,1505,171,788,94,788,94,1440,178,1440,178,2061,250,2061,250,,,,,,,,,,,,
35366,32,4,32,4,58,8,58,8,,,,,,,,,,,,,,,,,,,,,,,,,,,,,,,,,,,,,,,,,,,,,,,,
14129,667,99,667,99,563,94,563,94,1359,204,1359,204,1266,175,1266,175,,,,,,,,,,,,,,,,,,,,,270,37,270,37,2024,250,2024,250,50,8,50,8,2177,260,2177,260,272,36,272,36
41832,667,99,667,99,971,153,971,153,901,125,901,125,483,62,483,62,884,127,884,127,1140,138,1140,138,1446,178,1446,178,702,90,702,90,626,78,626,78,588,69,588,69,1299,168,1299,168,1353,168,1353,168,2262,271,2262,271,1039,127,1039,127
25945,667,39,667,39,924,51,924,51,852,58,852,58,615,31,615,31,1497,76,1497,76,851,52,851,52,1279,76,1279,76,516,33,516,33,,,,,,,,,876,46,876,46,754,48,754,48,1896,116,1896,116,1266,76,1266,76
49756,667,95,667,95,1155,161,1155,161,363,50,363,50,1322,157,1322,157,457,59,457,59,501,58,501,58,432,48,432,48,756,74,756,74,158,15,158,15,870,94,870,94,702,76,702,76,2056,254,2056,254,788,85,788,85,1870,206,1870,206
46397,667,52,667,52,125,10,125,10,341,28,341,28,1700,130,1700,130,401,30,401,30,269,21,269,21,2053,159,2053,159,82,7,82,7,458,47,458,47,1243,112,1243,112,2244,168,2244,168,258,16,258,16,1390,116,1390,116,2195,146,2195,146
49370,677,97,677,97,618,91,618,91,363,50,363,50,445,57,445,57,773,98,773,98,455,51,455,51,1663,214,1663,214,588,57,588,57,187,18,187,18,1690,214,1690,214,683,73,683,73,2056,254,2056,254,1644,175,1644,175,,,,
21968,677,102,677,102,1318,199,1318,199,341,53,341,53,1206,164,1206,164,366,53,366,53,346,44,346,44,2089,262,2089,262,66,12,66,12,1478,184,1478,184,330,50,330,50,2160,260,2160,260,1043,129,1043,129,2360,285,2360,285,1562,182,1562,182
10342,677,73,677,73,1075,115,1075,115,341,37,341,37,1726,155,1726,155,534,46,534,46,1952,201,1952,201,418,43,418,43,1836,187,1836,187,1546,163,1546,163,609,66,609,66,75,11,75,11,390,47,390,47,985,100,985,100,2169,242,2169,242
45272,677,34,677,34,670,38,670,38,,,,,,,,,,,,,1669,76,1669,76,,,,,,,,,,,,,,,,,838,25,838,25,985,37,985,37,580,20,580,20,,,,
24377,677,40,677,40,739,41,739,41,1120,70,1120,70,412,19,412,19,692,34,692,34,1768,97,1768,97,934,58,934,58,,,,,,,,,,,,,,,,,,,,,,,,,,,,
32622,677,40,677,40,415,22,415,22,363,29,363,29,725,43,725,43,1434,71,1434,71,901,57,901,57,1750,100,1750,100,1885,117,1885,117,,,,,,,,,1267,76,1267,76,215,11,215,11,1461,90,1461,90,827,57,827,57
45778,677,73,677,73,1052,111,1052,111,485,47,485,47,547,48,547,48,1525,149,1525,149,143,18,143,18,1663,166,1663,166,1576,154,1576,154,400,43,400,43,643,84,643,84,1439,149,1439,149,985,105,985,105,856,93,856,93,892,97,892,97
21644,677,101,677,101,1142,166,1142,166,1414,202,1414,202,,,,,151,18,151,18,1238,172,1238,172,1423,203,1423,203,1617,231,1617,231,243,41,243,41,691,94,691,94,1267,175,1267,175,1614,213,1614,213,1027,130,1027,130,1383,179,1383,179
44411,677,32,677,32,971,57,971,57,1132,66,1132,66,,,,,,,,,,,,,,,,,,,,,,,,,,,,,,,,,,,,,,,,,,,,
34946,677,31,677,31,924,44,924,44,1534,78,1534,78,234,10,234,10,15,1,15,1,1140,53,1140,53,232,12,232,12,717,38,717,38,,,,,,,,,,,,,,,,,,,,,,,,
35645,677,40,677,40,1229,67,1229,67,,,,,990,53,990,53,1555,80,1555,80,254,15,254,15,755,42,755,42,2188,132,2188,132,,,,,,,,,,,,,1931,127,1931,127,,,,,,,,
44723,35,7,35,7,50,10,50,10,,,,,,,,,39,7,39,7,80,12,80,12,,,,,,,,,,,,,,,,,,,,,,,,,,,,,,,,
2539,677,73,677,73,1004,109,1004,109,1256,127,1256,127,1150,115,1150,115,1652,160,1652,160,129,16,129,16,1786,177,1786,177,539,61,539,61,532,60,532,60,643,84,643,84,2270,241,2270,241,2328,229,2328,229,580,62,580,62,611,72,611,72
5138,677,14,677,14,531,6,531,6,1313,28,1313,28,547,7,547,7,900,14,900,14,692,13,692,13,1343,19,1343,19,173,2,173,2,588,8,588,8,1561,22,1561,22,1756,23,1756,23,428,7,428,7,2245,38,2245,38,722,14,722,14
19633,677,34,677,34,260,12,260,12,443,19,443,19,1564,66,1564,66,607,30,607,30,772,37,772,37,1279,61,1279,61,1867,75,1867,75,282,17,282,17,194,11,194,11,181,6,181,6,1502,61,1502,61,2398,97,2398,97,2069,75,2069,75
12135,691,102,691,102,1341,196,1341,196,,,,,,,,,,,,,,,,,,,,,,,,,,,,,,,,,,,,,,,,,,,,,,,,
14481,691,102,691,102,395,56,395,56,705,106,705,106,990,138,990,138,,,,,,,,,1081,152,1081,152,1420,202,1420,202,,,,,,,,,1537,207,1537,207,,,,,,,,,,,,
1765,691,102,691,102,605,84,605,84,1378,198,1378,198,,,,,,,,,,,,,,,,,,,,,,,,,,,,,,,,,,,,,,,,,,,,
48175,691,76,68,8,3,2,3,2,1256,127,140,18,301,27,301,27,1679,163,1679,163,54,9,54,9,1173,127,1173,127,1420,138,1420,138,,,,,,,,,1169,127,1169,127,731,82,731,82,686,77,686,77,1187,127,1187,127
19742,691,43,691,43,1052,58,1052,58,397,31,397,31,1687,92,1687,92,,,,,588,33,588,33,1524,88,1524,88,686,42,686,42,,,,,,,,,2045,123,2045,123,731,46,731,46,806,49,806,49,2471,152,2471,152
17708,691,43,691,43,1238,68,1238,68,199,16,199,16,1249,65,1249,65,1088,58,1088,58,,,,,,,,,,,,,,,,,,,,,,,,,,,,,2303,139,2303,139,1518,94,1518,94
6532,691,43,691,43,395,20,395,20,1536,96,1536,96,,,,,,,,,,,,,,,,,,,,,1311,31,1311,31,1270,33,1270,33,,,,,,,,,,,,,,,,
47846,691,102,691,102,1261,182,1261,182,,,,,521,66,521,66,1157,149,1157,149,1140,157,1140,157,1245,178,1245,178,1933,271,1933,271,,,,,,,,,,,,,,,,,,,,,,,,
51309,691,36,691,36,783,44,783,44,1153,50,1153,50,899,33,899,33,1254,56,1254,56,238,8,238,8,1059,46,1059,46,1945,77,1945,77,856,37,856,37,841,26,841,26,1953,68,1953,68,1882,77,1882,77,2163,88,2163,88,,,,
52522,691,54,691,54,590,44,590,44,886,77,886,77,1574,120,1574,120,306,19,306,19,940,65,940,65,1279,101,1279,101,,,,,,,,,,,,,,,,,,,,,,,,,1114,22,1114,22
25108,691,19,691,19,924,24,924,24,,,,,,,,,,,,,,,,,1401,67,1401,67,,,,,,,,,,,,,,,,,,,,,,,,,,,,
3334,691,41,691,41,1299,89,1299,89,443,23,443,23,879,50,879,50,1804,115,1804,115,1842,112,1842,112,1260,77,1260,77,105,6,105,6,,,,,,,,,1484,82,1484,82,2161,136,2161,136,148,16,148,16,2069,156,2069,156
48122,703,77,703,77,,,,,,,,,,,,,,,,,,,,,,,,,,,,,,,,,,,,,1735,190,1735,190,,,,,,,,,,,,
4269,703,20,703,20,1031,25,1031,25,785,19,785,19,,,,,,,,,1283,69,1283,69,1386,66,1386,66,994,48,994,48,,,,,,,,,,,,,689,35,689,35,285,15,285,15,999,56,999,56
17383,703,15,703,15,754,9,754,9,524,15,524,15,1382,62,1382,62,1273,57,1273,57,303,18,303,18,2013,101,2013,101,1196,61,1196,61,1368,72,1368,72,1028,51,1028,51,1832,107,1832,107,774,49,774,49,1751,95,1751,95,1670,109,1670,109
46395,703,55,703,55,320,31,320,31,1197,102,1197,102,1249,90,1249,90,1525,112,1525,112,111,9,111,9,1998,150,1998,150,1705,129,1705,129,1311,111,1311,111,80,8,80,8,2003,157,2003,157,2030,147,2030,147,613,48,613,48,371,23,371,23
7396,703,46,703,46,309,18,309,18,404,32,404,32,1440,77,1440,77,715,36,715,36,1441,83,1441,83,308,18,308,18,841,50,841,50,,,,,,,,,1953,114,1953,114,248,16,248,16,2422,143,2422,143,1328,82,1328,82
6217,703,33,703,33,1246,73,1246,73,1532,92,1532,92,,,,,114,4,114,4,1855,95,1855,95,387,22,387,22,1100,53,1100,53,703,31,703,31,1630,86,1630,86,259,15,259,15,2152,118,2152,118,763,47,763,47,1728,78,1728,78
8261,703,103,703,103,783,126,783,126,1039,144,1039,144,920,117,920,117,1218,177,1218,177,,,,,,,,,1738,218,1738,218,,,,,,,,,2283,278,2283,278,,,,,,,,,,,,
3905,703,98,703,98,114,11,114,11,669,90,669,90,1249,149,1249,149,1525,186,1525,186,,,,,,,,,,,,,,,,,,,,,,,,,,,,,,,,,,,,
32046,703,39,703,39,32,2,32,2,1241,56,1241,56,387,17,387,17,1175,51,1175,51,485,28,485,28,755,37,755,37,1272,69,1272,69,588,30,588,30,551,30,551,30,1417,82,1417,82,1401,83,1401,83,907,56,907,56,1450,93,1450,93
14825,703,98,703,98,1160,163,1160,163,284,8,284,8,1126,80,1126,80,,,,,,,,,,,,,886,54,886,54,59,3,59,3,1243,195,1243,195,1196,58,1196,58,1445,72,1445,72,931,53,931,53,1585,100,1585,100
39807,703,103,703,103,216,40,216,40,1222,183,1222,183,1068,140,1068,140,75,17,75,17,,,,,,,,,,,,,,,,,,,,,,,,,,,,,,,,,,,,
57763,703,32,703,32,249,11,249,11,1359,83,1359,83,1249,65,1249,65,457,19,457,19,838,39,838,39,281,16,281,16,955,46,955,46,532,26,532,26,183,14,183,14,2294,115,2294,115,1931,96,1931,96,1489,87,1489,87,1039,59,1039,59
45801,715,78,715,78,125,16,125,16,571,54,571,54,1034,102,1034,102,736,64,736,64,772,71,772,71,729,84,729,84,243,32,243,32,1311,139,1311,139,588,73,588,73,1623,175,1623,175,300,40,300,40,1896,192,1896,192,1495,158,1495,158
50889,715,34,715,34,86,3,86,3,1054,61,1054,61,1616,91,1616,91,216,9,216,9,143,3,143,3,356,19,356,19,1442,73,1442,73,202,20,202,20,797,44,797,44,1603,78,1603,78,1118,60,1118,60,596,34,596,34,1638,75,1638,75
37930,715,56,715,56,86,7,86,7,995,86,995,86,94,9,94,9,1833,139,1833,139,1265,86,1265,86,181,17,181,17,1272,100,1272,100,282,29,282,29,1387,128,1387,128,1832,144,1832,144,159,13,159,13,2152,165,2152,165,,,,
16217,715,40,715,40,1193,61,1193,61,,,,,,,,,,,,,,,,,,,,,,,,,,,,,,,,,,,,,,,,,,,,,,,,
34718,715,34,715,34,,,,,,,,,,,,,,,,,,,,,,,,,,,,,,,,,,,,,,,,,,,,,,,,,,,,
4431,715,42,715,42,179,10,179,10,377,20,377,20,899,53,899,53,356,25,356,25,867,53,867,53,1446,90,1446,90,1295,85,1295,85,,,,,,,,,856,49,856,49,1353,72,1353,72,2101,145,2101,145,1638,131,1638,131
32099,715,56,98,7,924,73,114,10,6,2,6,2,1049,80,1049,80,1042,80,1042,80,880,59,880,59,1786,134,1786,134,1975,153,1975,153,113,7,113,7,416,34,416,34,534,42,534,42,1380,99,1380,99,2314,176,2314,176,,,,
42032,715,106,98,18,754,116,754,116,1305,184,1305,184,168,21,168,21,272,19,272,19,1461,68,1461,68,934,39,934,39,1019,42,1019,42,626,30,626,30,266,13,266,13,571,12,571,12,1750,70,1750,70,1241,51,1241,51,1989,70,1989,70
45256,715,37,715,37,826,47,826,47,669,28,669,28,1509,64,1509,64,1238,54,1238,54,541,25,541,25,978,40,978,40,385,17,385,17,217,12,217,12,657,23,657,23,,,,,,,,,,,,,,,,
592,715,56,715,56,431,36,431,36,1334,108,1334,108,1509,115,1509,115,1042,80,1042,80,149,11,149,11,824,71,824,71,1553,117,1553,117,1282,108,1282,108,,,,,,,,,,,,,2279,174,2279,174,1615,102,1615,102
7651,715,100,715,100,1098,145,1098,145,243,34,243,34,1469,172,1469,172,1483,178,1483,178,303,32,303,32,1686,217,1686,217,1442,162,1442,162,495,55,495,55,551,60,551,60,741,85,741,85,2045,252,2045,252,2066,226,2066,226,1913,213,1913,213
54687,715,106,715,106,,,,,,,,,,,,,,,,,,,,,,,,,,,,,,,,,,,,,,,,,2407,325,2407,325,1708,224,1708,224,1364,174,1364,174
5213,36,8,36,8,27,5,27,5,50,9,50,9,21,4,21,4,34,6,34,6,38,6,38,6,,,,,,,,,,,,,,,,,,,,,,,,,,,,,,,,
50617,715,100,715,100,114,11,114,11,1440,201,1440,201,,,,,,,,,1800,216,1800,216,,,,,,,,,,,,,,,,,,,,,,,,,,,,,,,,
47147,715,105,715,105,,,,,,,,,1304,179,1304,179,1633,234,1633,234,1258,154,1258,154,2035,252,2035,252,,,,,1344,166,1344,166,730,93,730,93,2181,265,2181,265,,,,,,,,,,,,
41823,715,105,715,105,,,,,,,,,,,,,,,,,,,,,,,,,1657,211,1657,211,,,,,,,,,,,,,,,,,,,,,,,,
13900,715,40,715,40,1142,54,1142,54,,,,,1163,45,1163,45,1001,39,1001,39,1100,58,1100,58,729,35,729,35,1219,63,1219,63,,,,,,,,,,,,,,,,,,,,,,,,
12229,715,105,715,105,563,94,563,94,377,55,377,55,1089,143,1089,143,1417,205,1417,205,370,48,370,48,1994,248,1994,248,907,115,907,115,999,112,999,112,312,44,312,44,767,102,767,102,2093,252,2093,252,664,67,664,67,2521,299,2521,299
16607,715,42,715,42,684,40,684,40,1449,87,1449,87,,,,,,,,,,,,,,,,,,,,,,,,,,,,,,,,,,,,,,,,,,,,
56833,733,102,733,102,210,28,210,28,1169,158,1169,158,1597,197,1597,197,736,96,736,96,1068,138,1068,138,1596,199,1596,199,640,67,640,67,,,,,,,,,1439,168,1439,168,1836,219,1836,219,423,49,423,49,2169,242,2169,242
48634,733,108,100,20,341,57,70,17,1214,179,1214,179,1098,144,1098,144,,,,,,,,,,,,,,,,,,,,,,,,,,,,,,,,,,,,,,,,
16014,733,108,733,108,415,8,415,8,1270,26,1270,26,521,35,521,35,315,45,315,45,1929,249,1929,249,1173,68,1173,68,195,15,195,15,1126,70,1126,70,746,46,746,46,374,57,374,57,2395,147,2395,147,204,10,204,10,198,8,198,8
14916,733,108,733,108,853,136,853,136,1425,215,1425,215,1620,219,1620,219,809,119,809,119,222,33,222,33,1484,187,1484,187,1480,189,1480,189,26,7,26,7,225,29,225,29,2280,277,2280,277,580,76,580,76,1997,231,1997,231,1827,216,1827,216
52205,733,108,733,108,330,42,330,42,669,100,669,100,521,66,521,66,1470,193,1470,193,1396,198,1396,198,192,27,192,27,717,98,717,98,748,114,748,114,397,44,397,44,1623,215,1623,215,1380,176,1380,176,1292,170,1292,170,2274,297,2274,297
3375,733,44,733,44,473,24,473,24,1324,81,1324,81,1423,78,1423,78,204,11,204,11,588,33,588,33,1059,62,1059,62,1351,88,1351,88,,,,,,,,,1989,118,1989,118,1141,65,1141,65,2224,152,2224,152,,,,
32642,733,44,733,44,172,8,172,8,1520,91,1520,91,737,40,737,40,534,35,534,35,,,,,,,,,,,,,,,,,,,,,,,,,1580,95,1580,95,1807,126,1807,126,2302,169,2302,169
28412,733,108,733,108,,,,,,,,,,,,,,,,,,,,,,,,,,,,,,,,,,,,,,,,,,,,,,,,,,,,
14836,733,108,733,108,1142,181,1142,181,1076,153,1076,153,1304,179,1304,179,315,45,315,45,1657,217,1657,217,132,23,132,23,2080,262,2080,262,,,,,,,,,2045,253,2045,253,1724,207,1724,207,,,,,,,,
33865,733,108,100,19,,,,,,,,,1666,230,1666,230,,,,,,,,,,,,,1529,216,1529,216,1070,170,1070,170,1405,213,1405,213,,,,,,,,,,,,,,,,
16638,733,44,733,44,992,66,992,66,1414,85,1414,85,1089,60,1089,60,1157,86,1157,86,1193,80,1193,80,1646,109,1646,109,,,,,,,,,,,,,,,,,,,,,,,,,,,,
55304,733,59,733,59,33,4,33,4,459,42,459,42,547,48,547,48,1820,135,1820,135,434,35,434,35,2006,152,2006,152,,,,,,,,,461,38,461,38,856,65,856,65,2386,180,2386,180,2279,174,2279,174,,,,
13240,733,36,733,36,119,6,119,6,1440,79,1440,79,1322,73,1322,73,249,12,249,12,1068,51,1068,51,125,6,125,6,1953,102,1953,102,1412,69,1412,69,1561,80,1561,80,1063,60,1063,60,351,18,351,18,2497,132,2497,132,,,,
31266,733,21,733,21,57,3,57,3,1197,36,1197,36,273,24,273,24,1194,63,1194,63,334,19,334,19,2006,100,2006,100,1100,53,1100,53,1198,81,1198,81,704,42,704,42,722,43,722,43,1580,79,1580,79,528,34,528,34,2547,136,2547,136
3345,747,47,747,47,,,,,,,,,,,,,,,,,,,,,,,,,,,,,,,,,,,,,,,,,,,,,,,,,,,,
11856,747,113,747,113,642,104,642,104,603,90,603,90,1722,243,1722,243,821,121,821,121,1140,138,1140,138,509,66,509,66,138,22,138,22,788,92,788,92,870,108,870,108,1756,215,1756,215,2161,265,2161,265,1091,116,1091,116,928,110,928,110
15155,747,37,747,37,1312,76,1312,76,669,36,669,36,1564,88,1564,88,,,,,,,,,,,,,,,,,,,,,,,,,,,,,,,,,,,,,,,,
23670,747,37,747,37,1380,84,1380,84,1334,73,1334,73,1676,93,1676,93,884,48,884,48,,,,,,,,,,,,,,,,,,,,,605,42,605,42,1533,87,1533,87,,,,,,,,
1238,747,79,747,79,715,77,715,77,1289,132,1289,132,,,,,,,,,1571,169,1571,169,698,80,698,80,1767,178,1767,178,,,,,,,,,1906,208,1906,208,,,,,,,,,,,,
1636,747,47,747,47,1289,71,1289,71,137,12,137,12,412,19,412,19,1286,64,1286,64,1848,105,1848,105,879,53,879,53,162,11,162,11,,,,,,,,,702,40,702,40,2217,137,2217,137,2234,130,2234,130,2504,156,2504,156
22346,747,110,747,110,1375,198,1375,198,669,100,669,100,57,7,57,7,1328,170,1328,170,1557,227,1557,227,132,19,132,19,261,32,261,32,1450,227,1450,227,1053,165,1053,165,138,17,138,17,2109,276,2109,276,1931,259,1931,259,503,65,503,65
13563,747,110,747,110,93,15,93,15,785,113,785,113,857,112,857,112,1074,139,1074,139,1238,172,1238,172,432,59,432,59,2045,280,2045,280,400,63,400,63,279,29,279,29,1918,245,1918,245,428,50,428,50,664,90,664,90,1913,255,1913,255
13752,747,47,747,47,77,6,77,6,1574,100,1574,100,267,10,267,10,349,19,349,19,434,22,434,22,2013,114,2013,114,907,58,907,58,,,,,,,,,1714,100,1714,100,774,52,774,52,877,52,877,52,2402,147,2402,147
9409,747,47,747,47,1075,74,1075,74,705,44,705,44,267,10,267,10,1434,101,1434,101,228,10,228,10,1173,71,1173,71,929,60,929,60,1562,92,1562,92,1317,88,1317,88,534,35,534,35,215,15,215,15,1390,99,1390,99,1039,83,1039,83
49414,747,103,747,103,1208,170,1208,170,963,125,963,125,11,1,11,1,78,7,78,7,1688,207,1688,207,1260,156,1260,156,516,53,516,53,1478,180,1478,180,131,13,131,13,1918,234,1918,234,67,2,67,2,2085,82,2085,82,611,24,611,24
26135,747,113,747,113,,,,,,,,,,,,,,,,,,,,,,,,,,,,,,,,,,,,,,,,,,,,,,,,,,,,
15662,37,9,37,9,18,8,18,8,66,18,66,18,,,,,,,,,,,,,,,,,90,26,90,26,,,,,,,,,,,,,,,,,,,,,,,,
2465,747,38,747,38,971,51,971,51,1197,52,1197,52,1423,61,1423,61,1111,50,1111,50,1140,56,1140,56,114,6,114,6,566,26,566,26,,,,,,,,,1019,32,1019,32,1141,47,1141,47,877,34,877,34,2069,75,2069,75
1542,747,16,747,16,,,,,,,,,,,,,,,,,,,,,,,,,,,,,,,,,,,,,,,,,,,,,,,,,,,,
13130,747,79,747,79,1391,145,1391,145,869,88,869,88,1338,126,1338,126,1254,122,1254,122,398,44,398,44,1876,181,1876,181,131,20,131,20,1465,158,1465,158,627,79,627,79,1063,117,1063,117,1248,132,1248,132,1620,170,1620,170,342,39,342,39
36268,762,104,102,7,371,55,371,55,836,106,836,106,1219,145,1219,145,1385,169,1385,169,485,56,485,56,755,80,755,80,128,11,128,11,1126,127,1126,127,1492,188,1492,188,,,,,,,,,,,,,,,,
17443,762,104,762,104,231,35,231,35,263,39,263,39,1304,155,1304,155,1132,137,1132,137,792,101,792,101,192,15,192,15,1249,138,1249,138,243,27,243,27,1571,200,1571,200,994,116,994,116,1533,177,1533,177,,,,,,,,
46998,762,13,762,13,605,84,605,84,1132,161,1132,161,,,,,,,,,,,,,261,16,261,16,955,66,955,66,,,,,,,,,,,,,,,,,,,,,,,,
20623,762,81,762,81,,,,,,,,,,,,,,,,,,,,,,,,,,,,,,,,,,,,,,,,,,,,,,,,,,,,
12946,762,112,762,112,231,26,231,26,1324,189,1324,189,1735,232,1735,232,,,,,,,,,1646,227,1646,227,1170,173,1170,173,626,93,626,93,691,94,691,94,1392,188,1392,188,1774,232,1774,232,,,,,,,,
2375,762,104,762,104,221,32,221,32,805,103,805,103,1676,206,1676,206,1042,127,1042,127,284,27,284,27,1107,132,1107,132,2099,249,2099,249,933,111,933,111,627,68,627,68,2294,280,2294,280,300,35,300,35,1539,159,1539,159,981,106,981,106
48745,762,49,762,49,1366,77,1366,77,,,,,690,40,690,40,1175,62,1175,62,161,11,161,11,1900,109,1900,109,51,5,51,5,,,,,,,,,1858,106,1858,106,1674,112,1674,112,1163,72,1163,72,2444,150,2444,150
9816,762,49,762,49,853,51,853,51,,,,,,,,,,,,,,,,,,,,,,,,,,,,,,,,,,,,,,,,,,,,,,,,
31219,38,1,16,1,8,1,3,1,43,1,43,1,11,1,11,1,2,1,2,1,10,2,10,2,63,10,63,10,100,13,100,13,18,3,18,3,9,3,9,3,94,16,94,16,79,10,79,10,5,1,5,1,123,21,123,21
1630,762,39,762,39,495,32,495,32,1197,67,1197,67,412,25,412,25,1218,65,1218,65,851,40,851,40,844,52,844,52,1705,84,1705,84,1697,81,1697,81,381,23,381,23,1087,61,1087,61,1750,97,1750,97,830,52,830,52,342,10,342,10
16153,762,112,762,112,684,101,684,101,822,117,822,117,445,58,445,58,479,62,479,62,1791,254,1791,254,595,78,595,78,216,26,216,26,282,45,282,45,578,79,578,79,722,105,722,105,,,,,,,,,1541,209,1541,209
4170,762,81,762,81,670,71,670,71,1197,123,1197,123,329,32,329,32,377,31,377,31,1216,129,1216,129,1343,145,1343,145,373,46,373,46,,,,,,,,,1019,113,1019,113,621,71,621,71,1292,133,1292,133,1071,113,1071,113
7176,762,112,762,112,1118,162,1118,162,1491,212,1491,212,,,,,1740,226,1740,226,,,,,,,,,,,,,,,,,,,,,,,,,,,,,,,,,,,,
11923,762,49,762,49,909,56,909,56,571,88,571,88,706,86,706,86,607,74,607,74,1461,210,1461,210,1856,119,1856,119,1019,149,1019,149,1682,267,1682,267,760,107,760,107,1227,167,1227,167,2278,307,2278,307,,,,,,,,
11829,762,60,762,60,1052,83,1052,83,98,8,98,8,1639,128,1639,128,934,77,934,77,1140,74,1140,74,1423,110,1423,110,551,48,551,48,495,53,495,53,510,43,510,43,1654,129,1654,129,1774,130,1774,130,2224,172,2224,172,,,,
37439,762,42,762,42,,,,,,,,,,,,,,,,,334,19,334,19,1173,53,1173,53,,,,,,,,,,,,,,,,,,,,,423,29,423,29,1495,96,1495,96
51919,762,60,762,60,924,73,924,73,805,71,805,71,,,,,,,,,,,,,,,,,,,,,,,,,,,,,,,,,,,,,,,,,,,,
10564,762,60,762,60,657,50,657,50,822,72,822,72,648,34,648,34,934,50,934,50,1004,63,1004,63,844,48,844,48,1196,79,1196,79,703,22,703,22,673,27,673,27,2218,136,2218,136,320,21,320,21,1675,102,1675,102,1266,76,1266,76
42378,762,22,762,22,1052,28,1052,28,805,22,805,22,434,36,434,36,,,,,,,,,,,,,,,,,,,,,,,,,,,,,1043,53,1043,53,444,27,444,27,410,16,410,16
40424,762,115,762,115,,,,,1054,148,1054,148,,,,,,,,,1377,175,1377,175,1646,206,1646,206,,,,,,,,,,,,,,,,,774,94,774,94,1644,186,1644,186,764,92,764,92
28304,781,107,781,107,1106,149,1106,149,976,31,976,31,127,13,127,13,216,7,216,7,,,,,,,,,,,,,,,,,,,,,,,,,,,,,506,33,506,33,2505,133,2505,133
45236,781,39,781,39,853,48,853,48,299,10,299,10,1126,46,1126,46,795,42,795,42,1120,54,1120,54,1038,44,1038,44,,,,,,,,,,,,,,,,,270,8,270,8,,,,,,,,
49518,781,107,781,107,1004,131,1004,131,805,103,805,103,200,31,200,31,1042,127,1042,127,1265,159,1265,159,261,24,261,24,1249,138,1249,138,260,28,260,28,1292,156,1292,156,1113,126,1113,126,1705,203,1705,203,1984,220,1984,220,262,29,262,29
27651,781,39,781,39,93,7,93,7,852,38,852,38,1113,44,1113,44,148,11,148,11,1887,83,1887,83,729,31,729,31,1553,62,1553,62,,,,,,,,,,,,,,,,,,,,,,,,
28952,781,14,781,14,,,,,,,,,,,,,,,,,,,,,,,,,,,,,,,,,,,,,,,,,,,,,,,,,,,,
11189,39,7,39,7,,,,,,,,,,,,,,,,,,,,,,,,,,,,,,,,,,,,,60,6,60,6,10,1,10,1,35,8,35,8,86,15,86,15
4615,781,116,781,116,715,113,715,113,705,106,705,106,1687,237,1687,237,470,75,470,75,1508,192,1508,192,670,86,670,86,551,70,551,70,1034,119,1034,119,1028,124,1028,124,1019,135,1019,135,288,34,288,34,2085,249,2085,249,2288,273,2288,273
39755,781,107,781,107,699,100,699,100,103,12,103,12,1518,185,1518,185,1633,200,1633,200,359,40,359,40,879,103,879,103,717,71,717,71,,,,,,,,,2078,252,2078,252,501,55,501,55,1592,167,1592,167,357,42,357,42
9814,781,51,781,51,1160,81,1160,81,556,28,556,28,547,30,547,30,1194,90,1194,90,485,27,485,27,2091,128,2091,128,82,4,82,4,893,52,893,52,317,45,317,45,2189,266,2189,266,2207,269,2207,269,372,30,372,30,1473,120,1473,120
41435,781,83,103,12,,,,,,,,,,,,,,,,,,,,,,,,,,,,,,,,,,,,,,,,,,,,,,,,,,,,
14497,781,115,781,115,783,119,783,119,,,,,,,,,1254,160,1254,160,1193,163,1193,163,1081,152,1081,152,261,32,261,32,588,86,588,86,578,79,578,79,605,81,605,81,962,114,962,114,1708,224,1708,224,740,89,740,89
14623,781,115,781,115,715,107,715,107,869,123,869,123,139,17,139,17,1594,206,1594,206,642,95,642,95,1663,231,1663,231,224,27,224,27,,,,,,,,,,,,,798,95,798,95,1137,145,1137,145,1870,252,1870,252
33065,781,63,781,63,281,26,281,26,1480,121,1480,121,,,,,411,31,411,31,1936,141,1936,141,,,,,1678,127,1678,127,,,,,,,,,1815,141,1815,141,258,16,258,16,1807,138,1807,138,1160,77,1160,77
16791,781,51,781,51,277,13,277,13,1103,69,1103,69,681,36,681,36,979,69,979,69,588,33,588,33,824,51,824,51,551,35,551,35,1613,96,1613,96,691,45,691,45,1623,90,1623,90,636,37,636,37,2334,155,2334,155,,,,
28137,781,107,781,107,133,15,133,15,1289,175,1289,175,240,36,240,36,534,69,534,69,1622,201,1622,201,1629,207,1629,207,,,,,,,,,,,,,741,85,741,85,1724,204,1724,204,423,49,423,49,1187,63,1187,63
4958,781,51,781,51,951,62,951,62,1537,96,1537,96,,,,,,,,,1068,69,1068,69,1059,62,1059,62,1779,111,1779,111,588,34,588,34,1270,84,1270,84,1884,107,1884,107,1445,81,1445,81,2018,141,2018,141,1849,145,1849,145
2814,781,115,781,115,1090,160,1090,160,,,,,,,,,1296,165,1296,165,,,,,,,,,,,,,1166,185,1166,185,1105,175,1105,175,1367,186,1367,186,897,105,897,105,643,88,643,88,1585,218,1585,218
4603,781,116,781,116,,,,,,,,,1739,100,1739,100,620,43,620,43,27,7,27,7,1151,143,1151,143,,,,,,,,,,,,,,,,,,,,,,,,,,,,
20141,781,63,781,63,896,68,896,68,495,47,495,47,,,,,,,,,,,,,,,,,,,,,,,,,,,,,,,,,,,,,,,,,,,,
32777,781,107,781,107,514,76,514,76,341,45,341,45,,,,,,,,,,,,,204,16,204,16,341,32,341,32,,,,,,,,,1113,126,1113,126,,,,,,,,,,,,
36672,781,33,781,33,1380,64,1380,64,1432,73,1432,73,,,,,,,,,,,,,,,,,,,,,,,,,,,,,,,,,,,,,,,,,,,,
51456,781,39,781,39,,,,,,,,,957,34,957,34,736,39,736,39,1068,52,1068,52,,,,,,,,,,,,,,,,,1953,68,1953,68,,,,,,,,,,,,
8555,802,112,802,112,,,,,,,,,319,44,319,44,580,77,580,77,559,64,559,64,915,109,915,109,2141,255,2141,255,436,50,436,50,251,29,251,29,741,85,741,85,2291,227,2291,227,444,50,444,50,2211,230,2211,230
3982,802,34,802,34,1426,68,1426,68,11,1,11,1,262,12,262,12,1132,49,1132,49,880,41,880,41,558,31,558,31,1505,76,1505,76,588,29,588,29,925,47,925,47,2137,109,2137,109,300,13,300,13,2142,120,2142,120,1160,64,1160,64
51901,802,118,802,118,1208,178,1208,178,603,92,603,92,,,,,,,,,,,,,,,,,,,,,,,,,,,,,,,,,,,,,,,,,,,,
10763,802,112,802,112,605,89,605,89,,,,,,,,,,,,,,,,,,,,,,,,,,,,,,,,,1227,145,1227,145,1224,138,1224,138,1115,116,1115,116,928,98,928,98
4799,802,65,802,65,457,39,457,39,459,42,459,42,412,37,412,37,1783,132,1783,132,37,3,37,3,1719,131,1719,131,1705,129,1705,129,1252,101,1252,101,578,54,578,54,1537,118,1537,118,820,53,820,53,763,61,763,61,,,,
13949,802,40,802,40,924,56,924,56,585,34,585,34,936,56,936,56,377,22,377,22,1298,65,1298,65,1777,97,1777,97,1170,57,1170,57,1126,52,1126,52,964,52,964,52,132,8,132,8,1401,80,1401,80,543,31,543,31,2332,118,2332,118
47842,802,118,802,118,1118,162,1118,162,179,27,179,27,1451,204,1451,204,457,60,457,60,1166,159,1166,159,509,68,509,68,1392,198,1392,198,,,,,,,,,2237,297,2237,297,126,21,126,21,1514,197,1514,197,2115,273,2115,273
55465,802,118,802,118,341,57,341,57,430,65,430,65,957,126,957,126,377,27,377,27,1747,107,1747,107,1081,67,1081,67,462,59,462,59,1653,211,1653,211,1694,208,1694,208,683,90,683,90,486,64,486,64,788,79,788,79,1753,205,1753,205
30330,802,118,802,118,938,144,938,144,524,78,524,78,936,125,936,125,591,72,591,72,1024,144,1024,144,1132,157,1132,157,1529,216,1529,216,893,142,893,142,149,13,149,13,2242,298,2242,298,1141,138,1141,138,1620,213,1620,213,740,89,740,89
251,802,112,802,112,873,116,873,116,137,19,137,19,957,115,957,115,,,,,,,,,635,64,635,64,1442,162,1442,162,,,,,,,,,1583,190,1583,190,2045,252,2045,252,1115,116,1115,116,1204,130,1204,130
45143,812,42,812,42,281,15,281,15,539,24,539,24,1219,52,1219,52,79,8,79,8,1669,76,1669,76,793,36,793,36,2038,84,2038,84,51,3,51,3,67,3,67,3,722,20,722,20,2406,90,2406,90,2018,78,2018,78,81,4,81,4
37243,812,119,104,21,157,31,52,12,995,136,995,136,1639,222,1639,222,1017,73,1017,73,323,16,323,16,2006,126,2006,126,1754,108,1754,108,,,,,,,,,,,,,,,,,,,,,,,,
14646,812,35,812,35,1289,57,1289,57,1039,49,1039,49,,,,,121,5,121,5,743,34,743,34,1686,76,1686,76,1553,78,1553,78,,,,,,,,,1019,51,1019,51,428,22,428,22,1644,94,1644,94,1301,72,1301,72
10490,812,115,812,115,1280,181,1280,181,,,,,,,,,1608,196,1608,196,1826,218,1826,218,356,40,356,40,1459,165,1459,165,1104,122,1104,122,1053,124,1053,124,1049,120,1049,120,1197,137,1197,137,1270,129,1270,129,1383,147,1383,147
29603,812,115,812,115,110,9,110,9,976,128,976,128,,,,,,,,,729,89,729,89,1173,146,1173,146,,,,,,,,,,,,,,,,,,,,,,,,,,,,
4102,812,121,812,121,1261,182,1261,182,571,88,571,88,899,117,899,117,,,,,,,,,915,130,915,130,1480,210,1480,210,,,,,,,,,,,,,,,,,,,,,,,,
21845,812,66,812,66,267,25,267,25,1572,126,1572,126,,,,,,,,,,,,,,,,,,,,,,,,,,,,,1583,123,1583,123,715,46,715,46,62,8,62,8,1160,77,1160,77
12883,812,43,812,43,301,12,301,12,1091,47,1091,47,591,23,591,23,1311,60,1311,60,743,43,743,43,1663,82,1663,82,797,41,797,41,1070,61,1070,61,440,23,440,23,1508,90,1508,90,1248,75,1248,75,1027,62,1027,62,740,55,740,55
17280,812,115,812,115,783,105,783,105,1256,169,1256,169,1695,207,1695,207,470,61,470,61,959,123,959,123,1596,199,1596,199,1553,179,1553,179,51,5,51,5,155,16,155,16,1367,158,1367,158,2075,259,2075,259,,,,,,,,
25946,821,50,821,50,767,42,767,42,354,28,354,28,,,,,,,,,,,,,1909,110,1909,110,,,,,260,7,260,7,478,23,478,23,105,9,105,9,655,25,655,25,1055,63,1055,63,198,17,198,17
17788,821,44,821,44,1004,45,1004,45,186,11,186,11,1049,42,1049,42,1710,84,1710,84,792,45,792,45,1151,52,1151,52,886,45,886,45,669,37,669,37,478,26,478,26,2078,120,2078,120,566,32,566,32,2066,115,2066,115,1518,98,1518,98
3044,821,118,821,118,754,103,754,103,917,121,917,121,936,112,936,112,494,62,494,62,1523,191,1523,191,1367,167,1367,167,628,64,628,64,823,95,823,95,1695,215,1695,215,,,,,,,,,,,,,,,,
44249,821,122,821,122,294,34,294,34,705,106,705,106,412,55,412,55,401,53,401,53,1193,163,1193,163,879,126,879,126,332,50,332,50,748,114,748,114,106,10,106,10,2126,278,2126,278,92,18,92,18,403,52,403,52,952,122,952,122
49226,821,84,821,84,1431,151,1431,151,100,14,100,14,1150,115,1150,115,715,62,715,62,1166,123,1166,123,1260,135,1260,135,311,41,311,41,1311,139,1311,139,1524,175,1524,175,1019,113,1019,113,2161,215,2161,215,1751,177,1751,177,2115,222,2115,222
10437,821,118,821,118,110,9,110,9,1270,170,1270,170,497,62,497,62,204,28,204,28,1496,184,1496,184,1524,188,1524,188,397,35,397,35,1394,173,1394,173,1053,124,1053,124,1562,186,1562,186,320,40,320,40,1751,190,1751,190,2033,226,2033,226
10416,821,15,821,15,754,13,754,13,1256,24,1256,24,635,41,635,41,1385,77,1385,77,1100,60,1100,60,418,29,418,29,2038,130,2038,130,565,32,565,32,339,16,339,16,337,20,337,20,2349,145,2349,145,,,,,,,,
227,821,118,821,118,951,124,951,124,173,25,173,25,465,58,465,58,1573,195,1573,195,1895,230,1895,230,1343,163,1343,163,58,6,58,6,1126,127,1126,127,461,51,461,51,900,103,900,103,2065,256,2065,256,2085,232,2085,232,590,72,590,72
19031,821,118,821,118,341,50,341,50,1289,175,1289,175,920,108,920,108,283,37,283,37,1238,152,1238,152,1279,158,1279,158,1351,149,1351,149,588,70,588,70,1201,147,1201,147,838,97,838,97,798,92,798,92,1931,210,1931,210,845,91,845,91
45981,821,44,821,44,,,,,617,28,617,28,208,8,208,8,1505,70,1505,70,1120,59,1120,59,1909,91,1909,91,717,36,717,36,330,18,330,18,1345,64,1345,64,90,5,90,5,1069,64,1069,64,2325,127,2325,127,475,33,475,33
19779,821,36,821,36,873,43,873,43,,,,,,,,,,,,,,,,,,,,,,,,,,,,,,,,,,,,,,,,,,,,,,,,
29095,821,67,821,67,951,75,951,75,1270,81,1270,81,,,,,,,,,,,,,,,,,,,,,,,,,,,,,,,,,,,,,,,,,,,,
49845,821,118,69,3,627,95,93,6,1414,197,152,11,60,8,60,8,,,,,,,,,,,,,,,,,,,,,,,,,,,,,,,,,,,,,,,,
49312,821,118,69,3,783,105,74,5,299,42,71,6,68,10,33,4,1311,159,1311,159,169,12,169,12,595,60,595,60,2172,261,2172,261,377,44,377,44,19,3,19,3,1339,141,1339,141,1810,180,1810,180,1896,192,1896,192,1495,158,1495,158
8545,821,84,821,84,125,16,125,16,1120,114,1120,114,1014,99,1014,99,846,79,846,79,1657,174,1657,174,432,44,432,44,1480,143,1480,143,565,65,565,65,94,20,94,20,1858,203,1858,203,2200,218,2200,218,1675,173,1675,173,827,91,827,91
3565,821,118,821,118,203,26,203,26,1359,187,1359,187,936,112,936,112,377,48,377,48,980,125,980,125,729,75,729,75,1328,147,1328,147,495,55,495,55,360,44,360,44,968,112,968,112,877,103,877,103,621,67,621,67,740,80,740,80
50081,837,125,837,125,249,39,249,39,1103,147,1103,147,1451,170,1451,170,,,,,,,,,,,,,,,,,,,,,,,,,,,,,,,,,,,,,,,,
1713,837,68,837,68,590,44,590,44,539,50,539,50,1509,115,1509,115,631,53,631,53,980,69,980,69,573,51,573,51,2108,165,2108,165,703,68,703,68,1305,121,1305,121,821,63,821,63,,,,,,,,,,,,
18916,837,86,837,86,,,,,,,,,848,80,848,80,,,,,,,,,,,,,,,,,,,,,,,,,,,,,,,,,,,,,,,,
2093,40,2,40,2,31,1,31,1,40,2,40,2,,,,,,,,,,,,,,,,,,,,,,,,,,,,,,,,,,,,,,,,,,,,
19888,837,41,837,41,86,3,86,3,1516,87,1516,87,114,7,114,7,1017,55,1017,55,1508,79,1508,79,334,18,334,18,1420,70,1420,70,1126,52,1126,52,551,35,551,35,1267,70,1267,70,1858,139,1858,139,613,48,613,48,2242,153,2242,153
16420,837,51,837,51,447,25,447,25,167,13,167,13,1509,81,1509,81,795,43,795,43,455,24,455,24,1173,72,1173,72,1505,91,1505,91,,,,,,,,,,,,,,,,,,,,,,,,
14731,837,54,837,54,1013,68,1013,68,524,27,524,27,1290,72,1290,72,1671,109,1671,109,,,,,,,,,195,15,195,15,856,49,856,49,1284,85,1284,85,2078,125,2078,125,928,51,928,51,1708,116,1708,116,1266,105,1266,105
33484,837,120,71,14,1261,191,130,27,235,35,64,17,920,117,920,117,401,61,401,61,1688,222,1688,222,,,,,,,,,,,,,,,,,,,,,731,28,731,28,1326,56,1326,56,,,,
4921,837,120,837,120,811,130,811,130,995,136,995,136,936,120,936,120,494,78,494,78,187,28,187,28,1306,158,1306,158,1328,166,1328,166,1478,184,1478,184,1149,137,1149,137,900,120,900,120,2001,242,2001,242,1592,179,1592,179,1301,157,1301,157
8967,837,125,837,125,457,64,457,64,766,99,766,99,1219,145,1219,145,934,112,934,112,980,125,980,125,670,68,670,68,1505,171,1505,171,187,18,187,18,1000,113,1000,113,968,112,968,112,597,68,597,68,2296,262,2296,262,1495,160,1495,160
27013,837,123,837,123,909,139,909,139,822,117,822,117,825,107,825,107,1350,174,1350,174,792,118,792,118,1219,172,1219,172,797,115,797,115,43,4,43,4,381,43,381,43,416,60,416,60,1899,245,1899,245,1965,261,1965,261,1420,188,1420,188
10561,837,41,837,41,1142,68,1142,68,917,54,917,54,483,29,483,29,1074,56,1074,56,816,38,816,38,1842,102,1842,102,1591,79,1591,79,,,,,,,,,1367,79,1367,79,2302,128,2302,128,2200,116,2200,116,1237,54,1237,54
44596,837,120,837,120,1106,176,1106,176,,,,,,,,,,,,,,,,,,,,,,,,,,,,,,,,,,,,,,,,,,,,,,,,
47834,837,123,837,123,309,37,309,37,901,128,901,128,1113,158,1113,158,1740,226,1740,226,107,22,107,22,1646,227,1646,227,341,51,341,51,,,,,,,,,,,,,1141,138,1141,138,,,,,,,,
9339,837,120,837,120,447,78,447,78,585,88,585,88,1715,240,1715,240,534,82,534,82,517,64,517,64,1812,226,1812,226,1779,222,1779,222,748,87,748,87,588,69,588,69,181,28,181,28,1197,149,1197,149,2314,280,2314,280,1728,199,1728,199
34546,837,23,837,23,1031,25,1031,25,74,1,74,1,899,71,899,71,230,9,230,9,161,7,161,7,314,14,314,14,717,34,717,34,89,5,89,5,381,21,381,21,2137,103,2137,103,270,17,270,17,1943,107,1943,107,1801,102,1801,102
14396,837,120,837,120,309,52,309,52,1132,167,1132,167,349,44,349,44,1555,227,1555,227,901,107,901,107,1401,171,1401,171,907,115,907,115,,,,,,,,,,,,,,,,,686,71,686,71,2033,244,2033,244
28194,837,43,837,43,548,28,548,28,1440,62,1440,62,,,,,,,,,,,,,,,,,,,,,,,,,,,,,,,,,,,,,,,,,,,,
19984,854,125,854,125,267,47,267,47,669,102,669,102,175,23,175,23,1642,235,1642,235,792,92,792,92,1700,212,1700,212,320,45,320,45,1695,218,1695,218,142,18,142,18,2206,269,2206,269,384,51,384,51,907,91,907,91,1301,157,1301,157
2166,854,127,854,127,294,45,294,45,1480,207,1480,207,1304,155,1304,155,249,32,249,32,1741,211,1741,211,978,115,978,115,740,72,740,72,173,16,173,16,1305,161,1305,161,1735,214,1735,214,859,98,859,98,1644,175,1644,175,2229,253,2229,253
37391,854,69,37,4,119,9,42,3,1305,106,98,8,,,,,,,,,1480,106,1480,106,1081,84,1081,84,,,,,,,,,,,,,,,,,,,,,2125,162,2125,162,,,,
12187,854,44,854,44,853,48,853,48,284,9,284,9,1113,44,1113,44,199,14,199,14,1265,61,1265,61,1151,52,1151,52,1019,42,1019,42,1198,51,1198,51,360,15,360,15,1832,64,1832,64,1011,39,1011,39,528,16,528,16,2431,91,2431,91
28548,854,127,854,127,531,79,531,79,869,112,869,112,349,45,349,45,,,,,,,,,,,,,929,98,929,98,856,99,856,99,1387,172,1387,172,1645,198,1645,198,2140,265,2140,265,1292,133,1292,133,1114,120,1114,120
47690,859,52,859,52,563,30,563,30,1453,89,1453,89,445,24,445,24,591,29,591,29,1936,111,1936,111,375,22,375,22,779,47,779,47,,,,,,,,,1087,61,1087,61,1533,108,1533,108,336,22,336,22,1541,97,1541,97
27668,859,129,859,129,1118,154,1118,154,705,93,705,93,648,80,648,80,1660,205,1660,205,,,,,1900,242,1900,242,,,,,,,,,,,,,1678,202,1678,202,,,,,1896,206,1896,206,1870,206,1870,206
63,859,70,859,70,,,,,785,69,785,69,1481,111,1481,111,366,25,366,25,315,23,315,23,483,43,483,43,2010,159,2010,159,106,6,106,6,1284,117,1284,117,401,32,401,32,2030,147,2030,147,2163,168,2163,168,399,27,399,27
16958,859,52,859,52,,,,,638,45,638,45,1113,57,1113,57,168,7,168,7,1826,101,1826,101,1019,61,1019,61,972,62,972,62,,,,,,,,,1484,87,1484,87,,,,,643,38,643,38,,,,
49638,859,129,109,10,,,,,1289,175,1289,175,,,,,,,,,,,,,,,,,,,,,,,,,,,,,,,,,,,,,,,,,,,,
9743,859,37,859,37,684,31,684,31,162,6,162,6,1687,79,1687,79,1350,58,1350,58,501,18,501,18,1462,62,1462,62,1170,58,1170,58,,,,,,,,,1781,92,1781,92,1141,63,1141,63,1241,73,1241,73,2321,123,2321,123
48615,859,126,859,126,978,157,978,157,173,26,173,26,1014,135,1014,135,562,89,562,89,1963,253,1963,253,2082,260,2082,260,779,100,779,100,,,,,,,,,360,54,360,54,715,88,715,88,1984,230,1984,230,2539,302,2539,302
38693,859,70,73,7,715,55,98,8,132,14,51,5,1553,118,1553,118,773,62,773,62,1377,97,1377,97,1832,138,1832,138,1196,94,1196,94,,,,,,,,,473,37,473,37,1096,72,1096,72,506,39,506,39,2255,155,2255,155
19465,859,55,859,55,1118,77,1118,77,341,18,341,18,1749,101,1749,101,57,3,57,3,1710,103,1710,103,606,33,606,33,566,38,566,38,1533,90,1533,90,870,55,870,55,1781,101,1781,101,,,,,,,,,2288,168,2288,168
41838,859,129,859,129,1098,145,1098,145,57,7,57,7,899,107,899,107,1088,135,1088,135,709,86,709,86,1367,167,1367,167,273,26,273,26,1344,166,1344,166,1637,207,1637,207,590,60,590,60,2264,276,2264,276,1002,102,1002,102,1849,203,1849,203
7013,859,125,859,125,909,139,909,139,132,22,132,22,737,91,737,91,1633,212,1633,212,530,78,530,78,170,23,170,23,1480,210,1480,210,933,148,933,148,1581,242,1581,242,605,81,605,81,148,24,148,24,1708,224,1708,224,1383,179,1383,179
37066,859,43,73,4,548,36,89,4,705,39,104,6,973,132,973,132,956,124,956,124,1396,198,1396,198,125,18,125,18,1152,171,1152,171,22,2,22,2,1609,246,1609,246,222,32,222,32,1279,163,1279,163,2245,291,2245,291,1670,226,1670,226
5231,41,10,41,10,,,,,,,,,,,,,,,,,,,,,,,,,,,,,,,,,,,,,,,,,,,,,,,,,,,,
19843,859,46,859,46,457,22,457,22,705,35,705,35,445,18,445,18,1254,56,1254,56,1741,91,1741,91,1596,77,1596,77,1170,58,1170,58,,,,,,,,,856,46,856,46,339,20,339,20,1751,95,1751,95,,,,
14246,872,38,872,38,260,12,260,12,1029,48,1029,48,1538,69,1538,69,1175,50,1175,50,980,47,980,47,653,36,653,36,1328,65,1328,65,113,5,113,5,1053,52,1053,52,571,33,571,33,1096,57,1096,57,664,37,664,37,1137,63,1137,63
10237,872,126,872,126,1380,200,1380,200,,,,,511,65,511,65,773,101,773,101,1603,237,1603,237,1423,203,1423,203,756,107,756,107,,,,,,,,,702,104,702,104,501,65,501,65,2224,288,2224,288,1966,261,1966,261
11906,872,127,872,127,1220,187,1220,187,6,1,6,1,1440,201,1440,201,1417,186,1417,186,743,112,743,112,1202,169,1202,169,1122,163,1122,163,,,,,,,,,,,,,,,,,,,,,,,,
39361,872,127,872,127,590,99,590,99,,,,,,,,,631,95,631,95,1140,138,1140,138,2025,251,2025,251,817,106,817,106,1034,119,1034,119,1105,132,1105,132,,,,,,,,,,,,,,,,
44568,872,127,872,127,320,54,320,54,155,24,155,24,760,98,760,98,1608,231,1608,231,901,107,901,107,1550,197,1550,197,233,33,233,33,1412,170,1412,170,317,45,317,45,1247,162,1247,162,962,121,962,121,1896,220,1896,220,1989,236,1989,236
23103,872,38,872,38,1013,48,1013,48,743,31,743,31,398,17,398,17,,,,,,,,,,,,,,,,,,,,,,,,,,,,,,,,,,,,,,,,
27534,872,132,872,132,48,4,48,4,1453,206,1453,206,1528,187,1528,187,,,,,,,,,,,,,,,,,,,,,,,,,,,,,,,,,,,,,,,,
23401,872,87,872,87,381,43,381,43,231,26,231,26,782,75,782,75,1368,134,1368,134,1140,119,1140,119,1737,172,1737,172,261,35,261,35,227,29,227,29,1581,180,1581,180,1815,198,1815,198,580,65,580,65,1489,157,1489,157,701,80,701,80
39072,42,11,17,4,29,4,29,4,63,12,63,12,,,,,,,,,,,,,,,,,,,,,,,,,,,,,,,,,,,,,,,,,,,,
4481,872,56,872,56,627,35,627,35,1054,64,1054,64,1163,67,1163,67,425,29,425,29,1779,108,1779,108,558,31,558,31,1295,85,1295,85,971,59,971,59,1666,105,1666,105,,,,,,,,,,,,,,,,
2137,872,126,872,126,1186,175,1186,175,363,55,363,55,1440,201,1440,201,631,78,631,78,1948,274,1948,274,915,130,915,130,2010,277,2010,277,,,,,,,,,,,,,,,,,,,,,,,,
48913,872,54,872,54,267,16,267,16,638,45,638,45,329,15,329,15,1074,56,1074,56,1337,80,1337,80,698,39,698,39,628,39,628,39,,,,,,,,,941,54,941,54,672,43,672,43,1055,63,1055,63,2364,144,2364,144
29359,872,47,872,47,119,7,119,7,1313,58,1313,58,267,12,267,12,934,36,934,36,559,33,559,33,408,17,408,17,261,12,261,12,330,18,330,18,1449,74,1449,74,683,31,683,31,1011,62,1011,62,1207,70,1207,70,611,43,611,43
10918,872,72,872,72,186,16,186,16,743,63,743,63,615,50,615,50,479,41,479,41,1747,127,1747,127,1719,131,1719,131,74,6,74,6,1223,99,1223,99,1353,123,1353,123,1087,85,1087,85,985,66,985,66,1539,131,1539,131,928,63,928,63
42038,872,87,872,87,154,20,154,20,638,63,638,63,1034,102,1034,102,715,62,715,62,1265,132,1265,132,,,,,,,,,,,,,,,,,,,,,,,,,,,,,,,,
14881,872,44,872,44,495,32,495,32,539,32,539,32,364,20,364,20,1843,95,1843,95,1068,51,1068,51,624,38,624,38,499,27,499,27,933,45,933,45,1561,80,1561,80,1562,94,1562,94,597,31,597,31,467,28,467,28,2148,104,2148,104
31955,872,47,872,47,260,10,260,10,1334,61,1334,61,1322,54,1322,54,340,11,340,11,1768,94,1768,94,698,34,698,34,486,24,486,24,588,30,588,30,925,44,925,44,1339,79,1339,79,672,39,672,39,1868,105,1868,105,1364,90,1364,90
15161,872,44,872,44,548,36,548,36,1345,74,1345,74,412,25,412,25,1608,87,1608,87,501,24,501,24,204,11,204,11,972,48,972,48,243,12,243,12,913,50,913,50,2212,130,2212,130,1197,66,1197,66,1390,83,1390,83,722,32,722,32
47341,872,44,872,44,1052,63,1052,63,235,13,235,13,1349,75,1349,75,156,7,156,7,1068,51,1068,51,1423,76,1423,76,1328,66,1328,66,1166,55,1166,55,461,28,461,28,1461,88,1461,88,1173,64,1173,64,1868,103,1868,103,55,1,55,1
21163,872,132,872,132,1075,141,1075,141,199,28,199,28,80,12,80,12,1717,211,1717,211,1688,207,1688,207,281,26,281,26,2032,237,2032,237,377,41,377,41,1604,182,1604,182,196,21,196,21,754,87,754,87,,,,,,,,
13013,872,16,872,16,,,,,,,,,,,,,,,,,,,,,,,,,,,,,,,,,,,,,,,,,,,,,,,,,,,,
30909,892,128,892,128,231,26,231,26,950,136,950,136,615,78,615,78,1238,157,1238,157,73,12,73,12,1887,269,1887,269,1100,161,1100,161,1368,217,1368,217,213,22,213,22,2061,269,2061,269,1597,208,1597,208,763,102,763,102,1204,156,1204,156
42549,892,24,892,24,1246,35,1246,35,213,6,213,6,445,38,445,38,715,37,715,37,,,,,,,,,,,,,,,,,,,,,,,,,,,,,,,,,,,,
3229,892,130,892,130,,,,,,,,,,,,,,,,,1100,133,1100,133,1574,201,1574,201,1529,195,1529,195,,,,,,,,,2160,260,2160,260,,,,,,,,,,,,
1497,892,89,892,89,53,8,53,8,1334,137,1334,137,114,11,114,11,1311,128,1311,128,380,42,380,42,1719,170,1719,170,311,41,311,41,626,71,626,71,381,53,381,53,1832,200,1832,200,715,81,715,81,705,75,705,75,952,100,952,100
9625,892,73,892,73,579,43,579,43,354,33,354,33,1240,89,1240,89,631,53,631,53,1216,82,1216,82,2025,156,2025,156,,,,,1368,120,1368,120,,,,,,,,,1750,125,1750,125,1421,119,1421,119,453,32,453,32
13867,892,55,892,55,25,3,25,3,1222,78,1222,78,1666,91,1666,91,715,36,715,36,729,43,729,43,522,30,522,30,2019,124,2019,124,,,,,,,,,1339,81,1339,81,689,45,689,45,2050,127,2050,127,1966,122,1966,122
21926,892,89,892,89,783,84,783,84,1334,137,1334,137,208,21,208,21,809,75,809,75,1603,171,1603,171,1386,148,1386,148,471,55,471,55,971,102,971,102,1513,173,1513,173,129,21,129,21,985,105,985,105,495,58,495,58,2536,255,2536,255
37560,892,130,892,130,,,,,,,,,,,,,,,,,,,,,,,,,,,,,,,,,,,,,,,,,,,,,,,,,,,,
46972,892,17,75,3,84,2,34,2,869,20,114,7,,,,,,,,,1265,157,1265,157,573,33,573,33,1657,82,1657,82,1368,66,1368,66,279,39,279,39,305,47,305,47,1956,234,1956,234,180,22,180,22,,,,
36165,892,89,75,9,1064,112,121,19,,,,,,,,,,,,,,,,,,,,,,,,,,,,,,,,,,,,,20,4,20,4,415,47,415,47,565,63,565,63
14487,892,128,892,128,341,46,341,46,976,140,976,140,181,24,181,24,736,92,736,92,940,132,940,132,1596,221,1596,221,311,44,311,44,1311,205,1311,205,317,38,317,38,876,128,876,128,2253,299,2253,299,705,94,705,94,1913,255,1913,255
13930,892,49,892,49,330,14,330,14,1391,64,1391,64,825,35,825,35,356,13,356,13,1904,99,1904,99,,,,,1272,69,1272,69,532,28,532,28,,,,,,,,,,,,,,,,,,,,
11244,892,134,892,134,1106,149,1106,149,1103,147,1103,147,,,,,,,,,,,,,,,,,,,,,,,,,,,,,,,,,,,,,,,,,,,,
14580,905,130,905,130,,,,,,,,,,,,,,,,,,,,,,,,,,,,,,,,,,,,,,,,,,,,,,,,,,,,
52784,905,132,905,132,507,84,507,84,254,39,254,39,591,82,591,82,1513,220,1513,220,709,83,709,83,314,40,314,40,797,102,797,102,495,63,495,63,1017,121,1017,121,1508,193,1508,193,26,6,26,6,1644,186,1644,186,1913,226,1913,226
2164,905,135,905,135,1193,165,1193,165,,,,,604,76,604,76,1194,143,1194,143,1004,129,1004,129,286,28,286,28,1867,216,1867,216,1104,122,1104,122,964,104,964,104,2292,279,2292,279,,,,,,,,,,,,
21627,905,92,905,92,,,,,,,,,,,,,755,68,755,68,1120,117,1120,117,1937,188,1937,188,,,,,,,,,,,,,,,,,,,,,,,,,,,,
14427,905,56,905,56,,,,,,,,,,,,,,,,,,,,,,,,,,,,,,,,,,,,,,,,,,,,,,,,,,,,
39618,905,132,77,15,1208,185,127,25,,,,,,,,,,,,,,,,,,,,,,,,,,,,,,,,,,,,,,,,,,,,,,,,
16511,905,132,905,132,873,138,873,138,,,,,,,,,,,,,,,,,,,,,,,,,,,,,,,,,,,,,,,,,,,,,,,,
25962,905,57,905,57,826,48,826,48,766,19,766,19,412,28,412,28,,,,,,,,,,,,,,,,,,,,,,,,,,,,,1224,86,1224,86,960,48,960,48,1562,87,1562,87
14615,905,135,905,135,216,29,216,29,1553,213,1553,213,,,,,1254,151,1254,151,,,,,1613,203,1613,203,929,98,929,98,495,55,495,55,1519,190,1519,190,,,,,1787,211,1787,211,2474,283,2474,283,,,,
45904,905,56,905,56,7,1,7,1,1476,91,1476,91,920,49,920,49,821,47,821,47,1140,72,1140,72,899,55,899,55,1962,122,1962,122,,,,,,,,,767,43,767,43,1750,118,1750,118,1592,97,1592,97,1562,99,1562,99
21081,905,40,905,40,431,23,431,23,495,74,495,74,1068,149,1068,149,1350,174,1350,174,64,10,64,10,1909,274,1909,274,341,51,341,51,1533,243,1533,243,1644,253,1644,253,2095,273,2095,273,25,4,25,4,1708,224,1708,224,1849,249,1849,249
15203,905,47,905,47,145,11,145,11,1054,61,1054,61,,,,,,,,,269,11,269,11,824,49,824,49,1480,75,1480,75,,,,,,,,,1267,70,1267,70,44,3,44,3,1363,82,1363,82,503,21,503,21
45098,905,45,905,45,715,40,715,40,539,24,539,24,364,18,364,18,1017,49,1017,49,1024,48,1024,48,844,37,844,37,1392,55,1392,55,,,,,,,,,1299,46,1299,46,547,20,547,20,213,6,213,6,2016,72,2016,72
23454,905,57,905,57,482,25,482,25,1153,73,1153,73,200,6,200,6,884,60,884,60,1891,117,1891,117,698,40,698,40,1351,88,1351,88,1653,98,1653,98,562,34,562,34,147,8,147,8,2120,133,2120,133,1514,105,1514,105,1638,131,1638,131
41014,43,12,5,1,58,19,11,4,13,5,7,1,30,7,11,4,58,18,23,10,51,15,51,15,41,13,41,13,,,,,,,,,,,,,,,,,,,,,,,,,,,,
5440,905,57,905,57,1289,88,1289,88,,,,,,,,,562,38,562,38,1461,92,1461,92,160,10,160,10,1985,124,1985,124,,,,,,,,,821,46,821,46,1916,114,1916,114,467,35,467,35,1328,111,1328,111
31753,920,18,115,7,,,,,,,,,,,,,187,16,187,16,672,40,672,40,1909,111,1909,111,1459,94,1459,94,,,,,,,,,1196,70,1196,70,912,66,912,66,230,12,230,12,490,22,490,22
3952,44,3,44,3,,,,,,,,,,,,,,,,,,,,,,,,,80,3,80,3,40,3,40,3,43,7,43,7,77,7,77,7,63,8,63,8,83,9,83,9,54,5,54,5
19164,920,48,920,48,415,26,415,26,1241,69,1241,69,374,21,374,21,956,51,956,51,161,4,161,4,1960,108,1960,108,886,47,886,47,1166,55,1166,55,539,34,539,34,1484,90,1484,90,,,,,,,,,1827,88,1827,88
21556,920,41,920,41,221,9,221,9,603,25,603,25,1417,64,1417,64,1861,87,1861,87,1645,74,1645,74,1596,68,1596,68,224,10,224,10,,,,,,,,,1815,95,1815,95,877,46,877,46,444,22,444,22,981,56,981,56
44727,920,135,78,16,,,,,1560,227,162,36,,,,,,,,,,,,,483,60,483,60,2181,276,2181,276,,,,,,,,,,,,,,,,,,,,,,,,
47664,920,50,920,50,,,,,,,,,1304,52,1304,52,1564,75,1564,75,,,,,,,,,,,,,,,,,,,,,,,,,,,,,,,,,,,,
28860,920,25,920,25,47,2,47,2,1550,46,1550,46,547,47,547,47,692,36,692,36,,,,,,,,,,,,,,,,,,,,,,,,,,,,,,,,,,,,
11001,920,46,920,46,1132,57,1132,57,743,30,743,30,973,36,973,36,591,27,591,27,1622,73,1622,73,387,18,387,18,929,37,929,37,1344,60,1344,60,1419,52,1419,52,2012,71,2012,71,1836,75,1836,75,2464,101,2464,101,,,,
23133,920,137,920,137,1193,165,1193,165,117,15,117,15,1361,161,1361,161,934,112,934,112,1760,213,1760,213,573,58,573,58,2128,251,2128,251,377,44,377,44,824,89,824,89,876,102,876,102,2161,267,2161,267,1931,210,1931,210,,,,
8799,920,50,920,50,1031,48,1031,48,1103,50,1103,50,,,,,,,,,,,,,,,,,,,,,,,,,,,,,,,,,,,,,,,,,,,,
29801,920,137,920,137,,,,,,,,,,,,,,,,,,,,,,,,,,,,,,,,,,,,,,,,,,,,,,,,,,,,
38388,920,58,920,58,531,29,531,29,1425,87,1425,87,35,3,35,3,900,51,900,51,,,,,,,,,,,,,,,,,,,,,,,,,,,,,,,,,,,,
32650,920,60,115,5,642,36,642,36,309,16,309,16,1163,67,1163,67,349,24,349,24,1603,99,1603,99,94,5,94,5,185,14,185,14,893,53,893,53,,,,,,,,,1333,71,1333,71,2343,138,2343,138,928,50,928,50
22221,920,131,920,131,873,136,873,136,472,72,472,72,,,,,,,,,575,83,575,83,934,135,934,135,,,,,,,,,,,,,,,,,,,,,,,,,,,,
30352,920,93,115,14,,,,,,,,,,,,,,,,,,,,,,,,,,,,,,,,,,,,,,,,,,,,,,,,,,,,
10643,920,48,920,48,657,43,657,43,1270,70,1270,70,760,44,760,44,283,17,283,17,380,16,380,16,2072,111,2072,111,224,8,224,8,532,23,532,23,1185,59,1185,59,2012,119,2012,119,928,45,928,45,1539,86,1539,86,1562,72,1562,72
7713,935,52,935,52,42,3,42,3,1178,54,1178,54,666,31,666,31,1833,90,1833,90,,,,,,,,,1459,77,1459,77,,,,,,,,,,,,,,,,,,,,,,,,
7969,935,42,935,42,992,47,992,47,1289,66,1289,66,,,,,,,,,,,,,,,,,,,,,,,,,,,,,451,25,451,25,,,,,,,,,,,,
36183,935,52,935,52,1173,59,1173,59,,,,,,,,,,,,,1042,52,1042,52,147,9,147,9,1219,63,1219,63,,,,,,,,,352,18,352,18,1248,75,1248,75,2398,131,2398,131,1328,88,1328,88
21381,935,47,935,47,514,27,514,27,397,14,397,14,311,13,311,13,1254,56,1254,56,469,20,469,20,1613,75,1613,75,,,,,,,,,,,,,,,,,,,,,830,31,830,31,1328,41,1328,41
54347,935,52,935,52,301,12,301,12,1461,71,1461,71,899,39,899,39,,,,,,,,,,,,,,,,,,,,,,,,,,,,,,,,,,,,,,,,
769,45,8,45,8,,,,,,,,,21,5,21,5,77,13,77,13,,,,,,,,,,,,,,,,,,,,,,,,,,,,,,,,,,,,
16239,935,52,935,52,381,16,381,16,62,1,62,1,1726,83,1726,83,1286,59,1286,59,1068,54,1068,54,606,30,606,30,1100,53,1100,53,,,,,,,,,1267,76,1267,76,1141,67,1141,67,2050,114,2050,114,1941,127,1941,127
2041,935,42,935,42,161,7,161,7,995,64,995,64,973,51,973,51,620,29,620,29,1974,88,1974,88,729,40,729,40,1859,91,1859,91,1034,53,1034,53,539,31,539,31,994,49,994,49,1810,90,1810,90,1326,80,1326,80,1541,89,1541,89
29086,935,136,935,136,,,,,,,,,1014,135,1014,135,846,122,846,122,1100,133,1100,133,483,60,483,60,1819,226,1819,226,,,,,,,,,,,,,,,,,,,,,,,,
46709,935,74,935,74,767,59,767,59,34,4,34,4,1717,131,1717,131,425,33,425,33,672,47,672,47,1832,138,1832,138,256,22,256,22,1562,142,1562,142,746,68,746,68,314,23,314,23,2161,163,2161,163,257,17,257,17,1204,81,1204,81
39605,935,139,935,139,514,76,514,76,743,97,743,97,635,78,635,78,1804,223,1804,223,,,,,,,,,,,,,,,,,,,,,,,,,,,,,,,,,,,,
4056,935,136,935,136,754,119,754,119,1178,174,1178,174,857,110,857,110,631,95,631,95,1068,127,1068,127,1328,161,1328,161,1272,157,1272,157,,,,,,,,,,,,,,,,,,,,,,,,
6708,935,132,935,132,77,14,77,14,1359,195,1359,195,1206,167,1206,167,607,74,607,74,,,,,,,,,1249,177,1249,177,999,161,999,161,,,,,,,,,,,,,,,,,,,,
55780,45,9,45,9,24,4,24,4,37,7,37,7,50,7,50,7,25,4,25,4,35,5,35,5,24,7,24,7,81,15,81,15,59,9,59,9,38,6,38,6,49,9,49,9,84,12,84,12,85,12,85,12,52,9,52,9
16573,947,94,947,94,,,,,,,,,,,,,,,,,1193,125,1193,125,541,57,541,57,2073,207,2073,207,,,,,,,,,1756,193,1756,193,,,,,1868,188,1868,188,,,,
45957,947,44,947,44,281,14,281,14,363,17,363,17,1753,81,1753,81,401,16,401,16,743,34,743,34,1663,73,1663,73,740,39,740,39,,,,,,,,,,,,,,,,,,,,,,,,
4920,947,50,947,50,371,25,371,25,743,63,743,63,1049,80,1049,80,736,61,736,61,1337,92,1337,92,1386,107,1386,107,1480,116,1480,116,,,,,,,,,,,,,1810,135,1810,135,960,77,960,77,2195,146,2195,146
36821,947,94,947,94,670,71,670,71,,,,,,,,,,,,,,,,,,,,,,,,,,,,,,,,,,,,,,,,,,,,,,,,
8496,47,13,47,13,16,7,16,7,,,,,,,,,,,,,,,,,79,25,79,25,,,,,,,,,,,,,,,,,,,,,,,,,,,,
57179,947,133,947,133,531,73,531,73,20,3,20,3,168,21,168,21,1857,250,1857,250,129,25,129,25,1202,169,1202,169,1219,175,1219,175,893,142,893,142,,,,,,,,,,,,,,,,,,,,
14510,947,138,947,138,992,160,992,160,155,24,155,24,1219,166,1219,166,33,8,33,8,1216,149,1216,149,864,102,864,102,756,98,756,98,1412,170,1412,170,643,76,643,76,1858,228,1858,228,339,40,339,40,725,75,725,75,2491,294,2491,294
158,947,140,947,140,473,67,473,67,397,58,397,58,857,102,857,102,1296,157,1296,157,469,53,469,53,343,38,343,38,1617,190,1617,190,1629,202,1629,202,1074,129,1074,129,1884,231,1884,231,1248,143,1248,143,2039,223,2039,223,2069,232,2069,232
39462,47,5,6,1,,,,,40,7,12,2,25,5,9,3,49,7,19,2,16,1,16,1,17,3,17,3,64,7,64,7,59,9,59,9,53,7,53,7,90,15,90,15,,,,,,,,,,,,
2985,947,138,947,138,457,79,457,79,472,70,472,70,1603,215,1603,215,1470,215,1470,215,1571,208,1571,208,141,24,141,24,659,84,659,84,1576,200,1576,200,1661,201,1661,201,1196,156,1196,156,1563,186,1563,186,1390,143,1390,143,2016,239,2016,239
15927,947,138,947,138,978,157,978,157,1091,157,1091,157,1666,230,1666,230,,,,,,,,,,,,,,,,,,,,,,,,,,,,,,,,,,,,,,,,
3876,947,56,947,56,754,35,754,35,1178,54,1178,54,1700,81,1700,81,,,,,398,24,398,24,1932,92,1932,92,,,,,,,,,,,,,,,,,2129,117,2129,117,,,,,2364,149,2364,149
13956,957,96,957,96,739,78,739,78,938,98,938,98,1382,131,1382,131,864,81,864,81,642,61,642,61,541,57,541,57,1591,156,1591,156,788,86,788,86,848,105,848,105,1063,117,1063,117,1445,150,1445,150,1207,127,1207,127,2048,213,2048,213
48497,957,45,957,45,197,8,197,8,,,,,,,,,,,,,,,,,,,,,,,,,,,,,,,,,,,,,,,,,,,,,,,,
14247,957,45,957,45,,,,,,,,,1729,80,1729,80,,,,,,,,,,,,,779,41,779,41,788,39,788,39,,,,,,,,,,,,,,,,,,,,
3731,957,141,957,141,548,80,548,80,585,79,585,79,1625,201,1625,201,1286,156,1286,156,107,6,107,6,1750,226,1750,226,233,21,233,21,1198,141,1198,141,1125,137,1125,137,1063,122,1063,122,2065,256,2065,256,1438,149,1438,149,999,108,999,108
5584,957,134,957,134,1142,166,1142,166,,,,,,,,,773,101,773,101,,,,,,,,,,,,,1344,212,1344,212,493,60,493,60,1935,246,1935,246,1011,119,1011,119,359,45,359,45,,,,
21664,957,75,957,75,86,7,86,7,1345,109,1345,109,1451,107,1451,107,1175,86,1175,86,1216,82,1216,82,1386,107,1386,107,1170,92,1170,92,1450,133,1450,133,1087,95,1087,95,1049,81,1049,81,1011,68,1011,68,2101,160,2101,160,2394,168,2394,168
4113,957,59,957,59,,,,,,,,,,,,,,,,,,,,,,,,,,,,,,,,,,,,,,,,,,,,,,,,,,,,
32362,957,134,957,134,1075,158,1075,158,505,75,505,75,635,80,635,80,,,,,,,,,1260,183,1260,183,702,95,702,95,,,,,,,,,,,,,,,,,,,,,,,,
322,957,134,957,134,1173,172,1173,172,284,42,284,42,1089,153,1089,153,47,5,47,5,1441,208,1441,208,698,98,698,98,588,80,588,80,856,135,856,135,1377,212,1377,212,2152,282,2152,282,384,47,384,47,1592,207,1592,207,1160,153,1160,153
4004,957,75,957,75,951,75,951,75,319,25,319,25,445,38,445,38,884,69,884,69,1700,123,1700,123,573,51,573,51,779,64,779,64,1252,101,1252,101,1519,142,1519,142,,,,,,,,,336,26,336,26,892,57,892,57
10607,957,75,957,75,447,38,447,38,1120,97,1120,97,879,65,879,65,1525,112,1525,112,743,51,743,51,1219,93,1219,93,1044,79,1044,79,788,74,788,74,717,61,717,61,1603,126,1603,126,1563,109,1563,109,1163,92,1163,92,2332,160,2332,160
48370,957,134,38,8,6,2,4,1,377,57,58,9,163,20,57,5,1525,201,165,20,359,60,359,60,247,32,247,32,1272,65,1272,65,106,18,106,18,510,67,510,67,207,28,207,28,820,99,820,99,481,60,481,60,1450,194,1450,194
716,957,141,957,141,104,19,104,19,472,70,472,70,737,94,737,94,1731,251,1731,251,485,60,485,60,1932,238,1932,238,1505,193,1505,193,1223,145,1223,145,,,,,,,,,,,,,,,,,,,,
24369,957,57,957,57,783,38,783,38,603,25,603,25,497,24,497,24,1620,72,1620,72,,,,,,,,,1738,86,1738,86,823,43,823,43,1317,67,1317,67,605,35,605,35,,,,,,,,,,,,
12389,957,96,957,96,909,100,909,100,917,92,917,92,1014,99,1014,99,,,,,,,,,,,,,1272,122,1272,122,1587,171,1587,171,,,,,1623,175,1623,175,2359,233,2359,233,,,,,,,,
29839,972,142,972,142,415,72,415,72,1270,197,1270,197,1717,241,1717,241,1525,221,1525,221,37,8,37,8,729,91,729,91,1170,142,1170,142,1070,124,1070,124,1524,183,1524,183,401,58,401,58,1858,222,1858,222,2343,283,2343,283,2255,271,2255,271
10667,972,58,972,58,1193,61,1193,61,,,,,1603,74,1603,74,425,15,425,15,1377,70,1377,70,1550,76,1550,76,2175,111,2175,111,,,,,,,,,,,,,,,,,,,,,,,,
44381,972,78,972,78,,,,,,,,,,,,,,,,,1645,118,1645,118,,,,,1933,148,1933,148,,,,,897,84,897,84,702,50,702,50,1380,99,1380,99,1241,101,1241,101,539,39,539,39
45138,972,48,972,48,1090,54,1090,54,766,34,766,34,1597,69,1597,69,1846,86,1846,86,1298,62,1298,62,204,12,204,12,1378,53,1378,53,1252,53,1252,53,824,25,824,25,1603,55,1603,55,102,4,102,4,238,7,238,7,2255,84,2255,84
2364,972,142,972,142,1380,194,1380,194,47,5,47,5,990,117,990,117,401,52,401,52,1298,164,1298,164,915,109,915,109,,,,,,,,,,,,,,,,,,,,,,,,,,,,
8683,972,142,972,142,909,142,909,142,976,134,976,134,273,37,273,37,1350,198,1350,198,1441,186,1441,186,296,38,296,38,1705,216,1705,216,971,111,971,111,1686,205,1686,205,1049,139,1049,139,1774,212,1774,212,,,,,,,,
12884,972,58,972,58,627,27,627,27,869,42,869,42,591,23,591,23,1157,49,1157,49,1921,100,1921,100,,,,,1152,56,1152,56,1465,76,1465,76,717,36,717,36,2121,121,2121,121,,,,,,,,,,,,
10758,972,61,972,61,457,23,457,23,886,55,886,55,604,34,604,34,773,50,773,50,772,44,772,44,1306,81,1306,81,841,53,841,53,1394,79,1394,79,121,5,121,5,2003,120,2003,120,1502,86,1502,86,2491,166,2491,166,272,15,272,15
4593,972,138,972,138,70,12,70,12,638,94,638,94,,,,,,,,,,,,,,,,,1420,202,1420,202,823,128,823,128,746,104,746,104,,,,,,,,,,,,,,,,
7675,972,78,972,78,203,19,203,19,1491,122,1491,122,879,65,879,65,306,19,306,19,1747,127,1747,127,473,42,473,42,1100,85,1100,85,495,53,495,53,1167,103,1167,103,,,,,,,,,,,,,,,,
36105,972,138,972,138,1238,179,1238,179,93,17,93,17,782,97,782,97,1594,206,1594,206,241,41,241,41,418,55,418,55,2094,286,2094,286,,,,,,,,,838,119,838,119,1279,163,1279,163,907,120,907,120,1420,188,1420,188
1327,972,142,972,142,699,110,699,110,901,125,901,125,1219,166,1219,166,677,105,677,105,980,119,980,119,1937,241,1937,241,841,111,841,111,1126,134,1126,134,,,,,,,,,,,,,,,,,,,,
2563,972,138,972,138,1186,175,1186,175,,,,,,,,,,,,,,,,,670,92,670,92,,,,,,,,,,,,,,,,,,,,,,,,,,,,
24269,972,142,972,142,,,,,,,,,,,,,,,,,,,,,,,,,,,,,,,,,,,,,,,,,,,,,,,,,,,,
26006,986,141,986,141,,,,,1487,211,1487,211,990,138,990,138,647,80,647,80,380,64,380,64,1219,172,1219,172,320,46,320,46,,,,,,,,,2173,133,2173,133,636,49,636,49,444,20,444,20,2169,128,2169,128
38934,49,6,13,3,12,2,7,1,53,9,21,6,52,9,52,9,,,,,,,,,,,,,50,6,50,6,20,2,20,2,23,3,23,3,78,11,78,11,94,11,94,11,23,4,23,4,77,9,77,9
11456,986,141,986,141,1039,151,1039,151,1132,161,1132,161,1509,210,1509,210,315,45,315,45,901,127,901,127,,,,,,,,,,,,,,,,,,,,,820,99,820,99,1292,170,1292,170,503,65,503,65
5909,986,146,986,146,924,145,924,145,78,13,78,13,1266,175,1266,175,1401,202,1401,202,269,37,269,37,1812,226,1812,226,972,121,972,121,377,48,377,48,1125,133,1125,133,2249,273,2249,273,369,45,369,45,2066,244,2066,244,1728,199,1728,199
45929,986,47,986,47,,,,,,,,,1564,71,1564,71,,,,,,,,,,,,,,,,,,,,,,,,,,,,,,,,,,,,,2132,112,2132,112
19940,986,141,986,141,341,46,341,46,515,77,515,77,1398,196,1398,196,1273,163,1273,163,424,70,424,70,1245,178,1245,178,972,144,972,144,1368,217,1368,217,992,148,992,148,1063,151,1063,151,1173,146,1173,146,322,39,322,39,2097,272,2097,272
1826,986,146,986,146,249,46,249,46,1425,215,1425,215,1163,152,1163,152,631,95,631,95,772,90,772,90,670,86,670,86,397,56,397,56,588,73,588,73,824,102,824,102,1562,196,1562,196,1279,159,1279,159,,,,,,,,
33831,986,62,986,62,1387,93,1387,93,231,13,231,13,251,9,251,9,934,65,934,65,901,54,901,54,,,,,,,,,187,8,187,8,1648,104,1648,104,1508,84,1508,84,715,43,715,43,388,31,388,31,764,59,764,59
14480,986,141,986,141,301,35,301,35,1289,181,1289,181,445,58,445,58,1800,242,1800,242,1571,230,1571,230,729,104,729,104,2032,279,2032,279,788,119,788,119,848,120,848,120,271,37,271,37,636,81,636,81,,,,,,,,
5305,986,141,986,141,853,130,853,130,539,82,539,82,1049,145,1049,145,230,34,230,34,838,122,838,122,606,81,606,81,1122,163,1122,163,,,,,,,,,2189,288,2189,288,59,10,59,10,2288,297,2288,297,1495,202,1495,202
16679,995,148,995,148,,,,,,,,,,,,,,,,,,,,,,,,,,,,,,,,,,,,,,,,,,,,,,,,,,,,
12658,995,148,995,148,231,42,231,42,263,40,263,40,1509,205,1509,205,283,42,283,42,1548,199,1548,199,1059,133,1059,133,1576,202,1576,202,,,,,,,,,900,120,900,120,1774,212,1774,212,,,,,,,,
52770,995,60,995,60,1405,78,1405,78,263,22,263,22,1491,80,1491,80,,,,,,,,,473,29,473,29,841,50,841,50,,,,,,,,,968,55,968,55,,,,,,,,,1891,116,1891,116
18869,995,98,995,98,98,14,98,14,,,,,,,,,411,34,411,34,,,,,,,,,,,,,,,,,,,,,,,,,,,,,,,,,,,,
27913,995,143,995,143,,,,,743,97,743,97,760,90,760,90,1497,182,1497,182,45,1,45,1,899,107,899,107,2058,242,2058,242,145,14,145,14,771,81,771,81,1562,186,1562,186,928,108,928,108,276,36,276,36,2497,285,2497,285
31644,995,148,995,148,,,,,,,,,,,,,,,,,,,,,,,,,,,,,,,,,,,,,,,,,,,,,,,,,,,,
21266,995,80,995,80,590,44,590,44,150,16,150,16,936,71,936,71,1594,118,1594,118,1587,111,1587,111,1984,149,1984,149,,,,,,,,,,,,,,,,,,,,,,,,,,,,
45397,995,49,995,49,,,,,,,,,,,,,,,,,,,,,,,,,,,,,,,,,,,,,,,,,1313,55,1313,55,856,32,856,32,667,28,667,28
13032,995,146,995,146,657,98,657,98,1550,224,1550,224,44,6,44,6,1401,182,1401,182,1068,151,1068,151,800,117,800,117,311,44,311,44,377,57,377,57,1492,226,1492,226,1227,167,1227,167,2253,299,2253,299,2245,291,2245,291,952,122,952,122
52823,995,146,995,146,909,139,909,139,690,105,690,105,127,14,127,14,580,71,580,71,1319,184,1319,184,387,52,387,52,2058,282,2058,282,173,29,173,29,493,60,493,60,994,139,994,139,1141,138,1141,138,2262,295,2262,295,845,104,845,104
4605,995,148,995,148,,,,,,,,,936,120,936,120,534,82,534,82,1461,188,1461,188,,,,,,,,,,,,,,,,,,,,,,,,,,,,,,,,
8393,1006,63,1006,63,531,28,531,28,377,20,377,20,706,37,706,37,,,,,,,,,,,,,,,,,,,,,,,,,,,,,,,,,,,,,,,,
13919,1006,60,1006,60,1013,47,1013,47,886,43,886,43,848,37,848,37,349,12,349,12,1424,73,1424,73,541,26,541,26,,,,,,,,,,,,,2045,117,2045,117,501,27,501,27,,,,,,,,
48348,1006,99,1006,99,,,,,,,,,,,,,1001,97,1001,97,469,49,469,49,800,88,800,88,1997,199,1997,199,971,102,971,102,717,94,717,94,1698,184,1698,184,672,77,672,77,2018,206,2018,206,892,97,892,97
32504,1006,144,1006,144,896,119,896,119,524,71,524,71,1469,172,1469,172,809,102,809,102,1193,145,1193,145,,,,,,,,,,,,,,,,,1537,183,1537,183,655,73,655,73,2085,232,2085,232,233,26,233,26
12320,1006,63,1006,63,992,66,992,66,690,41,690,41,1113,63,1113,63,262,18,262,18,1783,109,1783,109,729,42,729,42,1836,115,1836,115,1576,94,1576,94,448,26,448,26,1989,118,1989,118,1533,90,1533,90,101,13,101,13,2332,170,2332,170
13818,1006,152,1006,152,125,24,125,24,363,54,363,54,725,92,725,92,1470,215,1470,215,620,73,620,73,368,48,368,48,2073,261,2073,261,1311,161,1311,161,1661,201,1661,201,,,,,,,,,,,,,,,,
34424,1006,99,120,15,783,84,104,17,,,,,,,,,,,,,,,,,,,,,,,,,,,,,,,,,,,,,,,,,,,,,,,,
55446,1006,51,1006,51,,,,,,,,,615,35,615,35,631,36,631,36,1265,63,1265,63,1367,74,1367,74,439,24,439,24,,,,,,,,,1392,83,1392,83,1931,109,1931,109,2207,118,2207,118,,,,
275,1006,148,1006,148,457,64,457,64,886,126,886,126,465,62,465,62,1752,228,1752,228,1587,233,1587,233,,,,,,,,,,,,,,,,,,,,,,,,,,,,,,,,
41041,1015,50,80,4,241,11,63,4,1313,42,146,6,760,61,760,61,518,23,518,23,729,44,729,44,432,21,432,21,994,48,994,48,282,17,282,17,225,11,225,11,,,,,,,,,,,,,,,,
14472,1015,149,1015,149,66,9,66,9,1222,174,1222,174,339,49,339,49,1483,197,1483,197,241,41,241,41,1367,197,1367,197,611,82,611,82,1450,227,1450,227,1139,179,1139,179,1508,203,1508,203,1333,170,1333,170,1539,200,1539,200,1801,240,1801,240
41710,1015,101,121,16,473,50,81,13,19,4,19,4,387,37,387,37,884,107,884,107,,,,,,,,,,,,,,,,,,,,,,,,,,,,,,,,,,,,
26385,1015,153,1015,153,415,72,415,72,805,113,805,113,795,102,795,102,956,137,956,137,215,32,215,32,1994,248,1994,248,1553,201,1553,201,,,,,,,,,994,116,994,116,2372,291,2372,291,506,53,506,53,2431,291,2431,291
14678,1015,26,1015,26,457,10,457,10,167,5,167,5,181,17,181,17,1824,95,1824,95,157,6,157,6,1574,74,1574,74,1962,95,1962,95,1198,81,1198,81,824,47,824,47,702,41,702,41,2065,106,2065,106,266,12,266,12,453,20,453,20
43936,1015,17,1015,17,1375,20,1375,20,,,,,412,6,412,6,1001,19,1001,19,1747,30,1747,30,1343,19,1343,19,439,6,439,6,1368,21,1368,21,,,,,,,,,,,,,,,,,,,,
21601,1015,153,1015,153,1013,164,1013,164,515,76,515,76,1546,207,1546,207,,,,,,,,,,,,,,,,,,,,,,,,,,,,,,,,,,,,,,,,
26458,1015,149,1015,149,495,67,495,67,100,19,100,19,795,100,795,100,442,58,442,58,434,72,434,72,509,68,509,68,1617,231,1617,231,377,57,377,57,1028,161,1028,161,1858,240,1858,240,547,68,547,68,558,78,558,78,1187,155,1187,155
38146,1015,153,121,25,431,76,431,76,617,92,617,92,1240,172,1240,172,83,18,83,18,743,87,743,87,,,,,,,,,,,,,,,,,1439,188,1439,188,962,53,962,53,,,,,,,,
33416,1015,61,1015,61,,,,,,,,,465,19,465,19,1851,91,1851,91,,,,,,,,,929,48,929,48,588,30,588,30,1353,65,1353,65,1227,71,1227,71,820,53,820,53,298,19,298,19,1450,93,1450,93
14991,1015,145,1015,145,77,7,77,7,1432,200,1432,200,547,70,547,70,1555,190,1555,190,729,89,729,89,1059,124,1059,124,929,98,929,98,1587,197,1587,197,1524,191,1524,191,,,,,,,,,,,,,,,,
45744,1015,48,1015,48,715,35,715,35,1241,63,1241,63,,,,,1017,43,1017,43,1603,71,1603,71,698,38,698,38,,,,,,,,,,,,,,,,,,,,,,,,,,,,
48807,1027,65,1027,65,395,19,395,19,155,9,155,9,782,45,782,45,230,13,230,13,284,13,284,13,1107,69,1107,69,1789,113,1789,113,,,,,,,,,1714,96,1714,96,1173,67,1173,67,2389,161,2389,161,139,9,139,9
8183,1027,62,1027,62,670,29,670,29,669,32,669,32,349,15,349,15,956,37,956,37,1657,83,1657,83,1524,75,1524,75,243,11,243,11,748,45,748,45,461,24,461,24,741,35,741,35,2217,121,2217,121,,,,,,,,
3554,1027,146,1027,146,221,32,221,32,167,24,167,24,434,55,434,55,1555,190,1555,190,1265,159,1265,159,1107,132,1107,132,1529,176,1529,176,748,87,748,87,1317,162,1317,162,1087,123,1087,123,1423,162,1423,162,931,96,931,96,2480,284,2480,284
5005,1027,51,1027,51,1318,62,1318,62,822,37,822,37,1098,43,1098,43,262,18,262,18,1936,87,1936,87,240,14,240,14,994,41,994,41,893,38,893,38,270,14,270,14,1714,58,1714,58,1445,59,1445,59,1997,75,1997,75,2431,91,2431,91
14839,1027,156,1027,156,,,,,,,,,899,115,899,115,1608,231,1608,231,424,53,424,53,1173,146,1173,146,,,,,,,,,,,,,,,,,,,,,,,,,,,,
2198,1027,151,1027,151,,,,,,,,,825,57,825,57,262,21,262,21,303,23,303,23,1484,90,1484,90,779,48,779,48,1674,95,1674,95,609,36,609,36,1323,76,1323,76,962,69,962,69,2152,125,2152,125,1638,92,1638,92
28251,1027,65,1027,65,405,20,405,20,571,31,571,31,1349,76,1349,76,1175,88,1175,88,187,7,187,7,606,33,606,33,1170,76,1170,76,1126,73,1126,73,1500,98,1500,98,401,25,401,25,1674,103,1674,103,2427,163,2427,163,1706,135,1706,135
45118,1027,51,1027,51,978,52,978,52,275,8,275,8,1481,63,1481,63,809,43,809,43,1424,66,1424,66,,,,,,,,,,,,,,,,,,,,,,,,,,,,,,,,
38878,1027,146,1027,146,1132,160,1132,160,73,9,73,9,1744,157,1744,157,,,,,,,,,,,,,516,57,516,57,77,12,77,12,142,28,142,28,,,,,,,,,,,,,,,,
14299,1027,156,1027,156,,,,,284,45,284,45,1741,245,1741,245,457,72,457,72,194,29,194,29,1932,238,1932,238,516,66,516,66,,,,,,,,,856,116,856,116,2193,268,2193,268,1807,208,1807,208,216,28,216,28
7747,1027,156,1027,156,381,64,381,64,319,49,319,49,1451,199,1451,199,979,140,979,140,816,96,816,96,483,60,483,60,1351,170,1351,170,,,,,,,,,2263,274,2263,274,1810,218,1810,218,960,99,960,99,1966,232,1966,232
51994,1027,151,1027,151,1307,188,1307,188,404,61,404,61,795,100,795,100,1296,165,1296,165,284,48,284,48,94,11,94,11,866,125,866,125,,,,,,,,,1148,157,1148,157,597,75,597,75,830,110,830,110,2288,301,2288,301
47847,1027,151,1027,151,,,,,,,,,760,94,760,94,1796,240,1796,240,,,,,473,64,473,64,1351,194,1351,194,1070,170,1070,170,730,102,730,102,1169,160,1169,160,,,,,,,,,,,,
22735,1027,62,1027,62,1160,57,1160,57,852,41,852,41,511,21,511,21,1001,39,1001,39,1956,102,1956,102,1423,66,1423,66,1945,99,1945,99,,,,,,,,,,,,,384,22,384,22,2085,117,2085,117,2332,146,2332,146
1806,1027,52,1027,52,415,26,415,26,443,22,443,22,65,4,65,4,1642,89,1642,89,161,4,161,4,1842,102,1842,102,1705,84,1705,84,1700,82,1700,82,1592,84,1592,84,1392,83,1392,83,428,23,428,23,1270,77,1270,77,2508,130,2508,130
7315,1027,156,1027,156,1434,208,1434,208,,,,,,,,,306,44,306,44,173,26,173,26,879,105,879,105,2154,269,2154,269,,,,,,,,,1461,189,1461,189,1787,215,1787,215,1896,220,1896,220,2412,287,2412,287
16678,1027,156,1027,156,873,138,873,138,195,31,195,31,1126,149,1126,149,,,,,,,,,,,,,,,,,,,,,,,,,,,,,,,,,,,,,,,,
23556,1044,154,1044,154,341,46,341,46,319,50,319,50,1616,222,1616,222,156,19,156,19,1283,180,1283,180,1386,200,1386,200,1078,155,1078,155,187,31,187,31,189,19,189,19,1972,253,1972,253,1705,225,1705,225,830,110,830,110,1989,264,1989,264
8438,1044,148,1044,148,,,,,690,91,690,91,1597,197,1597,197,,,,,661,76,661,76,1245,152,1245,152,1975,230,1975,230,,,,,,,,,2102,258,2102,258,182,19,182,19,1943,214,1943,214,892,95,892,95
867,1044,61,1044,61,,,,,,,,,,,,,,,,,,,,,,,,,,,,,,,,,,,,,,,,,,,,,,,,,,,,
47820,1044,154,1044,154,,,,,,,,,497,64,497,64,90,8,90,8,672,101,672,101,729,104,729,104,756,107,756,107,,,,,,,,,,,,,,,,,,,,,,,,
44180,1044,154,1044,154,330,42,330,42,284,42,284,42,1240,174,1240,174,,,,,,,,,,,,,,,,,,,,,,,,,,,,,,,,,,,,,,,,
15176,1044,53,1044,53,978,52,978,52,,,,,,,,,,,,,,,,,,,,,,,,,,,,,,,,,,,,,,,,,,,,,,,,
30134,1044,81,1044,81,172,15,172,15,690,59,690,59,329,26,329,26,1827,137,1827,137,215,17,215,17,879,76,879,76,702,58,702,58,933,79,933,79,848,81,848,81,1113,87,1113,87,1279,86,1279,86,1055,85,1055,85,2132,140,2132,140
56798,1044,27,1044,27,1031,25,1031,25,976,31,976,31,990,76,990,76,692,59,692,59,1166,78,1166,78,1796,136,1796,136,287,23,287,23,1502,90,1502,90,1604,91,1604,91,590,35,590,35,241,14,241,14,907,50,907,50,764,41,764,41
16609,1052,161,1052,161,767,121,767,121,1359,204,1359,204,,,,,262,39,262,39,1669,219,1669,219,1343,164,1343,164,1993,249,1993,249,,,,,,,,,,,,,,,,,,,,,,,,
22039,1052,53,1052,53,1246,73,1246,73,901,51,901,51,398,23,398,23,505,28,505,28,1587,82,1587,82,463,29,463,29,1249,63,1249,63,47,3,47,3,425,27,425,27,514,34,514,34,2337,129,2337,129,1644,91,1644,91,1266,59,1266,59
4003,1052,149,1052,149,356,53,356,53,1039,137,1039,137,920,108,920,108,591,79,591,79,1004,129,1004,129,729,75,729,75,817,83,817,83,1587,197,1587,197,1270,155,1270,155,941,109,941,109,1563,184,1563,184,1514,161,1514,161,290,33,290,33
23750,1052,82,1052,82,,,,,,,,,,,,,,,,,,,,,,,,,,,,,,,,,,,,,,,,,,,,,,,,,,,,
19338,1052,19,1052,19,,,,,,,,,,,,,1119,62,1119,62,424,53,424,53,1786,230,1786,230,670,44,670,44,400,20,400,20,539,28,539,28,1323,76,1323,76,897,65,897,65,1002,77,1002,77,827,69,827,69
26289,1052,28,1052,28,281,31,281,31,1378,143,1378,143,528,47,528,47,1513,144,1513,144,182,8,182,8,1917,92,1917,92,628,27,628,27,971,62,971,62,551,35,551,35,352,17,352,17,2337,121,2337,121,1292,74,1292,74,684,32,684,32
26427,1052,102,1052,102,26,3,26,3,,,,,,,,,1311,128,1311,128,1921,198,1921,198,232,26,232,26,1805,184,1805,184,,,,,,,,,,,,,,,,,,,,,,,,
19847,1052,161,1052,161,514,85,514,85,995,136,995,136,215,29,215,29,1717,249,1717,249,1768,231,1768,231,899,107,899,107,1295,162,1295,162,349,44,349,44,1377,171,1377,171,666,87,666,87,444,57,444,57,1592,179,1592,179,928,110,928,110
39908,1052,82,1052,82,1254,98,1254,98,901,79,901,79,,,,,,,,,1863,135,1863,135,,,,,,,,,,,,,,,,,,,,,,,,,,,,,,,,
27027,1052,157,1052,157,395,56,395,56,1542,222,1542,222,289,38,289,38,1620,211,1620,211,1941,272,1941,272,1132,157,1132,157,11,1,11,1,,,,,,,,,,,,,,,,,,,,,,,,
3917,1052,82,1052,82,1254,98,1254,98,1270,105,1270,105,251,23,251,23,1851,141,1851,141,,,,,,,,,,,,,,,,,,,,,1698,134,1698,134,2093,156,2093,156,,,,,,,,
16242,1052,18,1052,18,1160,14,1160,14,213,4,213,4,1183,21,1183,21,1679,29,1679,29,173,2,173,2,934,13,934,13,1885,30,1885,30,703,11,703,11,1201,18,1201,18,,,,,,,,,,,,,,,,
17299,1064,85,1064,85,,,,,1103,94,1103,94,,,,,1800,133,1800,133,,,,,,,,,,,,,,,,,,,,,,,,,,,,,,,,,,,,
35373,1064,158,1064,158,431,61,431,61,917,130,917,130,73,9,73,9,1385,178,1385,178,959,135,959,135,1173,166,1173,166,717,98,717,98,1433,224,1433,224,1536,234,1536,234,2012,263,2012,263,597,75,597,75,1751,236,1751,236,871,110,871,110
13088,1064,67,1064,67,,,,,,,,,143,5,143,5,1740,112,1740,112,959,58,959,58,1484,92,1484,92,153,11,153,11,588,34,588,34,1167,73,1167,73,1918,113,1918,113,402,24,402,24,1390,80,1390,80,1670,97,1670,97
29676,1064,67,1064,67,12,3,12,3,137,7,137,7,1553,87,1553,87,920,63,920,63,1508,94,1508,94,1550,99,1550,99,640,44,640,44,458,25,458,25,609,36,609,36,590,39,590,39,2207,140,2207,140,746,55,746,55,1495,122,1495,122
17283,1064,49,1064,49,125,4,125,4,1378,70,1378,70,1126,44,1126,44,1608,70,1608,70,,,,,,,,,779,41,779,41,458,23,458,23,730,38,730,38,191,12,191,12,1858,93,1858,93,2207,126,2207,126,410,18,410,18
14533,1064,150,1064,150,,,,,,,,,,,,,425,55,425,55,1461,180,1461,180,824,95,824,95,1019,112,1019,112,,,,,,,,,,,,,1614,186,1614,186,,,,,,,,
28463,1064,163,1064,163,356,60,356,60,1091,157,1091,157,1219,166,1219,166,411,64,411,64,914,111,914,111,1462,182,1462,182,74,14,74,14,77,19,77,19,1292,158,1292,158,1815,222,1815,222,1705,202,1705,202,1644,186,1644,186,1518,179,1518,179
13757,1064,49,1064,49,1375,63,1375,63,,,,,1249,52,1249,52,1573,69,1573,69,1779,78,1779,78,1949,89,1949,89,,,,,,,,,,,,,1654,83,1654,83,,,,,,,,,,,,
1419,1072,86,1072,86,,,,,,,,,,,,,,,,,,,,,,,,,,,,,,,,,,,,,,,,,,,,,,,,,,,,
38149,1072,69,124,6,1208,85,1208,85,1120,162,1120,162,990,66,990,66,1679,110,1679,110,541,31,541,31,375,23,375,23,929,60,929,60,,,,,,,,,,,,,2030,125,2030,125,,,,,,,,
33906,1072,69,1072,69,,,,,,,,,1553,87,1553,87,1194,90,1194,90,,,,,1863,120,1863,120,1767,109,1767,109,,,,,1201,78,1201,78,,,,,2030,125,2030,125,1185,88,1185,88,1753,137,1753,137
39654,1072,86,1072,86,,,,,1178,101,1178,101,181,18,181,18,1238,92,1238,92,1904,140,1904,140,1260,98,1260,98,740,61,740,61,138,10,138,10,1524,143,1524,143,722,53,722,53,486,31,486,31,2262,173,2262,173,1827,113,1827,113
995,1072,69,1072,69,,,,,,,,,1729,97,1729,97,,,,,,,,,,,,,1975,122,1975,122,,,,,,,,,,,,,,,,,,,,,,,,
15591,1072,69,1072,69,,,,,963,60,963,60,94,4,94,4,283,19,283,19,772,44,772,44,1700,111,1700,111,311,18,311,18,1518,88,1518,88,317,17,317,17,1537,85,1537,85,731,46,731,46,1091,83,1091,83,283,16,283,16
11188,1072,151,1072,151,1193,165,1193,165,144,20,144,20,1518,185,1518,185,199,27,199,27,559,64,559,64,624,62,624,62,1657,197,1657,197,1641,177,1641,177,539,67,539,67,2198,232,2198,232,200,28,200,28,664,75,664,75,2169,226,2169,226
11990,50,7,50,7,,,,,33,6,33,6,39,8,39,8,29,3,29,3,,,,,,,,,,,,,,,,,,,,,56,11,56,11,42,5,42,5,79,11,79,11,59,9,59,9
9214,1072,151,1072,151,618,91,618,91,1241,166,1241,166,920,108,920,108,109,14,109,14,980,125,980,125,2056,262,2056,262,95,9,95,9,1629,202,1629,202,1260,153,1260,153,1461,172,1461,172,1614,186,1614,186,2177,244,2177,244,262,29,262,29
25263,1072,64,1072,64,381,16,381,16,1241,56,1241,56,1206,46,1206,46,591,22,591,22,1733,88,1733,88,,,,,1591,87,1591,87,893,53,893,53,691,34,691,34,337,17,337,17,2397,129,2397,129,1826,100,1826,100,,,,
51879,50,7,50,7,6,1,6,1,50,8,50,8,26,6,26,6,63,8,63,8,65,9,65,9,51,9,51,9,46,4,46,4,83,12,83,12,16,3,16,3,18,6,18,6,100,13,100,13,45,6,45,6,98,13,98,13
22145,1081,51,1081,51,,,,,,,,,1266,55,1266,55,,,,,,,,,,,,,,,,,,,,,,,,,,,,,,,,,,,,,,,,
11167,1081,103,1081,103,294,34,294,34,205,22,205,22,690,65,690,65,1074,105,1074,105,1193,125,1193,125,1917,185,1917,185,659,73,659,73,1368,146,1368,146,397,55,397,55,1267,137,1267,137,621,71,621,71,2314,234,2314,234,2069,217,2069,217
9138,1081,164,1081,164,826,132,826,132,213,32,213,32,690,89,690,89,1417,205,1417,205,1042,123,1042,123,864,102,864,102,1420,177,1420,177,893,104,893,104,944,114,944,114,1196,156,1196,156,1118,142,1118,142,1514,164,1514,164,2211,265,2211,265
59,1081,153,1081,153,642,96,642,96,1039,137,1039,137,1491,177,1491,177,692,89,692,89,434,48,434,48,1484,184,1484,184,1637,194,1637,194,1478,180,1478,180,1553,196,1553,196,,,,,,,,,1002,102,1002,102,1562,171,1562,171
19899,1081,103,1081,103,125,16,125,16,766,77,766,77,29,4,29,4,1869,178,1869,178,1396,148,1396,148,247,30,247,30,1459,165,1459,165,,,,,,,,,,,,,,,,,506,56,506,56,740,80,740,80
13662,1081,54,1081,54,,,,,,,,,,,,,1385,64,1385,64,559,28,559,28,473,22,473,22,2089,86,2089,86,1629,65,1629,65,,,,,2173,81,2173,81,501,18,501,18,2101,84,2101,84,2459,93,2459,93
31577,52,5,52,5,,,,,,,,,,,,,56,6,56,6,,,,,,,,,,,,,,,,,,,,,,,,,,,,,,,,,,,,
56769,1081,103,1081,103,1246,132,1246,132,,,,,,,,,,,,,,,,,,,,,,,,,,,,,,,,,,,,,,,,,,,,,,,,
44713,1081,164,1081,164,971,153,971,153,1016,142,1016,142,106,17,106,17,1858,260,1858,260,501,62,501,62,2035,252,2035,252,972,121,972,121,532,67,532,67,1644,198,1644,198,1113,150,1113,150,2217,270,2217,270,2303,279,2303,279,,,,
24343,1081,88,1081,88,811,87,811,87,309,31,309,31,706,68,706,68,1717,167,1717,167,31,6,31,6,2076,201,2076,201,51,12,51,12,703,107,703,107,1028,161,1028,161,900,133,900,133,1597,208,1597,208,1091,138,1091,138,164,26,164,26
18634,1090,89,1090,89,,,,,658,55,658,55,1417,106,1417,106,1350,100,1350,100,1622,115,1622,115,729,65,729,65,1899,143,1899,143,,,,,,,,,,,,,,,,,,,,,,,,
39371,1090,52,1090,52,29,1,29,1,743,31,743,31,221,9,221,9,505,23,505,23,1480,65,1480,65,56,4,56,4,1480,90,1480,90,669,20,669,20,897,30,897,30,451,26,451,26,985,71,985,71,1185,74,1185,74,1495,93,1495,93
37256,1090,154,1090,154,,,,,,,,,,,,,1434,174,1434,174,,,,,,,,,,,,,,,,,,,,,,,,,,,,,,,,,,,,
51112,1090,166,1090,166,548,91,548,91,1401,211,1401,211,563,77,563,77,,,,,,,,,1001,122,1001,122,128,21,128,21,1562,195,1562,195,1671,204,1671,204,1087,145,1087,145,486,64,486,64,1807,208,1807,208,684,83,684,83
2236,1090,106,1090,106,,,,,,,,,273,25,273,25,1868,177,1868,177,,,,,,,,,,,,,,,,,,,,,,,,,,,,,,,,,,,,
13335,1090,65,1090,65,395,18,395,18,722,36,722,36,38,2,38,2,1710,84,1710,84,173,11,173,11,1750,87,1750,87,1295,71,1295,71,243,13,243,13,704,35,704,35,1169,68,1169,68,1248,75,1248,75,1675,91,1675,91,2148,138,2148,138
20322,1090,159,1090,159,,,,,,,,,,,,,,,,,,,,,,,,,,,,,,,,,,,,,,,,,,,,,,,,,,,,
3359,1090,73,1090,73,840,49,840,49,354,19,354,19,,,,,,,,,,,,,,,,,,,,,,,,,,,,,,,,,,,,,,,,,,,,
2201,1090,52,1090,52,579,27,579,27,836,42,836,42,,,,,,,,,,,,,,,,,,,,,,,,,,,,,,,,,,,,,,,,,,,,
32148,1090,154,125,11,495,70,495,70,1120,150,1120,150,936,112,936,112,900,108,900,108,692,83,692,83,1596,199,1596,199,1019,112,1019,112,669,78,669,78,944,100,944,100,2262,274,2262,274,754,87,754,87,1675,181,1675,181,77,8,77,8
24107,1090,166,1090,166,,,,,,,,,1553,209,1553,209,442,71,442,71,1258,154,1258,154,558,77,558,77,1459,185,1459,185,999,112,999,112,1167,140,1167,140,462,66,462,66,1882,225,1882,225,1896,220,1896,220,2169,260,2169,260
9450,1101,54,1101,54,,,,,,,,,,,,,,,,,,,,,,,,,,,,,,,,,,,,,,,,,,,,,,,,,,,,
34447,1101,74,126,7,1299,89,1299,89,938,58,938,58,1266,70,1266,70,,,,,,,,,,,,,,,,,,,,,260,38,260,38,821,91,821,91,1641,164,1641,164,1363,143,1363,143,432,49,432,49
3266,1101,55,1101,55,,,,,,,,,1049,39,1049,39,659,34,659,34,1396,65,1396,65,653,30,653,30,1885,76,1885,76,1368,61,1368,61,510,19,510,19,555,10,555,10,1401,58,1401,58,907,37,907,37,1495,50,1495,50
45696,1101,90,81,8,715,55,98,8,,,,,,,,,,,,,,,,,,,,,,,,,99,5,99,5,771,71,771,71,207,13,207,13,897,58,897,58,2367,182,2367,182,,,,
17187,1101,90,1101,90,241,22,241,22,1541,125,1541,125,,,,,,,,,,,,,,,,,,,,,,,,,,,,,,,,,,,,,,,,,,,,
26797,1101,168,1101,168,,,,,,,,,,,,,,,,,,,,,,,,,,,,,,,,,,,,,,,,,,,,,,,,,,,,
10724,1101,107,1101,107,1160,122,1160,122,137,16,137,16,563,49,563,49,1296,125,1296,125,1166,123,1166,123,595,65,595,65,1678,168,1678,168,1412,152,1412,152,925,115,925,115,514,60,514,60,1533,157,1533,157,1326,137,1326,137,2048,213,2048,213
49413,1101,156,1101,156,231,35,231,35,539,74,539,74,1290,55,1290,55,591,27,591,27,398,15,398,15,1574,74,1574,74,1196,50,1196,50,145,8,145,8,510,19,510,19,1832,64,1832,64,2264,88,2264,88,1620,64,1620,64,143,17,143,17
4986,1101,55,1101,55,7,1,7,1,1324,57,1324,57,782,30,782,30,1417,67,1417,67,575,29,575,29,1423,68,1423,68,756,30,756,30,1603,64,1603,64,562,21,562,21,2033,73,2033,73,1614,64,1614,64,1115,46,1115,46,2521,97,2521,97
49072,1101,107,1101,107,1238,130,1238,130,,,,,,,,,,,,,959,95,959,95,1887,183,1887,183,,,,,,,,,944,117,944,117,1756,193,1756,193,,,,,985,109,985,109,2374,243,2374,243
35137,1101,168,81,17,,,,,638,98,98,25,1717,241,177,37,736,110,736,110,1265,157,1265,157,,,,,,,,,,,,,,,,,1063,142,1063,142,369,45,369,45,985,104,985,104,384,52,384,52
37499,1101,54,1101,54,826,41,826,41,1345,69,1345,69,364,14,364,14,1752,80,1752,80,117,7,117,7,1001,47,1001,47,1152,56,1152,56,,,,,,,,,,,,,,,,,2101,116,2101,116,323,14,323,14
38107,1113,170,1113,170,,,,,,,,,1049,106,1049,106,1132,142,1132,142,269,47,269,47,1932,276,1932,276,233,28,233,28,1252,197,1252,197,1317,204,1317,204,534,73,534,73,2323,313,2323,313,1207,153,1207,153,1495,202,1495,202
41994,1113,62,129,6,,,,,,,,,,,,,425,23,425,23,517,28,517,28,1059,67,1059,67,1100,71,1100,71,,,,,,,,,1906,111,1906,111,1353,99,1353,99,1896,116,1896,116,,,,
19801,1113,66,1113,66,,,,,,,,,,,,,,,,,,,,,,,,,,,,,,,,,,,,,1654,95,1654,95,1858,106,1858,106,,,,,1541,103,1541,103
22290,1113,55,1113,55,,,,,976,46,976,46,1338,59,1338,59,,,,,1791,81,1791,81,,,,,,,,,,,,,,,,,,,,,,,,,2039,112,2039,112,,,,
695,1113,170,1113,170,642,104,642,104,638,98,638,98,1382,187,1382,187,620,93,620,93,816,96,816,96,1842,230,1842,230,640,81,640,81,,,,,,,,,1583,199,1583,199,2140,259,2140,259,1207,128,1207,128,1094,134,1094,134
20287,1113,170,1113,170,531,86,531,86,,,,,,,,,,,,,,,,,,,,,,,,,,,,,,,,,,,,,,,,,,,,,,,,
27324,1113,170,1113,170,33,5,33,5,1076,153,1076,153,528,71,528,71,72,15,72,15,1976,256,1976,256,522,70,522,70,886,113,886,113,1562,195,1562,195,1149,137,1149,137,1196,156,1196,156,2045,246,2045,246,1558,173,1558,173,928,110,928,110
10567,1113,109,1113,109,657,70,657,70,1378,143,1378,143,706,68,706,68,1088,106,1088,106,1965,205,1965,205,1132,119,1132,119,131,20,131,20,626,71,626,71,870,110,870,110,1339,141,1339,141,912,98,912,98,2224,223,2224,223,,,,
15724,1113,109,1113,109,,,,,,,,,,,,,,,,,,,,,,,,,756,86,756,86,,,,,,,,,,,,,,,,,,,,,,,,
45733,1122,56,1122,56,,,,,1487,75,1487,75,,,,,,,,,,,,,,,,,,,,,,,,,,,,,,,,,,,,,,,,,,,,
28727,1122,56,1122,56,507,26,507,26,585,23,585,23,364,14,364,14,1608,70,1608,70,620,26,620,26,606,34,606,34,1836,89,1836,89,1478,68,1478,68,1105,56,1105,56,92,6,92,6,512,27,512,27,856,46,856,46,722,39,722,39
47993,1122,75,83,4,,,,,39,1,24,1,879,50,128,7,1660,108,1660,108,315,15,315,15,509,29,509,29,1480,97,1480,97,1070,69,1070,69,1471,95,1471,95,289,17,289,17,1118,64,1118,64,1896,134,1896,134,1638,131,1638,131
18793,1122,57,1122,57,,,,,144,5,144,5,1666,72,1666,72,36,4,36,4,530,24,530,24,2030,92,2030,92,397,18,397,18,588,29,588,29,169,9,169,9,1537,52,1537,52,1011,39,1011,39,2101,84,2101,84,1891,65,1891,65
5464,1122,63,1122,63,938,52,938,52,1076,66,1076,66,578,29,578,29,1594,83,1594,83,1004,63,1004,63,87,5,87,5,907,58,907,58,,,,,,,,,2095,126,2095,126,566,36,566,36,2125,129,2125,129,1913,117,1913,117
4513,1122,160,1122,160,840,126,840,126,886,126,886,126,,,,,,,,,1571,230,1571,230,915,130,915,130,628,85,628,85,495,77,495,77,673,91,673,91,1508,203,1508,203,1118,135,1118,135,,,,,,,,
2108,1122,75,1122,75,715,43,715,43,186,12,186,12,1538,86,1538,86,795,51,795,51,851,51,851,51,755,44,755,44,2089,129,2089,129,626,36,626,36,609,36,609,36,259,15,259,15,2001,120,2001,120,960,73,960,73,1420,115,1420,115
45930,1122,56,1122,56,767,37,767,37,319,13,319,13,990,40,990,40,1434,62,1434,62,1140,53,1140,53,1550,65,1550,65,1867,92,1867,92,,,,,,,,,,,,,,,,,,,,,,,,
29774,1122,157,1122,157,150,18,150,18,638,87,638,87,1219,145,1219,145,135,19,135,19,1904,232,1904,232,698,72,698,72,779,78,779,78,823,95,823,95,1617,205,1617,205,1113,126,1113,126,1096,130,1096,130,2207,250,2207,250,1039,115,1039,115
48130,1131,111,1131,111,,,,,,,,,,,,,864,81,864,81,980,98,980,98,1613,161,1613,161,866,96,866,96,458,51,458,51,1270,146,1270,146,514,60,514,60,1096,114,1096,114,1896,192,1896,192,1989,207,1989,207
20315,1131,58,1131,58,457,23,457,23,1241,55,1241,55,857,32,857,32,677,35,677,35,380,14,380,14,1812,83,1812,83,1122,47,1122,47,1660,68,1660,68,1219,44,1219,44,767,22,767,22,1279,52,1279,52,621,23,621,23,1137,37,1137,37
44388,1131,55,1131,55,186,13,186,13,505,27,505,27,48,2,48,2,1238,92,1238,92,851,57,851,57,217,13,217,13,1219,60,1219,60,,,,,,,,,1815,110,1815,110,1096,58,1096,58,1826,101,1826,101,,,,
15198,1131,158,1131,158,1270,178,1270,178,852,110,852,110,33,6,33,6,1470,177,1470,177,1480,182,1480,182,670,68,670,68,886,91,886,91,400,47,400,47,1387,172,1387,172,702,76,702,76,985,113,985,113,931,96,931,96,2501,286,2501,286
44533,53,10,53,10,,,,,,,,,,,,,9,3,9,3,73,9,73,9,5,2,5,2,76,14,76,14,,,,,,,,,,,,,,,,,,,,,,,,
1240,1131,19,1131,19,267,4,267,4,585,17,585,17,1423,25,1423,25,1119,21,1119,21,692,13,692,13,1842,27,1842,27,907,13,907,13,1252,19,1252,19,1105,14,1105,14,650,3,650,3,2045,31,2045,31,2187,37,2187,37,,,,
20204,1131,55,1131,55,1433,88,1433,88,,,,,,,,,256,14,256,14,1480,77,1480,77,1509,80,1509,80,,,,,,,,,,,,,1832,111,1832,111,,,,,,,,,,,,
16798,1131,161,1131,161,98,17,98,17,1496,213,1496,213,319,42,319,42,411,54,411,54,1265,177,1265,177,899,129,899,129,1919,268,1919,268,1311,205,1311,205,771,108,771,108,1227,167,1227,167,1774,232,1774,232,2314,298,2314,298,928,118,928,118
4965,53,10,53,10,2,2,2,2,65,17,65,17,6,2,6,2,60,19,60,19,,,,,,,,,,,,,,,,,,,,,,,,,,,,,,,,,,,,
18303,1138,162,1138,162,,,,,1566,97,1566,97,,,,,,,,,,,,,,,,,,,,,,,,,,,,,,,,,,,,,,,,,,,,
48334,1138,112,1138,112,482,52,482,52,36,7,36,7,1491,141,1491,141,,,,,,,,,,,,,,,,,,,,,,,,,,,,,,,,,,,,,,,,
22535,1138,159,1138,159,1155,161,1155,161,1241,166,1241,166,1423,167,1423,167,,,,,1357,168,1357,168,1107,132,1107,132,1249,138,1249,138,,,,,,,,,921,105,921,105,2093,261,2093,261,2066,226,2066,226,,,,
28895,1138,159,131,12,86,12,86,12,1103,68,1103,68,1163,59,1163,59,,,,,,,,,,,,,,,,,,,,,,,,,,,,,962,68,962,68,1055,63,1055,63,1266,76,1266,76
47350,1138,57,1138,57,605,41,605,41,571,33,571,33,1509,84,1509,84,1119,62,1119,62,940,43,940,43,1550,86,1550,86,179,7,179,7,282,14,282,14,717,39,717,39,,,,,,,,,1777,99,1777,99,2255,112,2255,112
52847,1138,174,84,18,86,15,36,8,1169,173,136,33,795,102,119,21,199,32,199,32,1298,161,1298,161,261,32,261,32,1044,134,1044,134,400,50,400,50,1305,159,1305,159,1087,145,1087,145,859,108,859,108,830,84,830,84,1364,164,1364,164
26580,1138,64,1138,64,249,14,249,14,1178,73,1178,73,648,34,648,34,53,1,53,1,1887,109,1887,109,356,20,356,20,224,17,224,17,748,23,748,23,1630,38,1630,38,605,35,605,35,754,48,754,48,2262,133,2262,133,1541,97,1541,97
43648,1138,174,39,9,,,,,,,,,,,,,,,,,66,12,66,12,261,32,261,32,756,98,756,98,227,30,227,30,643,76,643,76,1148,152,1148,152,288,34,288,34,806,82,806,82,2332,281,2332,281
9451,1138,57,1138,57,309,23,309,23,886,50,886,50,690,38,690,38,442,24,442,24,1811,90,1811,90,1509,80,1509,80,588,31,588,31,,,,,,,,,534,36,534,36,1882,107,1882,107,856,53,856,53,1615,74,1615,74
14456,1147,163,1147,163,63,8,63,8,938,133,938,133,936,125,936,125,,,,,,,,,1550,218,1550,218,89,5,89,5,,,,,,,,,2045,267,2045,267,798,95,798,95,1241,162,1241,162,,,,
7905,1147,65,1147,65,,,,,,,,,,,,,,,,,772,46,772,46,418,27,418,27,,,,,,,,,,,,,,,,,,,,,,,,,1383,86,1383,86
19686,1147,163,1147,163,684,101,684,101,404,61,404,61,1322,186,1322,186,177,25,177,25,1791,254,1791,254,653,88,653,88,462,66,462,66,1641,265,1641,265,198,21,198,21,2003,261,2003,261,1641,219,1641,219,596,84,596,84,2505,328,2505,328
52699,1147,163,1147,163,166,20,166,20,1453,205,1453,205,578,72,578,72,224,33,224,33,359,60,359,60,635,86,635,86,670,90,670,90,,,,,,,,,401,56,401,56,1956,256,1956,256,2085,272,2085,272,785,94,785,94
51419,1147,163,1147,163,,,,,,,,,,,,,,,,,,,,,,,,,1899,266,1899,266,,,,,,,,,,,,,,,,,,,,,,,,
35264,1147,176,86,20,,,,,,,,,1113,147,1113,147,,,,,,,,,509,66,509,66,1420,177,1420,177,1603,204,1603,204,,,,,,,,,,,,,,,,,27,5,27,5
27886,1153,66,1153,66,938,52,938,52,1464,90,1464,90,,,,,,,,,,,,,,,,,,,,,,,,,,,,,,,,,,,,,,,,,,,,
11784,1153,77,1153,77,642,96,642,96,1270,179,1270,179,760,94,760,94,159,20,159,20,980,138,980,138,915,130,915,130,2114,288,2114,288,,,,,,,,,1323,183,1323,183,,,,,,,,,,,,
28103,1153,113,1153,113,,,,,,,,,,,,,,,,,,,,,,,,,,,,,,,,,,,,,,,,,912,66,912,66,1055,63,1055,63,1989,125,1989,125
35150,1153,77,1153,77,,,,,1532,95,1532,95,,,,,,,,,,,,,,,,,,,,,,,,,,,,,,,,,,,,,,,,,,,,
43803,1153,59,1153,59,699,47,699,47,917,54,917,54,737,43,737,43,518,29,518,29,1298,65,1298,65,1550,86,1550,86,779,40,779,40,823,37,823,37,897,47,897,47,2111,125,2111,125,774,40,774,40,877,55,877,55,2148,104,2148,104
2165,1153,161,1153,161,132,14,132,14,430,61,430,61,387,49,387,49,795,100,795,100,1952,238,1952,238,1646,211,1646,211,,,,,,,,,,,,,,,,,,,,,,,,,,,,
5517,1159,92,1159,92,1193,93,1193,93,1153,99,1153,99,,,,,442,35,442,35,1216,82,1216,82,,,,,,,,,,,,,,,,,,,,,,,,,,,,,,,,
2946,1159,79,1159,79,563,31,563,31,822,51,822,51,760,42,760,42,1842,118,1842,118,,,,,1796,116,1796,116,1219,81,1219,81,349,21,349,21,964,62,964,62,389,23,389,23,2259,143,2259,143,1270,90,1270,90,347,23,347,23
13610,1159,167,1159,167,,,,,,,,,,,,,,,,,,,,,,,,,,,,,,,,,,,,,,,,,,,,,,,,,,,,
29800,1159,59,1159,59,657,37,657,37,917,42,917,42,221,8,221,8,126,10,126,10,1120,54,1120,54,1550,73,1550,73,817,33,817,33,1034,45,1034,45,1317,47,1317,47,485,9,485,9,1750,70,1750,70,1091,45,1091,45,2069,75,2069,75
28777,1159,177,1159,177,356,60,356,60,1222,183,1222,183,38,7,38,7,1088,158,1088,158,1140,138,1140,138,,,,,,,,,,,,,1648,199,1648,199,246,40,246,40,2030,245,2030,245,168,19,168,19,410,58,410,58
2786,1159,167,1159,167,563,76,563,76,669,100,669,100,412,55,412,55,956,124,956,124,1768,252,1768,252,879,126,879,126,1078,155,1078,155,349,52,349,52,461,53,461,53,650,90,650,90,2093,274,2093,274,1241,162,1241,162,1094,140,1094,140
14893,1165,93,1165,93,,,,,,,,,,,,,,,,,1461,105,1461,105,1081,84,1081,84,2156,170,2156,170,,,,,,,,,,,,,,,,,,,,,,,,
28948,1165,67,1165,67,431,20,431,20,515,25,515,25,1603,74,1603,74,821,30,821,30,980,48,980,48,775,39,775,39,,,,,,,,,,,,,,,,,,,,,,,,,,,,
14629,1165,93,1165,93,1013,81,1013,81,1345,109,1345,109,8,1,8,1,1273,94,1273,94,1945,142,1945,142,400,37,400,37,311,24,311,24,,,,,,,,,1113,87,1113,87,1445,102,1445,102,1390,116,1390,116,1913,123,1913,123
33095,1165,114,135,17,873,94,873,94,917,92,917,92,,,,,,,,,,,,,,,,,,,,,,,,,,,,,,,,,,,,,,,,,,,,
16783,1165,169,1165,169,309,37,309,37,485,73,485,73,1206,167,1206,167,755,97,755,97,1700,244,1700,244,,,,,,,,,187,31,187,31,77,6,77,6,2181,287,2181,287,2001,262,2001,262,423,57,423,57,1870,252,1870,252
18143,1165,93,1165,93,548,42,548,42,103,9,103,9,957,74,957,74,607,51,607,51,1140,74,1140,74,261,23,261,23,1738,132,1738,132,1282,108,1282,108,797,76,797,76,1247,100,1247,100,75,6,75,6,1826,140,1826,140,1966,128,1966,128
36112,1165,162,1165,162,356,53,356,53,354,48,354,48,825,98,825,98,1846,228,1846,228,743,94,743,94,1081,127,1081,127,1078,119,1078,119,,,,,,,,,1735,214,1735,214,1916,235,1916,235,,,,,2255,255,2255,255
4496,1172,80,1172,80,301,15,301,15,155,9,155,9,666,35,666,35,1119,80,1119,80,1337,85,1337,85,1629,108,1629,108,414,26,414,26,999,63,999,63,1335,90,1335,90,1815,105,1815,105,962,53,962,53,788,60,788,60,1638,131,1638,131
2327,55,4,55,4,,,,,37,1,37,1,6,1,6,1,19,1,19,1,77,2,77,2,51,2,51,2,67,1,67,1,36,2,36,2,41,6,41,6,58,6,58,6,64,9,64,9,59,6,59,6,104,8,104,8
30282,1172,170,136,21,203,23,59,7,1241,176,1241,176,251,33,251,33,1731,224,1731,224,620,90,620,90,864,123,864,123,611,82,611,82,349,52,349,52,1028,161,1028,161,856,124,856,124,1069,128,1069,128,,,,,,,,
14169,1172,68,1172,68,,,,,,,,,,,,,,,,,,,,,,,,,287,14,287,14,,,,,,,,,1858,108,1858,108,2109,115,2109,115,,,,,,,,
47858,1172,170,1172,170,447,63,447,63,1373,197,1373,197,215,29,215,29,755,97,755,97,1024,144,1024,144,915,130,915,130,2168,293,2168,293,158,27,158,27,1105,175,1105,175,271,37,271,37,2200,288,2200,288,83,8,83,8,1941,259,1941,259
16391,1172,60,1172,60,172,10,172,10,743,30,743,30,1338,56,1338,56,315,21,315,21,980,46,980,46,1306,62,1306,62,1576,63,1576,63,260,15,260,15,1478,55,1478,55,666,18,666,18,1224,51,1224,51,1826,70,1826,70,233,10,233,10
24706,1172,80,1172,80,241,12,241,12,556,28,556,28,374,18,374,18,1001,72,1001,72,959,58,959,58,326,19,326,19,2125,132,2125,132,173,7,173,7,1185,76,1185,76,650,42,650,42,2320,151,2320,151,596,48,596,48,1266,105,1266,105
2248,1172,163,1172,163,186,22,186,22,556,75,556,75,,,,,,,,,,,,,,,,,,,,,856,99,856,99,1541,193,1541,193,2214,267,2214,267,,,,,,,,,,,,
31851,1172,115,1172,115,873,94,873,94,249,27,249,27,825,79,825,79,1872,179,1872,179,66,11,66,11,1107,118,1107,118,273,36,273,36,933,94,933,94,1682,189,1682,189,1603,172,1603,172,1353,139,1353,139,1826,186,1826,186,2348,241,2348,241
35017,1180,82,1180,82,,,,,1197,76,1197,76,1695,94,1695,94,677,47,677,47,792,48,792,48,1700,111,1700,111,397,24,397,24,,,,,,,,,1439,78,1439,78,1931,116,1931,116,830,66,830,66,2097,158,2097,158
17400,1180,69,1180,69,,,,,,,,,,,,,,,,,,,,,,,,,,,,,,,,,,,,,,,,,,,,,,,,,,,,
43654,1180,178,1180,178,431,76,431,76,836,117,836,117,,,,,,,,,,,,,,,,,353,48,353,48,,,,,,,,,,,,,,,,,1997,231,1997,231,432,59,432,59
13102,1180,96,1180,96,249,23,249,23,430,39,430,39,936,71,936,71,979,79,979,79,1645,118,1645,118,522,47,522,47,1591,122,1591,122,145,13,145,13,1243,112,1243,112,1884,148,1884,148,2129,159,2129,159,1438,121,1438,121,1137,75,1137,75
16263,1180,82,1180,82,277,13,277,13,785,50,785,50,1451,79,1451,79,1385,98,1385,98,303,14,303,14,1279,79,1279,79,,,,,,,,,,,,,,,,,,,,,,,,,,,,
38808,1180,116,137,18,,,,,,,,,,,,,,,,,,,,,,,,,,,,,,,,,,,,,,,,,,,,,,,,,701,51,701,51
47346,1180,60,1180,60,19,1,19,1,1459,81,1459,81,200,12,200,12,795,43,795,43,959,44,959,44,368,21,368,21,1805,90,1805,90,565,24,565,24,230,14,230,14,1654,100,1654,100,774,40,774,40,1592,88,1592,88,1728,78,1728,78
28219,1180,20,1180,20,,,,,,,,,289,24,289,24,773,48,773,48,1721,89,1721,89,,,,,,,,,,,,,,,,,,,,,,,,,,,,,,,,
6178,1180,164,1180,164,754,103,754,103,690,91,690,91,1417,166,1417,166,156,23,156,23,1238,152,1238,152,,,,,,,,,,,,,,,,,,,,,1533,177,1533,177,223,30,223,30,1541,165,1541,165
36700,1180,164,1180,164,197,25,197,25,389,56,389,56,795,93,795,93,846,104,846,104,1238,152,1238,152,635,64,635,64,2058,242,2058,242,1070,120,1070,120,1387,172,1387,172,138,14,138,14,1858,223,1858,223,2177,244,2177,244,565,67,565,67
3601,1180,116,1180,116,507,56,507,56,299,30,299,30,1150,87,1150,87,821,77,821,77,1396,148,1396,148,1949,190,1949,190,,,,,,,,,,,,,,,,,,,,,,,,,,,,
10531,1180,164,1180,164,684,98,684,98,225,32,225,32,1014,120,1014,120,1564,153,1564,153,1283,134,1283,134,509,52,509,52,566,64,566,64,,,,,,,,,2033,217,2033,217,1141,120,1141,120,621,65,621,65,2374,243,2374,243
56504,1192,172,1192,172,5,1,5,1,1334,192,1334,192,1126,159,1126,159,1157,149,1157,149,914,129,914,129,1151,161,1151,161,841,120,841,120,1311,205,1311,205,673,91,673,91,666,96,666,96,1580,206,1580,206,1137,145,1137,145,2195,285,2195,285
22260,1192,167,1192,167,,,,,,,,,,,,,,,,,,,,,,,,,,,,,,,,,,,,,,,,,,,,,,,,,,,,
15948,1192,61,1192,61,447,21,447,21,319,11,319,11,1685,74,1685,74,755,40,755,40,434,17,434,17,1484,71,1484,71,2045,85,2045,85,,,,,,,,,2126,78,2126,78,300,10,300,10,1997,75,1997,75,2115,80,2115,80
55423,1192,97,1192,97,,,,,,,,,,,,,,,,,1283,88,1283,88,334,29,334,29,1553,117,1553,117,260,27,260,27,562,52,562,52,2003,157,2003,157,2030,147,2030,147,54,7,54,7,2431,172,2431,172
43613,1192,179,87,21,210,39,51,13,571,86,91,21,1423,195,164,33,1679,241,1679,241,,,,,,,,,,,,,,,,,,,,,,,,,,,,,,,,,,,,
2425,1192,84,1192,84,216,11,216,11,162,11,162,11,1491,83,1491,83,1368,97,1368,97,940,57,940,57,1462,91,1462,91,414,26,414,26,1104,71,1104,71,339,18,339,18,1623,90,1623,90,2016,123,2016,123,1558,109,1558,109,1039,83,1039,83
18670,1192,172,1192,172,670,99,670,99,235,34,235,34,1625,223,1625,223,442,58,442,58,1265,177,1265,177,1863,265,1863,265,1553,223,1553,223,,,,,,,,,,,,,,,,,,,,,,,,
14965,1192,97,1192,97,,,,,,,,,1068,83,1068,83,390,28,390,28,1669,120,1669,120,1279,101,1279,101,2026,161,2026,161,,,,,,,,,,,,,,,,,,,,,2364,164,2364,164
2073,1192,97,1192,97,356,34,356,34,1506,124,1506,124,175,16,175,16,1827,137,1827,137,,,,,,,,,,,,,,,,,,,,,,,,,,,,,,,,,,,,
2124,1192,167,1192,167,1208,170,1208,170,901,118,901,118,465,58,465,58,,,,,,,,,,,,,,,,,,,,,,,,,,,,,,,,,,,,,1670,182,1670,182
14182,1202,70,1202,70,,,,,,,,,,,,,,,,,,,,,,,,,,,,,,,,,,,,,,,,,,,,,,,,,,,,
4606,1202,180,1202,180,86,15,86,15,1359,204,1359,204,1616,218,1616,218,187,29,187,29,1396,179,1396,179,522,70,522,70,1044,134,1044,134,1621,207,1621,207,913,112,913,112,1169,153,1169,153,2345,287,2345,287,444,48,444,48,624,74,624,74
25897,1202,180,1202,180,,,,,,,,,465,59,465,59,647,98,647,98,1120,136,1120,136,1484,187,1484,187,,,,,,,,,,,,,,,,,962,121,962,121,931,94,931,94,,,,
13271,1202,85,1202,85,405,20,405,20,,,,,,,,,1573,88,1573,88,642,39,642,39,1401,85,1401,85,486,33,486,33,788,44,788,44,510,30,510,30,423,26,423,26,1858,120,1858,120,1943,116,1943,116,845,45,845,45
3216,1202,169,1202,169,330,48,330,48,886,40,886,40,615,23,615,23,1815,84,1815,84,1298,62,1298,62,1219,57,1219,57,1617,80,1617,80,1034,53,1034,53,1125,58,1125,58,1953,152,1953,152,820,100,820,100,1438,149,1438,149,,,,
21643,1202,174,1202,174,531,73,531,73,617,93,617,93,1518,212,1518,212,920,118,920,118,816,119,816,119,1719,241,1719,241,994,146,994,146,933,148,933,148,1682,259,1682,259,,,,,798,95,798,95,1984,264,1984,264,2069,271,2069,271
52693,1208,175,1208,175,,,,,404,61,404,61,1304,184,1304,184,821,108,821,108,709,103,709,103,800,117,800,117,1726,243,1726,243,304,47,304,47,746,104,746,104,1906,243,1906,243,1899,245,1899,245,1241,162,1241,162,1137,150,1137,150
41985,1209,118,139,19,514,57,85,15,,,,,,,,,,,,,,,,,,,,,,,,,,,,,,,,,,,,,,,,,,,,,,,,
7240,1209,86,1209,86,548,29,548,29,1241,77,1241,77,1098,61,1098,61,,,,,772,44,772,44,1173,71,1173,71,1196,79,1196,79,,,,,,,,,,,,,,,,,,,,,,,,
15648,1209,176,1209,176,,,,,556,85,556,85,1349,190,1349,190,43,4,43,4,1265,177,1265,177,962,139,962,139,1044,151,1044,151,400,63,400,63,848,120,848,120,1972,253,1972,253,1313,168,1313,168,1675,221,1675,221,98,14,98,14
21746,1209,86,1209,86,371,18,371,18,901,56,901,56,760,42,760,42,1747,113,1747,113,194,8,194,8,432,25,432,25,2010,125,2010,125,458,25,458,25,925,60,925,60,496,31,496,31,962,53,962,53,2234,153,2234,153,1450,117,1450,117
39073,56,14,56,14,26,11,26,11,49,12,49,12,60,16,60,16,54,17,54,17,,,,,,,,,,,,,,,,,,,,,,,,,,,,,,,,,,,,
38665,1209,118,139,19,,,,,225,25,225,25,1469,140,1469,140,591,49,591,49,1791,191,1791,191,624,69,624,69,499,56,499,56,,,,,,,,,941,103,941,103,636,73,636,73,506,59,506,59,1913,196,1913,196
18457,1209,86,1209,86,840,49,840,49,869,54,869,54,1491,83,1491,83,,,,,901,54,901,54,432,25,432,25,611,42,611,42,703,44,703,44,1680,107,1680,107,232,13,232,13,2001,120,2001,120,558,45,558,45,,,,
35735,1209,170,1209,170,1075,141,1075,141,,,,,635,78,635,78,94,10,94,10,228,20,228,20,653,66,653,66,1851,213,1851,213,,,,,,,,,1049,120,1049,120,1423,162,1423,162,1055,111,1055,111,490,56,490,56
14241,1216,59,1216,59,415,22,415,22,1054,52,1054,52,1451,67,1451,67,,,,,,,,,1663,73,1663,73,866,45,866,45,788,39,788,39,870,46,870,46,2181,111,2181,111,,,,,,,,,,,,
45683,1216,59,1216,59,,,,,,,,,,,,,,,,,,,,,,,,,,,,,,,,,,,,,,,,,,,,,,,,,,,,
34478,1216,21,141,8,330,7,69,6,705,16,705,16,825,57,825,57,479,32,479,32,,,,,,,,,,,,,,,,,,,,,,,,,62,8,62,8,266,14,266,14,1541,86,1541,86
22532,1216,171,1216,171,1312,182,1312,182,638,87,638,87,1322,157,1322,157,332,44,332,44,729,89,729,89,1019,122,1019,122,1019,112,1019,112,1412,174,1412,174,824,89,824,89,1537,183,1537,183,2129,264,2129,264,664,73,664,73,2470,282,2470,282
13534,1216,67,1216,67,627,34,627,34,822,56,822,56,1744,95,1744,95,,,,,914,58,914,58,1686,98,1686,98,686,42,686,42,,,,,,,,,2095,126,2095,126,230,14,230,14,1965,119,1965,119,590,46,590,46
29462,1216,61,1216,61,140,10,140,10,1039,60,1039,60,150,9,150,9,168,8,168,8,1710,89,1710,89,864,54,864,54,287,11,287,11,1621,77,1621,77,771,41,771,41,2061,122,2061,122,529,27,529,27,,,,,,,,
44303,57,9,57,9,,,,,58,10,58,10,,,,,,,,,,,,,,,,,,,,,,,,,,,,,,,,,,,,,,,,,,,,
8942,1216,182,1216,182,853,136,853,136,1039,144,1039,144,398,48,398,48,1254,183,1254,183,434,56,434,56,1401,171,1401,171,1019,132,1019,132,,,,,,,,,1935,238,1935,238,798,96,798,96,931,94,931,94,2557,303,2557,303
18777,1216,171,1216,171,1098,145,1098,145,995,131,995,131,339,33,339,33,1483,141,1483,141,1863,194,1863,194,,,,,1044,105,1044,105,1587,171,1587,171,,,,,2061,221,2061,221,1173,125,1173,125,613,64,613,64,590,68,590,68
44728,1216,182,1216,182,150,28,150,28,1120,162,1120,162,1163,152,1163,152,216,34,216,34,1441,186,1441,186,1202,148,1202,148,1044,134,1044,134,,,,,,,,,,,,,,,,,,,,,,,,
12702,1216,182,1216,182,1437,209,1437,209,,,,,,,,,518,81,518,81,1068,127,1068,127,1260,153,1260,153,2128,268,2128,268,,,,,,,,,666,87,666,87,102,12,102,12,1539,170,1539,170,827,95,827,95
46489,1216,120,1216,120,447,49,447,49,669,65,669,65,1126,114,1126,114,755,68,755,68,1733,185,1733,185,463,47,463,47,243,32,243,32,1034,111,1034,111,1405,156,1405,156,683,79,683,79,2328,229,2328,229,1163,126,1163,126,453,51,453,51
45849,1216,120,141,21,179,23,54,8,1178,120,1178,120,,,,,,,,,,,,,,,,,,,,,,,,,287,41,287,41,1714,188,1714,188,2045,202,2045,202,705,80,705,80,1137,121,1137,121
1640,1228,68,1228,68,,,,,485,36,485,36,434,21,434,21,1001,53,1001,53,709,42,709,42,844,48,844,48,1867,114,1867,114,,,,,,,,,797,45,797,45,1445,103,1445,103,1292,82,1292,82,1160,73,1160,73
35564,1228,185,88,22,,,,,,,,,,,,,1368,134,1368,134,323,42,323,42,1719,214,1719,214,471,60,471,60,59,14,59,14,1440,176,1440,176,2024,250,2024,250,2109,253,2109,253,1943,225,1943,225,,,,
16040,1228,62,1228,62,267,20,267,20,901,51,901,51,857,49,857,49,216,9,216,9,1669,86,1669,86,606,36,606,36,516,28,516,28,1198,59,1198,59,1387,68,1387,68,838,50,838,50,1333,75,1333,75,725,42,725,42,1328,63,1328,63
25250,1228,100,1228,100,627,48,627,48,705,60,705,60,690,55,690,55,580,48,580,48,284,22,284,22,170,15,170,15,2152,169,2152,169,,,,,,,,,,,,,754,47,754,47,763,61,763,61,,,,
13593,1228,185,1228,185,,,,,389,57,389,57,339,43,339,43,1311,191,1311,191,1396,179,1396,179,899,107,899,107,373,51,373,51,532,67,532,67,643,76,643,76,1169,153,1169,153,1224,155,1224,155,960,99,960,99,1518,179,1518,179
19100,1233,122,1233,122,,,,,1401,148,1401,148,,,,,864,81,864,81,1760,187,1760,187,,,,,,,,,,,,,1696,190,1696,190,,,,,,,,,,,,,,,,
30771,1233,122,1233,122,579,86,579,86,354,48,354,48,108,17,108,17,534,69,534,69,1523,191,1523,191,978,115,978,115,740,72,740,72,1166,134,1166,134,964,104,964,104,1461,172,1461,172,428,51,428,51,114,15,114,15,1473,156,1473,156
11833,1233,173,1233,173,1160,163,1160,163,836,106,836,106,85,5,85,5,425,23,425,23,1921,100,1921,100,1038,63,1038,63,1219,60,1219,60,893,42,893,42,1387,68,1387,68,,,,,,,,,1055,63,1055,63,1849,89,1849,89
33108,1233,177,144,22,563,76,563,76,100,19,100,19,528,68,528,68,,,,,,,,,,,,,,,,,,,,,,,,,,,,,,,,,,,,,,,,
625,1233,187,1233,187,,,,,,,,,,,,,,,,,,,,,,,,,,,,,,,,,,,,,,,,,,,,,,,,,,,,
46405,1233,101,1233,101,309,30,309,30,669,57,669,57,1451,107,1451,107,1740,128,1740,128,380,31,380,31,1646,126,1646,126,640,54,640,54,1126,95,1126,95,409,33,409,33,1623,127,1623,127,1476,104,1476,104,1807,138,1807,138,475,33,475,33
47845,1233,177,144,22,783,119,783,119,377,57,377,57,273,35,273,35,168,24,168,24,1480,214,1480,214,1646,206,1646,206,60,4,60,4,1070,170,1070,170,409,46,409,46,650,90,650,90,2286,309,2286,309,664,90,664,90,2048,269,2048,269
48831,1233,61,1233,61,260,12,260,12,57,4,57,4,1590,72,1590,72,1017,43,1017,43,1603,71,1603,71,1900,86,1900,86,1122,55,1122,55,1034,53,1034,53,643,35,643,35,207,14,207,14,2179,105,2179,105,213,7,213,7,2242,116,2242,116
20280,1233,63,1233,63,,,,,417,64,417,64,1304,184,1304,184,159,20,159,20,284,48,284,48,1524,214,1524,214,1779,251,1779,251,1692,268,1692,268,493,60,493,60,1417,192,1417,192,1563,200,1563,200,1137,48,1137,48,1420,46,1420,46
33269,1233,61,1233,61,,,,,1153,57,1153,57,1756,84,1756,84,,,,,,,,,,,,,,,,,,,,,,,,,,,,,,,,,,,,,,,,
38253,1233,173,1233,173,,,,,,,,,497,62,497,62,1001,120,1001,120,1441,156,1441,156,1173,146,1173,146,1219,134,1219,134,,,,,,,,,,,,,,,,,,,,,,,,
17718,1244,64,1244,64,186,13,186,13,1520,89,1520,89,990,59,990,59,151,6,151,6,1441,75,1441,75,204,11,204,11,2174,117,2174,117,458,19,458,19,204,13,204,13,2152,127,2152,127,715,36,715,36,1002,60,1002,60,1753,82,1753,82
45817,1244,124,1244,124,992,108,992,108,205,22,205,22,,,,,,,,,83,13,83,13,1949,190,1949,190,1044,105,1044,105,,,,,,,,,,,,,,,,,,,,,,,,
16344,1244,188,1244,188,,,,,397,60,397,60,483,62,483,62,72,15,72,15,1265,157,1265,157,483,60,483,60,516,66,516,66,330,42,330,42,1699,209,1699,209,1019,135,1019,135,320,38,320,38,1421,146,1421,146,1562,182,1562,182
43937,1247,20,1247,20,1160,14,1160,14,,,,,,,,,1111,20,1111,20,772,17,772,17,1484,21,1484,21,,,,,,,,,,,,,,,,,,,,,,,,,,,,
46226,1247,102,146,11,23,3,15,3,1471,119,1471,119,1322,100,1322,100,479,41,479,41,61,6,61,6,2071,162,2071,162,439,37,439,37,495,53,495,53,841,80,841,80,1247,100,1247,100,140,11,140,11,2066,158,2066,158,2348,162,2348,162
24476,1249,71,1249,71,42,3,42,3,603,27,603,27,615,26,615,26,1401,63,1401,63,,,,,,,,,,,,,,,,,,,,,,,,,,,,,,,,,,,,
38506,1249,179,1249,179,44,6,44,6,1132,161,1132,161,136,16,136,16,1017,130,1017,130,315,53,315,53,1926,275,1926,275,320,46,320,46,999,161,999,161,1017,157,1017,157,767,110,767,110,461,55,461,55,1984,264,1984,264,892,115,892,115
18765,1249,65,1249,65,457,29,457,29,417,21,417,21,1469,82,1469,82,715,40,715,40,1632,85,1632,85,635,39,635,39,,,,,,,,,,,,,,,,,,,,,,,,,,,,
7939,1249,89,1249,89,,,,,1512,90,1512,90,,,,,,,,,1100,71,1100,71,1367,85,1367,85,640,44,640,44,304,15,304,15,1284,85,1284,85,,,,,,,,,,,,,,,,
30495,1249,175,1249,175,,,,,,,,,1382,162,1382,162,,,,,692,83,692,83,1984,253,1984,253,,,,,1282,153,1282,153,,,,,,,,,580,65,580,65,1539,159,1539,159,1585,174,1585,174
16837,1249,179,1249,179,,,,,539,82,539,82,1491,209,1491,209,,,,,,,,,,,,,1767,250,1767,250,,,,,,,,,,,,,,,,,,,,,,,,
4571,58,6,58,6,40,3,40,3,22,5,22,5,63,7,63,7,45,5,45,5,22,4,22,4,,,,,,,,,,,,,,,,,,,,,,,,,,,,,,,,
22104,1255,181,1255,181,715,107,715,107,658,96,658,96,604,74,604,74,1175,153,1175,153,1480,214,1480,214,1462,209,1462,209,185,24,185,24,436,68,436,68,870,125,870,125,1267,175,1267,175,288,38,288,38,1592,207,1592,207,2386,317,2386,317
4981,1255,62,1255,62,267,14,267,14,417,16,417,16,1398,58,1398,58,1157,51,1157,51,606,30,606,30,204,12,204,12,2010,82,2010,82,,,,,,,,,1815,63,1815,63,1931,80,1931,80,,,,,,,,
48070,1255,66,1255,66,281,22,281,22,,,,,,,,,,,,,,,,,,,,,,,,,,,,,,,,,,,,,,,,,,,,,,,,
8298,1255,189,1255,189,241,43,241,43,1542,225,1542,225,221,30,221,30,479,76,479,76,,,,,,,,,,,,,,,,,,,,,,,,,,,,,,,,,,,,
11121,1255,72,1255,72,,,,,,,,,,,,,,,,,,,,,1956,94,1956,94,,,,,,,,,,,,,,,,,,,,,,,,,,,,
38818,1255,62,89,5,627,34,93,7,82,1,38,1,,,,,,,,,1688,78,1688,78,,,,,,,,,,,,,,,,,,,,,,,,,,,,,,,,
3938,1255,72,1255,72,,,,,,,,,,,,,,,,,,,,,,,,,,,,,,,,,,,,,,,,,,,,,,,,,,,,
38551,1262,63,90,6,341,17,58,3,1054,52,124,6,591,29,101,4,211,10,211,10,816,38,816,38,1260,55,1260,55,1657,83,1657,83,,,,,,,,,1603,82,1603,82,,,,,,,,,,,,
31560,1262,190,1262,190,61,12,61,12,472,70,472,70,497,67,497,67,1157,171,1157,171,588,69,588,69,595,82,595,82,1272,157,1272,157,1478,184,1478,184,1664,203,1664,203,797,107,797,107,2152,263,2152,263,276,32,276,32,1753,205,1753,205
5955,1262,190,1262,190,1246,87,1246,87,,,,,,,,,,,,,,,,,,,,,,,,,,,,,,,,,360,54,360,54,715,88,715,88,960,99,960,99,892,104,892,104
7517,1265,125,1265,125,395,46,395,46,404,39,404,39,1398,133,1398,133,631,53,631,53,1523,165,1523,165,1700,168,1700,168,,,,,,,,,,,,,683,79,683,79,1641,164,1641,164,1931,198,1931,198,1849,189,1849,189
29026,1265,64,1265,64,,,,,,,,,,,,,,,,,,,,,,,,,,,,,,,,,,,,,,,,,,,,,,,,,,,,
41873,1265,74,1265,74,1075,52,1075,52,,,,,,,,,,,,,,,,,,,,,,,,,,,,,,,,,,,,,,,,,,,,,,,,
34561,1265,192,1265,192,715,113,715,113,669,102,669,102,1423,195,1423,195,83,18,83,18,1800,236,1800,236,1856,231,1856,231,740,96,740,96,1223,145,1223,145,1536,185,1536,185,856,116,856,116,2075,251,2075,251,664,67,664,67,1420,172,1420,172
19220,1269,176,1269,176,,,,,,,,,,,,,,,,,,,,,,,,,,,,,,,,,,,,,,,,,,,,,,,,,,,,
15705,1270,65,1270,65,938,45,938,45,1270,64,1270,64,591,29,591,29,,,,,,,,,1613,69,1613,69,1170,58,1170,58,,,,,,,,,1113,54,1113,54,1931,96,1931,96,1115,66,1115,66,1301,72,1301,72
31402,1271,90,1271,90,,,,,,,,,,,,,,,,,,,,,,,,,,,,,,,,,,,,,,,,,,,,,,,,,,,,
41787,1271,21,1271,21,,,,,167,2,167,2,857,13,857,13,479,9,479,9,709,15,709,15,934,13,934,13,640,10,640,10,1368,21,1368,21,1167,16,1167,16,1063,7,1063,7,928,16,928,16,1592,30,1592,30,2242,36,2242,36
3927,1271,75,1271,75,405,19,405,19,1153,52,1153,52,1423,64,1423,64,,,,,,,,,,,,,,,,,,,,,,,,,,,,,,,,,,,,,,,,
571,1271,29,1271,29,531,14,531,14,1305,41,1305,41,120,12,120,12,256,10,256,10,1587,78,1587,78,1401,67,1401,67,1459,67,1459,67,788,48,788,48,1230,67,1230,67,158,7,158,7,1401,68,1401,68,423,24,423,24,,,,
3000,1271,90,1271,90,,,,,,,,,,,,,1449,102,1449,102,,,,,1173,71,1173,71,588,39,588,39,999,63,999,63,381,22,381,22,1906,111,1906,111,1597,98,1597,98,1326,92,1326,92,1025,79,1025,79
15661,1276,182,1276,182,840,126,840,126,,,,,795,100,795,100,1254,160,1254,160,620,90,620,90,670,92,670,92,866,125,866,125,99,16,99,16,1626,249,1626,249,1800,232,1800,232,1750,230,1750,230,124,13,124,13,1562,212,1562,212
41833,1276,182,1276,182,1013,149,1013,149,539,82,539,82,1659,227,1659,227,1066,155,1066,155,851,101,851,101,,,,,,,,,,,,,,,,,,,,,,,,,,,,,,,,
14694,1276,30,1276,30,415,9,415,9,539,51,539,51,690,33,690,33,,,,,,,,,,,,,,,,,,,,,,,,,,,,,,,,,,,,,,,,
48950,1279,69,1279,69,,,,,722,51,722,51,706,41,706,41,,,,,,,,,,,,,,,,,,,,,,,,,416,21,416,21,877,64,877,64,1115,69,1115,69,2255,136,2255,136
3226,1279,193,1279,193,,,,,,,,,,,,,,,,,,,,,,,,,,,,,,,,,,,,,,,,,,,,,,,,,,,,
14595,1279,184,1279,184,,,,,,,,,,,,,,,,,,,,,,,,,,,,,,,,,,,,,,,,,,,,,,,,,,,,
45983,1279,76,1279,76,294,11,294,11,430,20,430,20,1676,79,1676,79,518,18,518,18,743,43,743,43,1343,62,1343,62,1553,82,1553,82,933,55,933,55,208,8,208,8,389,20,389,20,2109,115,2109,115,705,48,705,48,2332,146,2332,146
48746,1279,69,1279,69,,,,,,,,,,,,,,,,,,,,,1550,89,1550,89,1196,79,1196,79,,,,,,,,,2173,132,2173,132,,,,,,,,,,,,
10494,1279,177,1279,177,98,8,98,8,1414,197,1414,197,920,108,920,108,956,114,956,114,346,39,346,39,1984,253,1984,253,153,15,153,15,748,87,748,87,1353,169,1353,169,1148,136,1148,136,843,96,843,96,62,7,62,7,2554,291,2554,291
25623,1285,64,1285,64,590,32,590,32,472,22,472,22,412,20,412,20,1238,54,1238,54,867,41,867,41,844,37,844,37,797,32,797,32,971,43,971,43,155,7,155,7,1247,44,1247,44,472,16,472,16,558,19,558,19,,,,
45828,1285,178,91,5,,,,,,,,,,,,,,,,,606,70,606,70,69,5,69,5,841,93,841,93,,,,,,,,,473,55,473,55,1118,116,1118,116,907,101,907,101,262,30,262,30
16598,1285,67,1285,67,,,,,,,,,,,,,1573,85,1573,85,,,,,,,,,,,,,,,,,,,,,,,,,,,,,,,,,,,,
55451,1285,67,1285,67,670,45,670,45,213,11,213,11,374,21,374,21,1513,81,1513,81,1193,59,1193,59,1524,84,1524,84,,,,,,,,,493,30,493,30,1367,79,1367,79,1882,107,1882,107,,,,,,,,
11231,1285,103,1285,103,,,,,,,,,139,14,139,14,821,63,821,63,1441,104,1441,104,2047,158,2047,158,121,10,121,10,1311,111,1311,111,1087,95,1087,95,2306,174,2306,174,,,,,1438,121,1438,121,425,30,425,30
9215,1290,179,1290,179,739,101,739,101,235,33,235,33,200,31,200,31,1827,226,1827,226,1587,198,1587,198,281,26,281,26,841,87,841,87,856,99,856,99,1571,200,1571,200,1113,126,1113,126,311,37,311,37,2125,236,2125,236,,,,
33394,1290,194,1290,194,166,32,166,32,963,132,963,132,267,35,267,35,1449,211,1449,211,1895,247,1895,247,1019,125,1019,125,,,,,,,,,,,,,416,61,416,61,859,108,859,108,1620,183,1620,183,2187,264,2187,264
21930,1290,66,1290,66,811,40,811,40,822,39,822,39,578,28,578,28,580,27,580,27,838,39,838,39,1856,84,1856,84,539,27,539,27,243,10,243,10,1623,76,1623,76,1537,77,1537,77,2179,105,2179,105,1055,64,1055,64,2069,106,2069,106
4927,1290,69,1290,69,840,52,840,52,1453,80,1453,80,329,18,329,18,1254,68,1254,68,,,,,,,,,,,,,,,,,,,,,,,,,,,,,,,,,,,,
10452,1290,185,1290,185,431,61,431,61,333,51,333,51,1546,216,1546,216,272,39,272,39,588,85,588,85,1842,261,1842,261,817,118,817,118,1478,235,1478,235,1630,250,1630,250,389,55,389,55,1118,135,1118,135,2187,286,2187,286,1473,198,1473,198
39490,59,15,59,15,56,18,56,18,,,,,,,,,,,,,,,,,,,,,,,,,,,,,,,,,,,,,,,,,,,,,,,,
6109,1295,67,1295,67,,,,,,,,,,,,,,,,,,,,,,,,,,,,,,,,,,,,,,,,,,,,,,,,,,,,
2127,1295,180,1295,180,133,15,133,15,524,71,524,71,578,74,578,74,1311,159,1311,159,1657,205,1657,205,915,109,915,109,39,4,39,4,1126,127,1126,127,1317,162,1317,162,1756,218,1756,218,175,18,175,18,1002,102,1002,102,2332,266,2332,266
18075,1295,70,1295,70,110,5,110,5,213,11,213,11,1528,86,1528,86,715,40,715,40,434,20,434,20,1646,91,1646,91,2162,116,2162,116,1636,78,1636,78,183,11,183,11,1087,61,1087,61,928,45,928,45,2367,130,2367,130,229,8,229,8
37721,1295,77,150,5,57,5,30,1,,,,,,,,,,,,,,,,,,,,,,,,,,,,,,,,,,,,,,,,,,,,,177,14,177,14
16733,1299,104,1299,104,,,,,,,,,737,57,737,57,1800,133,1800,133,,,,,,,,,,,,,1394,126,1394,126,,,,,741,55,741,55,2152,160,2152,160,,,,,2097,137,2097,137
4098,1299,186,1299,186,1142,166,1142,166,459,70,459,70,1423,198,1423,198,755,97,755,97,434,72,434,72,1462,209,1462,209,1249,177,1249,177,,,,,,,,,1113,155,1113,155,2331,315,2331,315,495,64,495,64,1301,167,1301,167
15153,1301,71,1301,71,,,,,,,,,,,,,,,,,,,,,,,,,,,,,,,,,,,,,,,,,,,,,,,,,,,,
3559,1301,181,1301,181,618,91,618,91,917,121,917,121,,,,,,,,,,,,,,,,,,,,,,,,,,,,,,,,,,,,,,,,,,,,
11309,1301,126,1301,126,826,89,826,89,68,11,68,11,857,83,857,83,75,7,75,7,1961,204,1961,204,653,74,653,74,740,82,740,82,532,60,532,60,964,120,964,120,237,30,237,30,230,33,230,33,1558,165,1558,165,1966,218,1966,218
9266,1304,65,1304,65,,,,,,,,,,,,,,,,,,,,,,,,,1819,73,1819,73,788,33,788,33,,,,,,,,,,,,,,,,,,,,
25153,1304,195,1304,195,114,22,114,22,976,134,976,134,1163,152,1163,152,620,93,620,93,1645,215,1645,215,1279,154,1279,154,243,35,243,35,1394,168,1394,168,425,58,425,58,1299,168,1299,168,209,26,209,26,2085,249,2085,249,2288,273,2288,273
12613,1304,71,1304,71,,,,,275,25,275,25,1625,87,1625,87,821,47,821,47,157,9,157,9,1107,69,1107,69,2019,124,2019,124,,,,,,,,,168,13,168,13,131,7,131,7,481,32,481,32,2480,154,2480,154
1203,1307,105,1307,105,457,39,457,39,377,36,377,36,1760,133,1760,133,100,8,100,8,,,,,,,,,,,,,,,,,,,,,,,,,,,,,,,,,,,,
42025,1307,92,1307,92,548,29,548,29,417,22,417,22,737,40,737,40,1525,105,1525,105,1710,103,1710,103,343,21,343,21,756,48,756,48,748,46,748,46,643,41,643,41,621,40,621,40,1641,101,1641,101,1055,80,1055,80,410,28,410,28
44702,1307,196,151,32,,,,,243,36,243,36,1469,201,1469,201,692,108,692,108,1971,255,1971,255,,,,,,,,,,,,,,,,,,,,,,,,,,,,,,,,
3364,1310,93,1310,93,938,59,938,59,,,,,,,,,,,,,,,,,,,,,,,,,,,,,,,,,,,,,,,,,,,,,,,,
2711,1310,182,1310,182,,,,,,,,,,,,,1194,143,1194,143,1283,162,1283,162,1887,241,1887,241,,,,,1344,166,1344,166,,,,,,,,,,,,,,,,,,,,
53513,1312,94,1312,94,,,,,,,,,,,,,168,9,168,9,1140,75,1140,75,1038,61,1038,61,1219,81,1219,81,971,59,971,59,1028,65,1028,65,1417,75,1417,75,2314,149,2314,149,,,,,,,,
19944,1312,183,1312,183,157,19,157,19,869,112,869,112,990,117,990,117,1564,193,1564,193,672,78,672,78,103,9,103,9,1295,144,1295,144,1282,153,1282,153,461,51,461,51,1858,230,1858,230,1787,211,1787,211,2349,270,2349,270,1025,112,1025,112
11853,1312,197,1312,197,1064,171,1064,171,938,130,938,130,528,71,528,71,1273,186,1273,186,1806,237,1806,237,,,,,,,,,,,,,,,,,,,,,,,,,,,,,,,,
8557,1312,183,1312,183,563,85,563,85,1558,215,1558,215,82,14,82,14,1824,225,1824,225,541,63,541,63,1343,163,1343,163,311,29,311,29,1412,174,1412,174,785,83,785,83,1113,126,1113,126,1279,145,1279,145,1896,206,1896,206,981,106,981,106
15801,1312,106,1312,106,,,,,1256,104,1256,104,,,,,631,53,631,53,1523,108,1523,108,1306,103,1306,103,,,,,,,,,,,,,,,,,,,,,,,,,,,,
45262,1317,66,1317,66,1098,55,1098,55,155,6,155,6,1219,52,1219,52,177,13,177,13,1632,74,1632,74,1367,67,1367,67,1122,47,1122,47,,,,,,,,,,,,,859,35,859,35,1807,69,1807,69,1204,38,1204,38
313,1317,187,1317,187,320,40,320,40,1461,206,1461,206,760,94,760,94,1385,178,1385,178,588,85,588,85,1151,161,1151,161,1851,257,1851,257,,,,,,,,,,,,,1956,256,1956,256,,,,,,,,
29005,1317,187,1317,187,,,,,,,,,,,,,,,,,,,,,,,,,,,,,,,,,,,,,650,90,650,90,1858,242,1858,242,931,122,931,122,2556,338,2556,338
607,1317,198,1317,198,618,102,618,102,901,125,901,125,1240,172,1240,172,1132,169,1132,169,1337,168,1337,168,,,,,640,81,640,81,,,,,,,,,,,,,,,,,,,,,,,,
8550,1321,127,1321,127,627,67,627,67,1464,150,1464,150,,,,,,,,,,,,,1279,139,1279,139,131,20,131,20,1252,136,1252,136,925,115,925,115,2257,239,2257,239,1502,156,1502,156,705,80,705,80,892,97,892,97
3765,1321,185,1321,185,,,,,638,87,638,87,1717,211,1717,211,283,37,283,37,1523,191,1523,191,1401,176,1401,176,1591,185,1591,185,,,,,,,,,,,,,,,,,,,,,,,,
20939,1323,68,1323,68,,,,,,,,,,,,,,,,,,,,,,,,,,,,,,,,,,,,,,,,,,,,,,,,,,,,
15254,1323,199,1323,199,670,108,670,108,179,27,179,27,1687,237,1687,237,1548,225,1548,225,,,,,1446,178,1446,178,1591,203,1591,203,1706,219,1706,219,,,,,,,,,486,64,486,64,621,63,621,63,305,45,305,45
49658,1325,128,1325,128,684,74,684,74,836,84,836,84,737,70,737,70,1001,120,1001,120,1042,134,1042,134,1019,122,1019,122,1657,197,1657,197,,,,,,,,,1267,147,1267,147,,,,,,,,,,,,
43612,1325,22,1325,22,,,,,,,,,,,,,,,,,,,,,,,,,1480,27,1480,27,1394,23,1394,23,,,,,1113,9,1113,9,1641,23,1641,23,1185,20,1185,20,952,18,952,18
17011,1327,31,1327,31,514,12,514,12,805,22,805,22,547,47,547,47,479,20,479,20,1678,86,1678,86,432,21,432,21,1591,74,1591,74,788,48,788,48,609,37,609,37,637,36,637,36,1597,81,1597,81,1137,62,1137,62,1187,63,1187,63
31714,1327,200,1327,200,1004,162,1004,162,1324,200,1324,200,289,39,289,39,1417,205,1417,205,150,23,150,23,1646,206,1646,206,1170,142,1170,142,,,,,,,,,741,96,741,96,1563,186,1563,186,705,73,705,73,740,54,740,54
27156,1329,201,1329,201,1289,194,1289,194,47,8,47,8,329,46,329,46,1238,157,1238,157,228,40,228,40,1686,237,1686,237,1529,216,1529,216,748,114,748,114,1074,169,1074,169,797,107,797,107,1724,207,1724,207,1292,134,1292,134,1266,155,1266,155
8196,1329,129,1329,129,,,,,,,,,,,,,,,,,,,,,,,,,,,,,,,,,,,,,,,,,,,,,,,,,,,,
3614,1331,130,1331,130,161,21,161,21,1016,106,1016,106,1361,128,1361,128,479,40,479,40,914,88,914,88,1202,130,1202,130,1899,190,1899,190,532,60,532,60,1460,161,1460,161,1953,212,1953,212,1787,178,1787,178,643,71,643,71,1473,154,1473,154
3595,1331,130,1331,130,33,4,33,4,1270,129,1270,129,1361,128,1361,128,401,33,401,33,1042,106,1042,106,1151,124,1151,124,1851,188,1851,188,59,11,59,11,588,73,588,73,1583,171,1583,171,636,73,636,73,830,89,830,89,1518,162,1518,162
6741,1333,189,1333,189,1312,190,1312,190,1197,171,1197,171,319,42,319,42,1042,132,1042,132,,,,,,,,,89,5,89,5,,,,,,,,,,,,,,,,,,,,,,,,
14117,1333,202,1333,202,,,,,,,,,,,,,390,58,390,58,1855,244,1855,244,1019,125,1019,125,1420,177,1420,177,,,,,,,,,,,,,,,,,,,,,,,,
4940,1335,203,1335,203,356,60,356,60,524,79,524,79,387,47,387,47,1088,158,1088,158,729,86,729,86,934,112,934,112,1754,221,1754,221,,,,,,,,,1063,142,1063,142,1476,181,1476,181,1644,186,1644,186,2444,292,2444,292
3746,1336,78,1336,78,,,,,1480,72,1480,72,,,,,,,,,692,83,692,83,1832,234,1832,234,,,,,,,,,,,,,,,,,,,,,,,,,,,,
42420,1337,204,1337,204,,,,,,,,,465,59,465,59,1689,243,1689,243,,,,,,,,,,,,,,,,,,,,,,,,,,,,,,,,,,,,
23261,1338,67,1338,67,,,,,,,,,,,,,,,,,,,,,,,,,,,,,,,,,,,,,,,,,,,,,,,,,,,,
4604,1339,205,1339,205,,,,,,,,,,,,,,,,,,,,,,,,,,,,,,,,,,,,,,,,,,,,,,,,,,,,
21669,1340,95,1340,95,684,40,684,40,52,4,52,4,1304,74,1304,74,1401,100,1401,100,1004,64,1004,64,94,5,94,5,1836,115,1836,115,1502,86,1502,86,374,21,374,21,2071,124,2071,124,1069,62,1069,62,725,54,725,54,1237,100,1237,100
43369,1341,206,1341,206,221,41,221,41,515,76,515,76,398,48,398,48,1350,198,1350,198,1337,168,1337,168,432,56,432,56,929,117,929,117,,,,,,,,,,,,,2129,256,2129,256,1931,224,1931,224,1450,175,1450,175
19839,1342,190,1342,190,715,107,715,107,173,25,173,25,1034,143,1034,143,,,,,,,,,232,31,232,31,1726,243,1726,243,217,37,217,37,797,113,797,113,2078,271,2078,271,1043,124,1043,124,1326,173,1326,173,999,128,999,128
45702,1342,190,1342,190,,,,,,,,,1633,224,1633,224,,,,,,,,,247,32,247,32,1754,247,1754,247,304,47,304,47,1000,151,1000,151,2137,281,2137,281,486,60,486,60,746,100,746,100,2536,333,2536,333
15546,1344,186,1344,186,,,,,,,,,,,,,,,,,1688,207,1688,207,,,,,1637,194,1637,194,,,,,,,,,,,,,,,,,,,,,,,,
27926,1344,23,1344,23,,,,,417,8,417,8,,,,,,,,,,,,,,,,,,,,,,,,,,,,,,,,,,,,,,,,,,,,
36913,1346,207,1346,207,,,,,,,,,,,,,1328,195,1328,195,,,,,,,,,,,,,,,,,,,,,,,,,,,,,,,,,,,,
3026,1346,72,1346,72,,,,,,,,,,,,,,,,,,,,,1081,68,1081,68,1859,113,1859,113,,,,,,,,,,,,,,,,,,,,,,,,
563,1348,107,1348,107,356,34,356,34,363,34,363,34,848,63,848,63,631,53,631,53,1973,145,1973,145,368,33,368,33,1078,82,1078,82,788,74,788,74,1700,149,1700,149,,,,,,,,,,,,,384,26,384,26
16943,1348,132,1348,132,,,,,,,,,,,,,,,,,,,,,,,,,,,,,,,,,,,,,,,,,,,,,,,,,,,,
6916,1350,79,1350,79,,,,,,,,,,,,,,,,,1811,96,1811,96,,,,,,,,,,,,,,,,,1417,82,1417,82,,,,,,,,,,,,
18636,1351,108,1351,108,320,31,320,31,186,18,186,18,398,34,398,34,900,70,900,70,1733,125,1733,125,1509,115,1509,115,551,48,551,48,436,44,436,44,1524,143,1524,143,1972,155,1972,155,512,33,512,33,2039,155,2039,155,928,63,928,63
12026,1352,133,1352,133,,,,,179,19,179,19,857,83,857,83,934,89,934,89,1238,131,1238,131,1423,151,1423,151,841,93,841,93,,,,,,,,,1113,123,1113,123,2075,205,2075,205,1855,187,1855,187,1966,205,1966,205
5448,1353,96,1353,96,,,,,1132,71,1132,71,,,,,332,22,332,22,1396,88,1396,88,800,48,800,48,817,51,817,51,495,27,495,27,1500,98,1500,98,374,20,374,20,597,36,597,36,2343,156,2343,156,2532,180,2532,180
32471,1353,187,1353,187,,,,,,,,,,,,,,,,,,,,,,,,,,,,,,,,,,,,,,,,,,,,,,,,,,,,
14112,1355,208,1355,208,,,,,,,,,706,91,706,91,1831,258,1831,258,1791,233,1791,233,1524,192,1524,192,,,,,,,,,,,,,,,,,,,,,,,,,,,,
14424,1356,73,1356,73,31,4,31,4,117,8,117,8,1266,67,1266,67,114,6,114,6,1768,97,1768,97,558,31,558,31,1152,75,1152,75,,,,,,,,,,,,,,,,,,,,,,,,
11465,1357,192,1357,192,93,15,93,15,1313,187,1313,187,19,3,19,3,715,86,715,86,606,89,606,89,864,123,864,123,138,20,138,20,933,148,933,148,1698,261,1698,261,237,34,237,34,472,57,472,57,1855,253,1855,253,2229,291,2229,291
42351,,,,,1,1,1,1,333,35,38,5,108,10,41,7,1564,153,119,13,,,,,,,,,841,40,841,40,,,,,,,,,,,,,731,82,731,82,1055,111,1055,111,892,95,892,95
49821,,,,,2,1,2,1,377,55,40,5,54,6,26,4,795,73,98,11,1042,106,162,23,255,32,96,18,640,71,640,71,1198,127,1198,127,56,11,56,11,1247,134,1247,134,547,62,547,62,686,77,686,77,229,26,229,26
44107,,,,,3,1,1,1,3,1,2,1,189,19,37,3,1132,84,109,9,122,10,53,4,204,19,83,8,1420,114,194,18,28,2,28,2,1292,118,1292,118,401,32,401,32,580,35,580,35,907,72,907,72,2033,132,2033,132
53567,,,,,10,1,5,1,766,48,48,2,339,14,69,3,129,6,50,4,1914,118,205,9,1059,62,171,6,670,46,670,46,,,,,,,,,941,54,941,54,190,16,190,16,1868,111,1868,111,785,40,785,40
3560,,,,,12,2,12,2,1497,208,1497,208,1469,172,1469,172,102,13,102,13,914,118,914,118,2025,257,2025,257,611,61,611,61,,,,,,,,,485,53,485,53,1380,156,1380,156,,,,,,,,
43989,,,,,14,1,2,1,743,110,47,15,57,12,21,7,1608,231,121,32,1004,121,126,25,1613,203,197,42,2032,255,231,43,,,,,,,,,,,,,,,,,,,,,,,,
46353,,,,,16,2,8,2,515,49,64,5,398,34,76,6,425,33,99,12,1688,122,198,16,261,23,261,23,1272,100,1272,100,856,76,856,76,1219,107,1219,107,,,,,,,,,2455,188,2455,188,,,,
40574,,,,,20,4,10,2,669,100,72,11,221,30,61,5,1783,238,178,21,729,110,138,20,1245,178,1245,178,756,107,756,107,703,107,703,107,1500,229,1500,229,214,30,214,30,1141,138,1141,138,,,,,,,,
43828,,,,,22,2,4,1,26,3,12,1,100,5,26,3,79,3,37,2,434,22,93,2,1202,73,175,9,471,31,125,7,349,9,349,9,1053,31,1053,31,,,,,,,,,,,,,,,,
43810,,,,,1,1,1,1,44,9,13,3,18,4,5,3,25,12,13,8,41,12,15,5,74,22,74,22,24,5,24,5,10,5,10,5,59,15,59,15,20,2,20,2,,,,,,,,,,,,
45877,,,,,33,4,6,1,309,31,37,4,511,45,44,6,75,7,36,2,1100,112,127,20,1876,181,210,28,191,13,77,6,436,24,436,24,609,22,609,22,968,77,968,77,1641,115,1641,115,423,37,423,37,740,49,740,49
52885,,,,,40,7,8,2,39,8,9,2,29,4,17,1,143,13,38,3,199,24,62,9,1949,190,146,18,74,14,46,11,304,18,78,5,77,7,77,7,683,79,683,79,897,96,897,96,,,,,,,,
35055,,,,,46,2,46,2,950,43,950,43,120,5,120,5,715,38,715,38,1548,69,1548,69,755,32,755,32,972,40,972,40,933,41,933,41,1317,47,1317,47,1989,70,1989,70,798,31,798,31,1002,40,1002,40,1518,51,1518,51
49694,,,,,49,5,23,2,603,84,67,6,181,30,63,11,129,17,53,3,1768,188,1768,188,47,3,47,3,1678,199,1678,199,349,39,349,39,1292,156,1292,156,590,60,590,60,985,113,985,113,1558,162,1558,162,357,42,357,42
59206,,,,,53,11,53,11,1214,179,1214,179,,,,,,,,,,,,,,,,,,,,,,,,,,,,,,,,,,,,,,,,,,,,
55792,,,,,53,7,53,7,78,13,78,13,1014,142,1014,142,846,109,846,109,143,27,143,27,934,135,934,135,1919,268,1919,268,1311,205,1311,205,448,51,448,51,1884,242,1884,242,248,34,248,34,,,,,,,,
49424,,,,,61,6,22,2,16,2,9,2,1761,216,118,9,1238,149,114,8,729,89,138,7,1245,152,176,10,611,61,611,61,495,55,495,55,1353,169,1353,169,,,,,,,,,1943,214,1943,214,,,,
45305,,,,,63,4,29,2,132,4,41,1,957,34,135,6,1866,88,184,6,469,20,469,20,418,19,418,19,740,29,740,29,106,6,106,6,1335,50,1335,50,,,,,,,,,806,30,806,30,2545,99,2545,99
49124,,,,,63,10,63,10,333,35,333,35,1290,125,1290,125,1513,144,1513,144,,,,,,,,,,,,,,,,,,,,,,,,,928,100,928,100,467,53,467,53,1913,196,1913,196
47414,,,,,66,9,66,9,1054,154,1054,154,1068,149,1068,149,1417,186,1417,186,346,56,346,56,1260,183,1260,183,256,30,256,30,260,43,260,43,704,97,704,97,637,88,637,88,1724,227,1724,227,1055,134,1055,134,2115,273,2115,273
5972,,,,,70,13,70,13,64,11,64,11,578,80,578,80,1786,255,1786,255,772,90,772,90,1279,154,1279,154,273,38,273,38,1311,161,1311,161,,,,,,,,,1614,190,1614,190,1270,133,1270,133,1160,142,1160,142
45525,,,,,70,3,24,1,31,2,21,1,563,26,83,3,204,9,63,2,1377,59,177,16,400,24,400,24,261,12,261,12,330,17,330,17,1657,80,1657,80,225,17,225,17,547,32,547,32,2455,137,2455,137,207,11,207,11
60404,,,,,77,11,77,11,1270,129,1270,129,615,57,615,57,1434,140,1434,140,1721,184,1721,184,1132,119,1132,119,,,,,,,,,,,,,,,,,,,,,1592,167,1592,167,2069,217,2069,217
27658,,,,,77,6,77,6,1197,74,1197,74,725,43,725,43,1513,144,1513,144,334,38,334,38,1038,107,1038,107,1505,147,1505,147,999,107,999,107,1149,134,1149,134,571,68,571,68,444,55,444,55,2245,226,2245,226,1301,141,1301,141
32695,,,,,77,6,77,6,319,25,319,25,1266,92,1266,92,1525,112,1525,112,880,59,880,59,1081,84,1081,84,,,,,,,,,,,,,,,,,,,,,,,,,,,,
45044,,,,,84,6,25,1,443,19,41,1,319,14,65,3,591,27,89,4,,,,,,,,,,,,,,,,,,,,,,,,,,,,,,,,,,,,
46971,,,,,93,3,9,1,205,6,35,3,163,10,33,2,129,13,50,3,323,55,81,14,573,76,132,13,551,75,131,9,1562,195,1562,195,691,86,691,86,797,107,797,107,1774,212,1774,212,180,21,180,21,1266,135,1266,135
34681,,,,,93,13,93,13,766,77,766,77,760,73,760,73,809,75,809,75,238,27,238,27,2056,197,2056,197,1754,177,1754,177,,,,,,,,,994,109,994,109,,,,,,,,,,,,
8266,,,,,107,9,107,9,430,34,430,34,1322,73,1322,73,1856,93,1856,93,,,,,,,,,,,,,,,,,,,,,1832,104,1832,104,2217,137,2217,137,,,,,,,,
36811,,,,,107,21,107,21,430,65,430,65,267,35,267,35,846,122,846,122,1258,154,1258,154,1151,143,1151,143,1420,177,1420,177,,,,,,,,,1267,164,1267,164,1353,168,1353,168,788,79,788,79,1137,139,1137,139
50826,,,,,110,10,27,3,722,70,45,6,1,1,1,1,956,91,102,12,1678,175,195,27,,,,,,,,,,,,,,,,,,,,,,,,,,,,,,,,
10033,,,,,125,7,125,7,363,19,363,19,879,53,879,53,1513,81,1513,81,469,22,469,22,387,22,387,22,1867,97,1867,97,1282,62,1282,62,198,12,198,12,1299,74,1299,74,486,24,486,24,806,49,806,49,2497,129,2497,129
16941,,,,,133,8,133,8,299,16,299,16,1361,76,1361,76,692,38,692,38,1298,65,1298,65,1038,63,1038,63,2108,112,2108,112,,,,,,,,,222,12,222,12,1353,76,1353,76,388,19,388,19,2288,113,2288,113
1251,,,,,133,2,133,2,705,21,705,21,1687,29,1687,29,294,5,294,5,501,10,501,10,1820,25,1820,25,1078,18,1078,18,1166,17,1166,17,1167,16,1167,16,1148,12,1148,12,1931,26,1931,26,2039,36,2039,36,764,15,764,15
10395,,,,,140,11,140,11,1516,94,1516,94,387,18,387,18,884,49,884,49,1710,93,1710,93,387,25,387,25,817,49,817,49,,,,,,,,,876,46,876,46,2179,134,2179,134,1091,67,1091,67,1989,125,1989,125
46234,,,,,145,12,50,5,785,69,785,69,68,5,68,5,135,13,135,13,1710,124,1710,124,844,74,844,74,173,13,173,13,1641,149,1641,149,1230,111,1230,111,344,26,344,26,774,49,774,49,1363,113,1363,113,,,,
36795,,,,,150,13,150,13,938,81,938,81,374,32,374,32,,,,,,,,,1306,103,1306,103,1219,97,1219,97,532,56,532,56,1219,107,1219,107,1756,138,1756,138,,,,,,,,,,,,
18193,,,,,150,28,150,28,1440,217,1440,217,1163,152,1163,152,,,,,,,,,,,,,,,,,,,,,,,,,,,,,,,,,,,,,,,,
36380,,,,,154,7,154,7,585,33,585,33,1659,92,1659,92,1088,78,1088,78,95,3,95,3,1484,92,1484,92,,,,,,,,,1230,81,1230,81,876,50,876,50,,,,,,,,,,,,
32889,,,,,161,8,161,8,,,,,,,,,,,,,1068,72,1068,72,,,,,,,,,,,,,,,,,,,,,,,,,,,,,,,,
26827,,,,,161,19,161,19,,,,,,,,,494,64,494,64,1298,181,1298,181,1306,190,1306,190,353,54,353,54,1198,188,1198,188,339,42,339,42,1417,192,1417,192,1141,138,1141,138,1807,243,1807,243,643,75,643,75
60040,,,,,161,21,161,21,603,57,603,57,189,19,189,19,1238,119,1238,119,1068,109,1068,109,1219,134,1219,134,1767,178,1767,178,1198,127,1198,127,717,94,717,94,722,85,722,85,230,33,230,33,806,84,806,84,177,19,177,19
14728,,,,,172,8,172,8,1453,88,1453,88,483,23,483,23,1119,80,1119,80,102,4,102,4,1484,92,1484,92,588,39,588,39,1518,88,1518,88,562,34,562,34,246,14,246,14,1445,81,1445,81,1620,112,1620,112,2195,165,2195,165
44569,,,,,172,34,172,34,1401,211,1401,211,208,27,208,27,1175,174,1175,174,380,51,380,51,1719,214,1719,214,994,127,994,127,1198,142,1198,142,673,83,673,83,1019,135,1019,135,1641,193,1641,193,,,,,,,,
3914,,,,,179,36,179,36,805,113,805,113,1666,230,1666,230,1573,228,1573,228,,,,,,,,,,,,,,,,,,,,,1756,215,1756,215,1614,190,1614,190,2325,282,2325,282,,,,
46956,,,,,186,4,49,4,1471,30,157,10,1361,85,158,13,1088,62,1088,62,,,,,,,,,,,,,,,,,91,7,91,7,1972,119,1972,119,1011,70,1011,70,1421,83,1421,83,785,40,785,40
13281,,,,,186,4,186,4,,,,,,,,,,,,,,,,,,,,,,,,,,,,,,,,,2218,268,2218,268,1858,223,1858,223,2477,129,2477,129,785,43,785,43
44735,,,,,186,37,10,3,1,1,1,1,666,87,50,12,216,34,60,16,228,35,66,16,1984,245,220,45,1899,241,222,40,,,,,,,,,,,,,,,,,,,,,,,,
31016,,,,,197,38,197,38,690,104,690,104,528,71,528,71,677,105,677,105,1357,173,1357,173,1059,133,1059,133,797,102,797,102,933,109,933,109,1524,183,1524,183,1654,208,1654,208,1096,140,1096,140,2039,240,2039,240,999,120,999,120
31970,,,,,203,26,203,26,1076,145,1076,145,1398,164,1398,164,,,,,,,,,,,,,,,,,,,,,,,,,,,,,,,,,,,,,,,,
43804,,,,,203,16,203,16,1553,94,1553,94,,,,,900,49,900,49,1042,49,1042,49,463,29,463,29,841,44,841,44,1502,74,1502,74,1149,57,1149,57,2137,126,2137,126,928,45,928,45,423,23,423,23,2315,116,2315,116
11099,,,,,210,25,210,25,603,57,603,57,681,64,681,64,846,79,846,79,1921,198,1921,198,962,101,962,101,2073,207,2073,207,,,,,,,,,,,,,,,,,,,,,,,,
28221,,,,,210,6,210,6,485,10,485,10,1574,99,1574,99,494,34,494,34,359,25,359,25,653,46,653,46,499,35,499,35,282,14,282,14,312,14,312,14,1645,104,1645,104,1563,107,1563,107,,,,,,,,
7778,,,,,216,29,216,29,556,75,556,75,1747,215,1747,215,1525,186,1525,186,,,,,226,20,226,20,1219,134,1219,134,1368,172,1368,172,1419,177,1419,177,,,,,,,,,830,90,830,90,,,,
32256,,,,,221,24,221,24,743,110,743,110,973,132,973,132,795,103,795,103,1004,141,1004,141,1820,258,1820,258,1678,241,1678,241,173,29,173,29,478,56,478,56,158,21,158,21,1141,138,1141,138,1896,257,1896,257,1266,163,1266,163
37605,,,,,221,24,221,24,917,130,917,130,189,26,189,26,1449,189,1449,189,1042,148,1042,148,1629,226,1629,226,,,,,,,,,,,,,,,,,,,,,1514,197,1514,197,999,128,999,128
20167,,,,,231,10,231,10,603,25,603,25,547,25,547,25,1328,57,1328,57,1622,73,1622,73,432,26,432,26,1919,95,1919,95,1394,65,1394,65,785,41,785,41,571,33,571,33,1173,64,1173,64,621,33,621,33,1518,88,1518,88
48205,,,,,249,14,249,14,363,29,363,29,1349,190,1349,190,1218,65,1218,65,1826,92,1826,92,1750,95,1750,95,611,33,611,33,,,,,,,,,1417,85,1417,85,29,1,29,1,257,11,257,11,1989,94,1989,94
47835,,,,,249,30,249,30,1512,218,1512,218,,,,,,,,,,,,,,,,,,,,,,,,,,,,,,,,,,,,,,,,,,,,
8603,,,,,277,33,277,33,430,65,430,65,604,74,604,74,1573,205,1573,205,816,119,816,119,1663,231,1663,231,566,77,566,77,1198,188,1198,188,1017,157,1017,157,605,81,605,81,1141,138,1141,138,1826,248,1826,248,2419,319,2419,319
17964,,,,,277,42,277,42,254,37,254,37,1715,210,1715,210,168,24,168,24,1932,233,1932,233,978,115,978,115,243,24,243,24,,,,,,,,,590,60,590,60,636,72,636,72,1708,186,1708,186,1301,137,1301,137
3222,,,,,281,48,281,48,722,108,722,108,782,100,782,100,1401,202,1401,202,1166,146,1166,146,1306,158,1306,158,1819,226,1819,226,400,50,400,50,1653,200,1653,200,767,102,767,102,359,43,359,43,1558,173,1558,173,2348,283,2348,283
31698,,,,,309,52,309,52,275,43,275,43,1398,188,1398,188,534,82,534,82,1298,161,1298,161,1019,125,1019,125,972,121,972,121,,,,,,,,,968,127,968,127,428,53,428,53,2125,254,2125,254,2048,246,2048,246
55643,,,,,309,37,309,37,404,39,404,39,879,86,879,86,1194,115,1194,115,315,36,315,36,1917,185,1917,185,,,,,,,,,,,,,,,,,,,,,,,,,,,,
19422,,,,,320,15,320,15,,,,,,,,,,,,,,,,,,,,,,,,,304,36,304,36,1028,126,1028,126,571,25,571,25,170,8,170,8,,,,,,,,
41763,,,,,5,1,2,1,37,7,11,3,59,9,13,2,,,,,30,4,14,2,,,,,,,,,,,,,,,,,,,,,,,,,,,,,,,,
19644,,,,,330,16,330,16,585,23,585,23,1382,62,1382,62,607,28,607,28,1548,66,1548,66,1107,51,1107,51,955,46,955,46,1344,63,1344,63,,,,,,,,,,,,,,,,,,,,
12681,,,,,341,57,341,57,,,,,,,,,1689,243,1689,243,838,99,838,99,,,,,,,,,,,,,,,,,,,,,,,,,,,,,,,,
56379,,,,,341,46,341,46,556,85,556,85,1034,143,1034,143,1132,142,1132,142,,,,,,,,,,,,,,,,,,,,,,,,,,,,,,,,,,,,
3344,,,,,341,17,341,17,275,14,275,14,1451,79,1451,79,979,69,979,69,1100,71,1100,71,1613,107,1613,107,1657,103,1657,103,856,49,856,49,1609,101,1609,101,,,,,,,,,,,,,,,,
11475,,,,,341,46,341,46,938,133,938,133,1219,171,1219,171,1328,170,1328,170,359,60,359,60,1524,214,1524,214,1378,197,1378,197,,,,,,,,,741,106,741,106,1580,206,1580,206,2125,277,2125,277,1849,249,1849,249
5490,,,,,371,7,371,7,995,33,995,33,311,28,311,28,1132,59,1132,59,424,26,424,26,1719,170,1719,170,1378,133,1378,133,,,,,,,,,1508,160,1508,160,1224,126,1224,126,596,63,596,63,1160,124,1160,124
10568,,,,,371,41,371,41,430,44,430,44,289,26,289,26,,,,,,,,,,,,,1295,125,1295,125,,,,,,,,,283,36,283,36,159,24,159,24,1461,153,1461,153,1913,196,1913,196
45327,,,,,371,16,371,16,389,13,389,13,737,26,737,26,1555,72,1555,72,1760,79,1760,79,1001,42,1001,42,1657,65,1657,65,304,18,304,18,1000,32,1000,32,621,16,621,16,1279,52,1279,52,1027,42,1027,42,2315,86,2315,86
49751,,,,,381,56,381,56,495,67,495,67,152,24,152,24,1483,178,1483,178,187,15,187,15,1386,172,1386,172,2019,234,2019,234,,,,,,,,,423,45,423,45,1533,177,1533,177,1363,140,1363,140,1039,115,1039,115
19645,,,,,381,20,381,20,459,20,459,20,1126,44,1126,44,,,,,,,,,1386,57,1386,57,740,39,740,39,893,47,893,47,1017,51,1017,51,3,1,3,1,1705,87,1705,87,1326,80,1326,80,1383,81,1383,81
51389,,,,,381,64,11,4,22,6,6,4,15,3,9,2,934,134,57,18,485,60,97,21,273,35,86,20,287,41,96,20,1674,213,208,42,1592,193,1592,193,590,79,590,79,1975,236,1975,236,,,,,,,,
58144,,,,,395,68,395,68,995,136,995,136,1574,212,1574,212,340,50,340,50,1870,246,1870,246,1863,232,1863,232,886,113,886,113,1104,130,1104,130,381,54,381,54,1339,174,1339,174,820,100,820,100,2050,241,2050,241,,,,
40878,,,,,405,18,405,18,417,16,417,16,189,7,189,7,230,15,230,15,1870,82,1870,82,509,25,509,25,516,25,516,25,436,24,436,24,448,18,448,18,590,15,590,15,1069,43,1069,43,985,39,985,39,549,19,549,19
5181,,,,,405,21,405,21,254,9,254,9,737,35,737,35,1773,83,1773,83,692,31,692,31,1796,80,1796,80,1617,81,1617,81,,,,,,,,,1537,77,1537,77,1533,79,1533,79,686,40,686,40,2069,106,2069,106
11134,,,,,405,21,405,21,179,15,179,15,681,38,681,38,647,32,647,32,880,55,880,55,755,42,755,42,1975,123,1975,123,,,,,,,,,1267,76,1267,76,120,6,120,6,2490,149,2490,149,1094,69,1094,69
60332,,,,,8,2,3,1,,,,,,,,,,,,,,,,,,,,,,,,,,,,,,,,,,,,,,,,,,,,,,,,
9233,,,,,415,58,415,58,1345,185,1345,185,666,82,666,82,356,45,356,45,1357,168,1357,168,1107,132,1107,132,462,46,462,46,1311,162,1311,162,627,68,627,68,1756,218,1756,218,1899,232,1899,232,1807,199,1807,199,330,38,330,38
14830,,,,,415,72,415,72,1153,170,1153,170,1398,188,1398,188,,,,,1508,192,1508,192,1719,214,1719,214,1272,157,1272,157,,,,,,,,,,,,,,,,,,,,,,,,
45134,,,,,415,19,415,19,1222,53,1222,53,,,,,,,,,150,7,150,7,1820,84,1820,84,1122,47,1122,47,,,,,,,,,,,,,,,,,,,,,,,,
57246,,,,,8,4,3,2,,,,,,,,,,,,,,,,,,,,,,,,,,,,,,,,,,,,,,,,,,,,,,,,
18157,,,,,431,28,431,28,766,42,766,42,547,31,547,31,1254,68,1254,68,901,42,901,42,1151,66,1151,66,1219,60,1219,60,,,,,,,,,,,,,,,,,,,,,,,,
11243,,,,,431,48,431,48,459,45,459,45,1597,146,1597,146,979,94,979,94,,,,,,,,,,,,,,,,,,,,,,,,,,,,,,,,,,,,
36869,,,,,431,23,431,23,539,39,539,39,434,21,434,21,106,5,106,5,1678,92,1678,92,1107,69,1107,69,1705,103,1705,103,,,,,,,,,,,,,,,,,,,,,,,,
26376,,,,,431,20,431,20,1453,70,1453,70,,,,,,,,,284,17,284,17,181,13,181,13,1078,51,1078,51,1603,82,1603,82,1167,58,1167,58,637,27,637,27,1787,101,1787,101,444,30,444,30,740,55,740,55
31951,,,,,457,64,457,64,,,,,,,,,,,,,,,,,2060,263,2060,263,,,,,,,,,,,,,,,,,,,,,,,,,,,,
34084,,,,,457,25,457,25,917,44,917,44,48,2,48,2,1843,85,1843,85,1826,83,1826,83,308,19,308,19,1044,51,1044,51,1223,58,1223,58,155,10,155,10,1196,58,1196,58,258,9,258,9,2101,116,2101,116,827,45,827,45
39419,,,,,457,9,65,5,1091,23,89,6,1361,85,158,13,1157,68,148,7,,,,,,,,,,,,,,,,,,,,,,,,,,,,,,,,,,,,
14186,,,,,473,65,473,65,9,2,9,2,1469,205,1469,205,1385,178,1385,178,434,72,434,72,1764,246,1764,246,1328,192,1328,192,703,107,703,107,350,20,350,20,2271,138,2271,138,276,19,276,19,2467,148,2467,148,1827,110,1827,110
57974,,,,,473,81,473,81,524,79,524,79,795,102,795,102,1660,239,1660,239,1396,179,1396,179,1367,167,1367,167,121,20,121,20,330,42,330,42,,,,,,,,,,,,,,,,,,,,
14036,,,,,482,27,482,27,869,60,869,60,,,,,,,,,,,,,,,,,,,,,,,,,,,,,,,,,,,,,,,,,,,,
60067,,,,,482,52,482,52,,,,,,,,,,,,,,,,,,,,,,,,,,,,,,,,,,,,,,,,,,,,,,,,
36373,,,,,482,69,482,69,1359,187,1359,187,1266,151,1266,151,,,,,,,,,432,59,432,59,1591,228,1591,228,1546,246,1546,246,1125,178,1125,178,2078,271,2078,271,148,24,148,24,1421,187,1421,187,1160,125,1160,125
16541,,,,,482,30,482,30,1029,59,1029,59,,,,,,,,,1548,80,1548,80,,,,,,,,,,,,,,,,,,,,,,,,,,,,,,,,
45774,,,,,495,55,37,8,24,5,16,4,1603,148,116,16,494,42,102,15,1954,143,206,17,1524,118,1524,118,1975,153,1975,153,1412,128,1412,128,,,,,,,,,,,,,,,,,,,,
346,,,,,13,5,4,3,28,7,10,2,44,15,8,4,7,4,4,3,73,23,24,8,46,15,46,15,26,10,26,10,14,5,14,5,56,8,56,8,90,15,90,15,87,16,87,16,83,2,83,2,49,1,49,1
39751,,,,,495,70,495,70,1054,142,1054,142,706,88,706,88,1157,138,1157,138,1603,200,1603,200,1750,226,1750,226,,,,,,,,,,,,,,,,,,,,,,,,,,,,
10032,,,,,514,34,514,34,1531,91,1531,91,795,45,795,45,,,,,,,,,,,,,,,,,,,,,,,,,,,,,,,,,,,,,,,,
38295,,,,,514,23,67,1,84,3,34,1,1639,77,172,10,518,18,105,6,517,30,517,30,1945,93,1945,93,686,33,686,33,304,17,304,17,1387,71,1387,71,114,8,114,8,529,30,529,30,931,58,931,58,2229,141,2229,141
45809,,,,,514,57,514,57,1480,152,1480,152,,,,,1497,143,1497,143,485,50,485,50,1550,157,1550,157,1529,150,1529,150,243,31,243,31,691,91,691,91,1063,117,1063,117,248,37,248,37,2200,221,2200,221,928,101,928,101
12616,,,,,514,71,514,71,917,130,917,130,1206,167,1206,167,715,86,715,86,1042,148,1042,148,,,,,,,,,,,,,,,,,,,,,,,,,,,,,,,,
47181,,,,,531,86,12,5,127,20,28,11,1666,230,61,17,272,40,66,17,1480,189,138,29,1401,171,189,36,1249,154,185,34,59,14,59,14,1620,196,1620,196,19,3,19,3,276,32,276,32,1708,197,1708,197,1237,153,1237,153
47033,,,,,531,11,531,11,1432,28,1432,28,,,,,,,,,,,,,,,,,,,,,,,,,,,,,,,,,529,40,529,40,2389,142,2389,142,539,25,539,25
59131,,,,,531,86,531,86,705,68,705,68,521,46,521,46,,,,,,,,,,,,,,,,,,,,,,,,,,,,,,,,,,,,,,,,
6719,,,,,531,73,531,73,836,120,836,120,273,35,273,35,534,67,534,67,1557,227,1557,227,1700,239,1700,239,516,71,516,71,626,93,626,93,317,38,317,38,2271,301,2271,301,1279,163,1279,163,1732,231,1732,231,1237,162,1237,162
31866,,,,,531,35,531,35,917,54,917,54,1574,89,1574,89,956,51,956,51,276,12,276,12,408,25,408,25,994,49,994,49,,,,,,,,,,,,,,,,,,,,,,,,
18637,,,,,548,80,548,80,585,79,585,79,,,,,,,,,,,,,,,,,,,,,999,116,999,116,1167,142,1167,142,,,,,,,,,,,,,,,,
37650,,,,,548,80,548,80,,,,,,,,,,,,,103,4,103,4,1367,167,1367,167,1392,153,1392,153,1198,141,1198,141,1561,198,1561,198,1169,140,1169,140,1423,162,1423,162,372,45,372,45,503,57,503,57
15734,,,,,548,62,548,62,,,,,,,,,479,40,479,40,1571,169,1571,169,181,18,181,18,2045,204,2045,204,1576,168,1576,168,1609,183,1609,183,,,,,,,,,,,,,,,,
13592,,,,,563,94,563,94,1178,174,1178,174,563,77,563,77,1311,191,1311,191,1747,228,1747,228,899,107,899,107,,,,,,,,,1167,140,1167,140,1087,145,1087,145,1118,142,1118,142,1539,170,1539,170,1801,211,1801,211
9179,,,,,563,30,563,30,117,8,117,8,1206,62,1206,62,795,43,795,43,1932,110,1932,110,1367,78,1367,78,1392,86,1392,86,,,,,,,,,,,,,,,,,,,,,,,,
17086,,,,,563,76,563,76,1091,157,1091,157,957,128,957,128,884,114,884,114,1424,203,1424,203,1663,231,1663,231,,,,,,,,,,,,,,,,,2207,290,2207,290,1207,153,1207,153,1094,140,1094,140
46629,,,,,563,94,563,94,389,57,389,57,1126,149,1126,149,1119,164,1119,164,959,118,959,118,698,88,698,88,2094,264,2094,264,282,35,282,35,1500,182,1500,182,1367,177,1367,177,,,,,1461,153,1461,153,2033,244,2033,244
54761,,,,,563,94,563,94,112,19,112,19,1761,248,1761,248,,,,,,,,,,,,,112,19,112,19,349,44,349,44,1432,175,1432,175,13,1,13,1,566,74,566,74,1489,161,1489,161,1204,149,1204,149
28376,,,,,579,33,579,33,901,61,901,61,528,26,528,26,1132,59,1132,59,,,,,,,,,,,,,,,,,,,,,,,,,,,,,,,,,,,,
28082,,,,,590,81,590,81,743,110,743,110,973,132,973,132,562,69,562,69,222,36,222,36,1937,277,1937,277,2148,115,2148,115,626,25,626,25,1550,79,1550,79,189,10,189,10,1224,68,1224,68,2224,121,2224,121,1728,78,1728,78
57931,,,,,590,38,590,38,505,27,505,27,1034,61,1034,61,366,21,366,21,434,17,434,17,,,,,,,,,,,,,,,,,1484,90,1484,90,621,33,621,33,336,15,336,15,2048,98,2048,98
36363,,,,,590,38,91,5,112,7,47,4,1633,92,1633,92,821,45,821,45,187,7,187,7,141,8,141,8,1985,103,1985,103,106,7,106,7,1284,63,1284,63,1972,117,1972,117,597,31,597,31,415,22,415,22,527,23,527,23
58973,,,,,590,44,590,44,1446,116,1446,116,1633,127,1633,127,,,,,,,,,,,,,,,,,,,,,,,,,,,,,,,,,,,,,,,,
5437,,,,,605,64,605,64,80,13,80,13,578,51,578,51,1311,128,1311,128,838,80,838,80,1260,135,1260,135,1678,168,1678,168,1576,168,1576,168,,,,,,,,,,,,,,,,,,,,
50850,,,,,605,84,605,84,976,140,976,140,1322,186,1322,186,736,92,736,92,,,,,,,,,166,23,166,23,1433,224,1433,224,1471,223,1471,223,555,74,555,74,1956,256,1956,256,322,39,322,39,2242,293,2242,293
50073,,,,,605,89,605,89,524,71,524,71,528,68,528,68,755,97,755,97,501,58,501,58,1081,127,1081,127,1219,134,1219,134,532,60,532,60,925,98,925,98,941,109,941,109,1445,167,1445,167,1644,175,1644,175,1518,162,1518,162
37488,,,,,605,84,92,10,45,7,29,2,990,138,990,138,631,78,631,78,661,98,661,98,541,72,541,72,1553,223,1553,223,1070,170,1070,170,657,89,657,89,1267,175,1267,175,566,70,566,70,1708,224,1708,224,410,56,410,56
707,,,,,627,103,627,103,150,23,150,23,434,53,434,53,920,132,920,132,1961,252,1961,252,1219,149,1219,149,1459,185,1459,185,,,,,,,,,1832,225,1832,225,,,,,,,,,,,,
3431,,,,,627,42,627,42,836,47,836,47,1089,68,1089,68,607,35,607,35,541,26,541,26,844,52,844,52,659,34,659,34,1311,64,1311,64,771,41,771,41,1735,105,1735,105,689,35,689,35,314,13,314,13,1801,85,1801,85
41048,,,,,642,68,642,68,1241,126,1241,126,234,35,234,35,1175,140,1175,140,269,25,269,25,1151,142,1151,142,2038,203,2038,203,,,,,,,,,,,,,,,,,,,,,,,,
20035,,,,,642,96,642,96,472,64,472,64,1546,192,1546,192,1873,229,1873,229,,,,,,,,,,,,,,,,,,,,,,,,,,,,,,,,,,,,
6808,,,,,642,49,642,49,377,36,377,36,497,41,497,41,442,35,442,35,1357,94,1357,94,2035,157,2035,157,353,27,353,27,1368,120,1368,120,760,70,760,70,1392,109,1392,109,1533,106,1533,106,1896,144,1896,144,590,44,590,44
19329,,,,,657,37,657,37,585,43,585,43,1266,67,1266,67,1633,88,1633,88,,,,,,,,,,,,,,,,,,,,,,,,,,,,,,,,,,,,
58236,,,,,18,8,18,8,59,16,59,16,,,,,,,,,,,,,,,,,,,,,,,,,,,,,,,,,,,,,,,,,,,,
6334,,,,,657,38,657,38,,,,,,,,,,,,,1747,94,1747,94,,,,,,,,,,,,,,,,,,,,,,,,,,,,,,,,
4316,,,,,670,38,670,38,,,,,,,,,,,,,,,,,,,,,,,,,,,,,,,,,,,,,,,,,,,,,,,,
12526,,,,,670,99,670,99,1471,209,1471,209,,,,,809,106,809,106,1461,210,1461,210,670,92,670,92,1975,275,1975,275,,,,,913,136,913,136,1196,163,1196,163,1011,119,1011,119,931,122,931,122,323,46,323,46
5358,,,,,684,30,684,30,1091,47,1091,47,1695,80,1695,80,,,,,,,,,2091,108,2091,108,,,,,,,,,,,,,,,,,,,,,,,,,,,,
35478,,,,,21,3,21,3,13,1,13,1,2,1,2,1,36,4,36,4,9,3,9,3,68,8,68,8,60,8,60,8,70,9,70,9,54,7,54,7,,,,,,,,,62,7,62,7,68,7,68,7
16453,,,,,699,110,699,110,1120,162,1120,162,,,,,,,,,,,,,,,,,,,,,,,,,,,,,,,,,,,,,,,,,,,,
60369,,,,,699,103,699,103,195,29,195,29,879,114,879,114,1401,182,1401,182,1760,250,1760,250,653,88,653,88,1295,184,1295,184,,,,,,,,,,,,,,,,,,,,,,,,
3510,,,,,699,33,699,33,743,31,743,31,825,37,825,37,1470,64,1470,64,1140,53,1140,53,1219,53,1219,53,,,,,,,,,,,,,,,,,,,,,,,,,,,,
14102,,,,,22,3,22,3,32,3,32,3,,,,,,,,,,,,,,,,,,,,,,,,,,,,,,,,,,,,,,,,,,,,
17214,,,,,699,103,699,103,1120,160,1120,160,1349,190,1349,190,,,,,1166,159,1166,159,,,,,,,,,,,,,,,,,,,,,,,,,877,116,877,116,1827,242,1827,242
33408,,,,,715,40,715,40,743,53,743,53,1219,64,1219,64,1434,71,1434,71,117,6,117,6,1423,81,1423,81,1295,83,1295,83,,,,,,,,,1299,78,1299,78,962,68,962,68,1675,102,1675,102,1753,110,1753,110
4514,,,,,715,107,715,107,571,88,571,88,31,5,31,5,1793,239,1793,239,222,36,222,36,286,39,286,39,955,142,955,142,,,,,,,,,1392,188,1392,188,1141,138,1141,138,1868,255,1868,255,892,115,892,115
45982,,,,,715,32,715,32,617,28,617,28,1528,70,1528,70,,,,,228,12,228,12,1328,60,1328,60,1867,97,1867,97,,,,,,,,,,,,,,,,,,,,,,,,
59263,,,,,23,10,23,10,,,,,,,,,,,,,,,,,,,,,,,,,,,,,,,,,,,,,,,,,,,,,,,,
34446,,,,,739,45,739,45,690,41,690,41,973,57,973,57,159,8,159,8,575,32,575,32,1574,102,1574,102,166,13,166,13,1126,73,1126,73,1260,83,1260,83,2078,125,2078,125,1502,86,1502,86,1708,116,1708,116,136,7,136,7
35776,,,,,754,58,754,58,1449,118,1449,118,1034,79,1034,79,505,43,505,43,1891,139,1891,139,,,,,,,,,,,,,1387,128,1387,128,1735,136,1735,136,,,,,,,,,,,,
10417,,,,,754,35,754,35,2,1,2,1,240,15,240,15,518,29,518,29,914,129,914,129,1856,263,1856,263,428,60,428,60,1344,212,1344,212,1500,229,1500,229,1461,198,1461,198,1705,225,1705,225,1002,128,1002,128,1328,169,1328,169
59130,,,,,754,119,754,119,1334,137,1334,137,1266,122,1266,122,,,,,,,,,,,,,,,,,,,,,,,,,,,,,,,,,,,,,,,,
58191,,,,,767,80,767,80,556,40,556,40,1183,60,1183,60,1001,147,1001,147,1068,127,1068,127,,,,,,,,,,,,,,,,,1461,189,1461,189,1674,199,1674,199,1292,134,1292,134,,,,
58879,,,,,767,80,767,80,404,39,404,39,648,60,648,60,1218,118,1218,118,1710,181,1710,181,755,87,755,87,1657,167,1657,167,,,,,,,,,462,54,462,54,1641,164,1641,164,,,,,,,,
15527,,,,,767,59,767,59,852,73,852,73,85,7,85,7,900,70,900,70,940,65,940,65,1550,121,1550,121,486,41,486,41,1282,108,1282,108,913,85,913,85,485,39,485,39,1787,133,1787,133,2152,165,2152,165,1849,116,1849,116
2672,,,,,767,80,767,80,571,54,571,54,1089,111,1089,111,934,89,934,89,1710,181,1710,181,,,,,1885,189,1885,189,436,48,436,48,627,79,627,79,2211,233,2211,233,,,,,1390,145,1390,145,1801,186,1801,186
14764,,,,,767,121,767,121,1153,170,1153,170,412,51,412,51,1017,151,1017,151,315,41,315,41,1484,187,1484,187,2110,267,2110,267,349,44,349,44,531,66,531,66,650,86,650,86,2238,274,2238,274,2245,268,2245,268,,,,
35804,,,,,783,84,783,84,1359,141,1359,141,,,,,1157,112,1157,112,838,80,838,80,1796,178,1796,178,1789,181,1789,181,,,,,,,,,,,,,,,,,,,,,,,,
4611,,,,,783,126,783,126,45,7,45,7,1564,211,1564,211,773,117,773,117,1068,127,1068,127,755,94,755,94,2163,272,2163,272,893,104,893,104,1125,133,1125,133,2173,263,2173,263,1043,129,1043,129,2125,254,2125,254,,,,
48655,,,,,783,126,783,126,397,60,397,60,737,94,737,94,979,140,979,140,1688,222,1688,222,1909,237,1909,237,,,,,,,,,,,,,,,,,,,,,,,,,,,,
45344,,,,,811,17,811,17,836,26,836,26,152,16,152,16,272,35,272,35,1441,176,1441,176,1613,203,1613,203,287,27,287,27,626,73,626,73,1681,213,1681,213,1227,145,1227,145,597,68,597,68,1997,222,1997,222,892,95,892,95
587,,,,,811,64,811,64,,,,,,,,,,,,,,,,,,,,,,,,,,,,,,,,,,,,,,,,,,,,,,,,
3562,,,,,811,87,811,87,,,,,,,,,,,,,,,,,,,,,,,,,,,,,,,,,,,,,,,,,,,,,,,,
51637,,,,,811,44,811,44,404,32,404,32,1650,88,1650,88,1548,79,1548,79,,,,,,,,,,,,,,,,,,,,,1918,112,1918,112,,,,,,,,,,,,
15133,,,,,811,51,811,51,,,,,,,,,,,,,,,,,,,,,,,,,,,,,,,,,,,,,,,,,,,,,,,,
43640,,,,,826,132,826,132,1222,183,1222,183,,,,,,,,,,,,,,,,,,,,,,,,,,,,,,,,,,,,,,,,,,,,
7816,,,,,826,109,826,109,1169,158,1169,158,,,,,,,,,,,,,,,,,,,,,,,,,,,,,,,,,,,,,,,,,,,,
46958,,,,,826,14,39,2,669,15,72,4,,,,,,,,,,,,,,,,,,,,,,,,,,,,,,,,,,,,,,,,,,,,
57805,,,,,840,126,840,126,1305,184,1305,184,1049,145,1049,145,294,43,294,43,816,119,816,119,,,,,,,,,,,,,,,,,,,,,,,,,,,,,,,,
28150,,,,,840,126,40,6,430,65,61,10,1546,216,114,14,,,,,1747,249,201,29,,,,,,,,,,,,,,,,,,,,,,,,,,,,,,,,
35721,,,,,853,92,853,92,275,29,275,29,1764,30,1764,30,60,3,60,3,838,80,838,80,,,,,,,,,,,,,1087,13,1087,13,1148,12,1148,12,912,15,912,15,506,10,506,10,1071,21,1071,21
3139,,,,,853,130,853,130,1510,217,1510,217,,,,,100,10,100,10,1882,265,1882,265,314,44,314,44,670,90,670,90,1465,231,1465,231,1609,246,1609,246,,,,,,,,,1091,138,1091,138,2132,278,2132,278
8109,,,,,853,130,853,130,430,65,430,65,289,38,289,38,1843,249,1843,249,,,,,,,,,,,,,999,161,999,161,478,56,478,56,1832,237,1832,237,2140,282,2140,282,,,,,,,,
13160,,,,,853,92,853,92,852,86,852,86,1398,133,1398,133,,,,,,,,,,,,,,,,,,,,,,,,,767,86,767,86,414,49,414,49,1868,188,1868,188,1941,200,1941,200
43297,,,,,853,51,853,51,1529,94,1529,94,,,,,518,34,518,34,620,36,620,36,1328,83,1328,83,153,11,153,11,243,13,243,13,478,29,478,29,2170,134,2170,134,2278,147,2278,147,1390,99,1390,99,31,1,31,1
51474,,,,,853,130,41,7,93,17,26,3,973,132,102,11,864,111,99,9,1571,230,189,27,343,48,107,9,611,82,611,82,1603,256,1603,256,609,86,609,86,1815,234,1815,234,248,34,248,34,101,12,101,12,1160,153,1160,153
51252,,,,,873,136,873,136,1506,216,1506,216,,,,,294,43,294,43,241,41,241,41,934,135,934,135,1885,261,1885,261,999,161,999,161,166,14,166,14,2170,286,2170,286,1476,189,1476,189,1732,231,1732,231,1638,223,1638,223
42759,,,,,873,20,110,3,995,33,121,5,189,19,189,19,1111,57,1111,57,1768,92,1768,92,934,42,934,42,1152,56,1152,56,,,,,,,,,98,17,98,17,774,88,774,88,2303,233,2303,233,1204,130,1204,130
45640,,,,,873,49,873,49,263,22,263,22,1767,96,1767,96,,,,,,,,,,,,,,,,,,,,,,,,,,,,,,,,,,,,,,,,
11684,,,,,873,67,873,67,1373,112,1373,112,,,,,,,,,,,,,,,,,,,,,,,,,,,,,,,,,,,,,,,,,,,,
461,,,,,873,20,873,20,309,9,309,9,1757,105,1757,105,,,,,642,38,642,38,286,12,286,12,1122,55,1122,55,748,47,748,47,848,50,848,50,1562,73,1562,73,1705,88,1705,88,960,52,960,52,2187,123,2187,123
11586,,,,,896,55,896,55,822,51,822,51,1650,91,1650,91,,,,,1496,77,1496,77,1462,88,1462,88,670,44,670,44,893,53,893,53,1185,69,1185,69,514,34,514,34,2353,146,2353,146,856,41,856,41,1204,72,1204,72
45536,,,,,896,99,42,9,617,59,68,11,71,7,32,5,591,49,113,16,1441,156,181,25,1151,124,1151,124,1249,121,1249,121,,,,,,,,,1484,157,1484,157,731,82,731,82,1137,123,1137,123,,,,
21194,,,,,896,140,896,140,319,49,319,49,1068,140,1068,140,1254,183,1254,183,1238,151,1238,151,1524,192,1524,192,1249,154,1249,154,1282,157,1282,157,1387,172,1387,172,,,,,859,108,859,108,1163,123,1163,123,2048,246,2048,246
31500,,,,,896,119,896,119,389,56,389,56,1700,209,1700,209,83,8,83,8,743,94,743,94,1343,163,1343,163,287,27,287,27,202,20,202,20,461,51,461,51,138,14,138,14,897,96,897,96,1055,115,1055,115,1495,158,1495,158
35994,,,,,909,139,909,139,,,,,,,,,,,,,29,6,29,6,1446,207,1446,207,1122,163,1122,163,187,31,187,31,1139,179,1139,179,994,139,994,139,1597,208,1597,208,1185,150,1185,150,892,115,892,115
14952,,,,,909,70,909,70,103,9,103,9,1304,98,1304,98,187,15,187,15,323,24,323,24,1737,133,1737,133,717,59,717,59,1311,111,1311,111,339,28,339,28,2271,170,2271,170,798,50,798,50,907,72,907,72,1328,87,1328,87
6767,,,,,924,145,924,145,886,123,886,123,1206,164,1206,164,1867,264,1867,264,,,,,,,,,,,,,,,,,,,,,,,,,,,,,,,,,,,,
58878,,,,,924,101,924,101,199,21,199,21,152,15,152,15,1731,168,1731,168,199,24,199,24,1629,163,1629,163,1919,193,1919,193,1166,121,1166,121,1149,134,1149,134,683,79,683,79,2238,222,2238,222,1644,171,1644,171,611,72,611,72
12109,,,,,924,50,924,50,1432,61,1432,61,,,,,1273,58,1273,58,1377,64,1377,64,1081,48,1081,48,173,12,173,12,,,,,,,,,2095,76,2095,76,,,,,,,,,,,,
12880,,,,,938,102,938,102,766,77,766,77,215,22,215,22,900,86,900,86,559,57,559,57,1081,113,1081,113,1219,116,1219,116,893,91,893,91,1000,123,1000,123,666,76,666,76,985,105,985,105,558,61,558,61,1450,151,1450,151
39548,,,,,938,59,938,59,638,37,638,37,1625,90,1625,90,,,,,,,,,334,20,334,20,428,28,428,28,,,,,,,,,767,45,767,45,1043,60,1043,60,1326,92,1326,92,1204,95,1204,95
53628,,,,,938,59,938,59,,,,,795,47,795,47,1296,94,1296,94,,,,,,,,,,,,,,,,,,,,,,,,,,,,,,,,,,,,
33528,,,,,938,122,938,122,976,128,976,128,,,,,,,,,,,,,824,95,824,95,588,57,588,57,1518,186,1518,186,,,,,,,,,,,,,,,,,,,,
48917,,,,,951,54,951,54,,,,,,,,,755,40,755,40,588,33,588,33,670,37,670,37,1945,121,1945,121,,,,,,,,,2024,120,2024,120,1836,122,1836,122,,,,,,,,
56623,,,,,951,62,951,62,,,,,,,,,,,,,,,,,,,,,,,,,,,,,,,,,,,,,,,,,506,40,506,40,,,,
11499,,,,,951,104,951,104,1103,112,1103,112,,,,,,,,,,,,,,,,,,,,,,,,,,,,,,,,,,,,,,,,,,,,
9414,,,,,951,62,951,62,1527,93,1527,93,,,,,1385,98,1385,98,,,,,,,,,,,,,,,,,,,,,,,,,,,,,,,,,,,,
14583,,,,,971,147,971,147,669,100,669,100,879,114,879,114,677,83,677,83,1396,198,1396,198,558,74,558,74,2185,296,2185,296,999,161,999,161,717,101,717,101,451,64,451,64,1502,193,1502,193,,,,,,,,
44536,,,,,971,153,971,153,638,98,638,98,1183,159,1183,159,1699,247,1699,247,1140,138,1140,138,82,13,82,13,1591,203,1591,203,,,,,,,,,1781,219,1781,219,621,79,621,79,1539,170,1539,170,2399,286,2399,286
4175,,,,,978,107,978,107,,,,,,,,,1525,149,1525,149,,,,,,,,,841,93,841,93,,,,,,,,,2173,229,2173,229,2331,231,2331,231,,,,,2195,229,2195,229
43313,,,,,978,65,43,3,44,3,19,1,339,14,69,3,1088,78,107,7,66,1,41,1,1343,84,185,7,486,31,486,31,,,,,,,,,,,,,,,,,,,,,,,,
33860,,,,,978,55,978,55,571,42,571,42,1574,85,1574,85,,,,,792,48,792,48,192,9,192,9,994,65,994,65,,,,,,,,,900,49,900,49,1279,92,1279,92,1777,107,1777,107,549,43,549,43
26039,,,,,37,7,37,7,25,5,25,5,55,8,55,8,58,10,58,10,,,,,,,,,,,,,,,,,,,,,,,,,,,,,120,16,120,16,,,,
2154,,,,,992,129,992,129,722,94,722,94,1126,134,1126,134,366,47,366,47,1826,218,1826,218,1328,161,1328,161,,,,,,,,,,,,,,,,,,,,,,,,,,,,
3294,,,,,992,160,992,160,1373,208,1373,208,,,,,,,,,,,,,1019,125,1019,125,1836,230,1836,230,1282,157,1282,157,1243,151,1243,151,,,,,,,,,,,,,,,,
1700,,,,,38,5,38,5,,,,,15,3,15,3,39,5,39,5,85,10,85,10,,,,,,,,,,,,,,,,,13,5,13,5,47,6,47,6,101,13,101,13,44,5,44,5
25741,,,,,1004,60,1004,60,515,29,515,29,825,47,825,47,1555,84,1555,84,,,,,800,46,800,46,1019,50,1019,50,626,25,626,25,1364,67,1364,67,838,50,838,50,1043,55,1043,55,621,36,621,36,722,32,722,32
35513,,,,,1004,162,1004,162,,,,,,,,,187,29,187,29,559,67,559,67,1038,129,1038,129,955,119,955,119,703,83,703,83,531,66,531,66,1800,220,1800,220,928,116,928,116,1461,153,1461,153,242,32,242,32
58346,,,,,39,6,39,6,22,3,22,3,47,11,47,11,70,11,70,11,44,6,44,6,33,4,33,4,76,8,76,8,48,8,48,8,46,6,46,6,106,18,106,18,68,7,68,7,112,16,112,16,116,19,116,19
51825,,,,,1013,132,1013,132,,,,,,,,,,,,,1024,131,1024,131,1629,207,1629,207,,,,,,,,,,,,,,,,,,,,,,,,,,,,
22977,,,,,1013,149,1013,149,84,15,84,15,795,100,795,100,,,,,,,,,1279,186,1279,186,,,,,,,,,279,29,279,29,271,37,271,37,1810,236,1810,236,806,106,806,106,981,126,981,126
42055,,,,,1031,135,1031,135,195,20,195,20,262,24,262,24,1831,175,1831,175,455,46,455,46,1613,161,1613,161,566,64,566,64,1126,114,1126,114,1053,127,1053,127,1698,184,1698,184,140,21,140,21,2441,245,2441,245,223,25,223,25
39608,,,,,1031,50,1031,50,1401,72,1401,72,106,6,106,6,534,24,534,24,1921,84,1921,84,232,12,232,12,1819,88,1819,88,588,29,588,29,72,5,72,5,1735,89,1735,89,2161,103,2161,103,1461,85,1461,85,453,23,453,23
19922,,,,,1039,62,1039,62,319,18,319,18,,,,,,,,,,,,,,,,,,,,,,,,,,,,,,,,,,,,,,,,,,,,
27466,,,,,1039,136,1039,136,1241,166,1241,166,,,,,,,,,1932,233,1932,233,,,,,,,,,,,,,,,,,,,,,,,,,1163,123,1163,123,1706,187,1706,187
904,,,,,1039,136,1039,136,485,66,485,66,412,52,412,52,1786,221,1786,221,1855,226,1855,226,,,,,,,,,,,,,,,,,,,,,,,,,,,,,,,,
5514,,,,,1052,71,1052,71,638,37,638,37,1735,99,1735,99,821,53,821,53,1956,119,1956,119,1550,99,1550,99,,,,,,,,,,,,,,,,,,,,,,,,,,,,
8437,,,,,1064,140,1064,140,,,,,,,,,,,,,,,,,,,,,,,,,,,,,,,,,,,,,,,,,,,,,2255,255,2255,255
16517,,,,,1064,112,1064,112,,,,,,,,,,,,,,,,,,,,,,,,,,,,,,,,,,,,,,,,,,,,,,,,
53444,,,,,1064,73,1064,73,,,,,374,18,374,18,,,,,,,,,,,,,,,,,,,,,,,,,,,,,,,,,,,,,,,,
22459,,,,,1064,64,1064,64,31,3,31,3,825,47,825,47,736,42,736,42,1900,98,1900,98,606,36,606,36,1705,84,1705,84,1412,69,1412,69,166,9,166,9,237,13,237,13,1141,61,1141,61,1868,103,1868,103,2302,115,2302,115
59848,,,,,1064,171,1064,171,690,104,690,104,301,40,301,40,884,127,884,127,1791,233,1791,233,,,,,,,,,,,,,,,,,,,,,,,,,,,,,,,,
3779,,,,,1064,157,1064,157,1016,149,1016,149,445,58,445,58,1699,222,1699,222,,,,,,,,,,,,,,,,,,,,,,,,,,,,,,,,,,,,
17464,,,,,1075,158,1075,158,822,117,822,117,349,51,349,51,1862,251,1862,251,,,,,,,,,,,,,,,,,,,,,,,,,,,,,,,,,,,,
6208,,,,,1090,118,1090,118,,,,,,,,,,,,,,,,,,,,,,,,,,,,,,,,,,,,,,,,,,,,,,,,
23878,,,,,1090,160,1090,160,231,33,231,33,1249,175,1249,175,1470,193,1470,193,12,3,12,3,1019,145,1019,145,1591,228,1591,228,458,73,458,73,416,47,416,47,90,6,90,6,2179,286,2179,286,1326,173,1326,173,2274,297,2274,297
25314,,,,,1090,85,1090,85,1029,88,1029,88,,,,,366,25,366,25,1603,113,1603,113,432,39,432,39,797,65,797,65,1653,150,1653,150,173,18,173,18,1918,150,1918,150,1197,79,1197,79,198,15,198,15,2450,174,2450,174
37592,,,,,1098,86,1098,86,,,,,,,,,,,,,,,,,,,,,,,,,,,,,,,,,,,,,,,,,,,,,,,,
13364,,,,,1106,176,1106,176,,,,,,,,,,,,,,,,,1820,228,1820,228,1480,189,1480,189,1104,130,1104,130,213,28,213,28,1654,208,1654,208,,,,,,,,,,,,
46594,,,,,44,9,44,9,,,,,17,2,17,2,50,9,50,9,67,8,67,8,47,11,47,11,8,3,8,3,40,9,40,9,30,5,30,5,54,10,54,10,81,12,81,12,,,,,,,,
6011,,,,,1106,65,1106,65,52,4,52,4,1068,66,1068,66,1505,80,1505,80,1480,77,1480,77,,,,,,,,,,,,,,,,,,,,,,,,,,,,,,,,
20232,,,,,1132,119,1132,119,,,,,,,,,,,,,,,,,698,80,698,80,1100,111,1100,111,458,51,458,51,416,56,416,56,1196,131,1196,131,1674,168,1674,168,1438,150,1438,150,503,58,503,58
26087,,,,,1132,87,1132,87,319,25,319,25,1382,105,1382,105,1175,86,1175,86,880,59,880,59,155,14,155,14,1152,89,1152,89,400,42,400,42,785,74,785,74,1815,141,1815,141,1705,121,1705,121,686,52,686,52,2016,131,2016,131
5088,,,,,1132,78,1132,78,,,,,,,,,884,60,884,60,816,50,816,50,635,35,635,35,1459,96,1459,96,1502,86,1502,86,717,48,717,48,571,38,571,38,1380,76,1380,76,1489,104,1489,104,410,28,410,28
5635,,,,,1142,54,1142,54,,,,,,,,,,,,,,,,,,,,,,,,,,,,,,,,,,,,,,,,,,,,,,,,
54693,,,,,1142,181,1142,181,505,75,505,75,1752,247,1752,247,,,,,,,,,483,60,483,60,817,106,817,106,,,,,,,,,1323,172,1323,172,2161,265,2161,265,1363,141,1363,141,2069,249,2069,249
19961,,,,,1142,54,1142,54,658,31,658,31,1219,47,1219,47,534,20,534,20,1042,52,1042,52,522,25,522,25,2137,108,2137,108,,,,,,,,,,,,,282,17,282,17,2394,130,2394,130,1204,80,1204,80
46046,,,,,1160,89,1160,89,,,,,1620,125,1620,125,,,,,,,,,132,12,132,12,1962,150,1962,150,,,,,,,,,,,,,2331,175,2331,175,2349,179,2349,179,,,,
58788,,,,,1173,53,1173,53,,,,,,,,,,,,,,,,,,,,,,,,,,,,,,,,,2102,106,2102,106,1423,71,1423,71,,,,,,,,
26784,,,,,1173,69,1173,69,205,10,205,10,1382,78,1382,78,,,,,,,,,1524,84,1524,84,,,,,,,,,,,,,,,,,,,,,,,,,,,,
9448,,,,,1173,69,1173,69,,,,,,,,,,,,,49,2,49,2,1596,90,1596,90,2073,109,2073,109,,,,,,,,,374,25,374,25,414,21,414,21,1896,105,1896,105,1870,90,1870,90
12517,,,,,1173,172,1173,172,,,,,1266,179,1266,179,,,,,,,,,343,48,343,48,929,136,929,136,1282,200,1282,200,992,148,992,148,1392,188,1392,188,1858,242,1858,242,506,65,506,65,233,35,233,35
26619,,,,,1186,184,1186,184,,,,,,,,,,,,,,,,,1173,146,1173,146,1529,195,1529,195,,,,,,,,,473,68,473,68,2120,254,2120,254,2018,238,2018,238,,,,
31861,,,,,1186,60,1186,60,,,,,,,,,,,,,1283,64,1283,64,595,29,595,29,1351,73,1351,73,1478,77,1478,77,539,29,539,29,102,6,102,6,636,36,636,36,528,34,528,34,539,38,539,38
6351,,,,,1186,34,1186,34,1222,39,1222,39,795,66,795,66,659,32,659,32,303,16,303,16,934,42,934,42,1328,65,1328,65,,,,,,,,,1832,87,1832,87,1810,92,1810,92,1732,97,1732,97,1615,87,1615,87
9795,,,,,47,2,47,2,,,,,,,,,,,,,,,,,,,,,,,,,,,,,,,,,,,,,,,,,,,,,,,,
1733,,,,,1193,165,1193,165,976,128,976,128,398,50,398,50,1747,216,1747,216,,,,,1524,188,1524,188,,,,,1478,180,1478,180,,,,,,,,,,,,,,,,,,,,
58359,,,,,1193,63,1193,63,,,,,,,,,,,,,,,,,,,,,,,,,,,,,,,,,,,,,,,,,,,,,,,,
58324,,,,,1193,165,1193,165,249,36,249,36,,,,,,,,,,,,,1574,195,1574,195,,,,,,,,,,,,,,,,,,,,,,,,,,,,
45787,,,,,1193,125,89,13,1103,112,130,15,725,60,115,3,631,53,631,53,709,70,709,70,624,69,624,69,1591,156,1591,156,,,,,,,,,,,,,,,,,,,,,,,,
39358,,,,,1208,185,1208,185,,,,,936,120,936,120,755,113,755,113,1760,230,1760,230,,,,,1378,173,1378,173,1562,195,1562,195,,,,,,,,,,,,,,,,,1114,136,1114,136
47035,,,,,1208,18,1208,18,,,,,,,,,,,,,,,,,,,,,,,,,,,,,,,,,,,,,,,,,,,,,,,,
12007,,,,,1208,94,1208,94,363,34,363,34,511,43,511,43,442,35,442,35,642,44,642,44,1937,146,1937,146,1152,89,1152,89,1252,101,1252,101,1432,135,1432,135,767,57,767,57,1224,82,1224,82,2360,180,2360,180,1266,85,1266,85
24749,,,,,1208,65,1208,65,,,,,1620,76,1620,76,,,,,1396,72,1396,72,1423,66,1423,66,1505,79,1505,79,,,,,,,,,941,52,941,52,2129,117,2129,117,322,20,322,20,2419,152,2419,152
4805,,,,,1220,172,1220,172,,,,,,,,,,,,,,,,,,,,,,,,,,,,,,,,,,,,,,,,,,,,,,,,
25886,,,,,1229,16,1229,16,,,,,,,,,934,16,934,16,411,7,411,7,844,11,844,11,1219,21,1219,21,,,,,,,,,1781,24,1781,24,1096,17,1096,17,960,18,960,18,565,9,565,9
47942,,,,,1229,86,1229,86,,,,,,,,,,,,,411,20,411,20,670,38,670,38,1505,98,1505,98,1368,77,1368,77,1074,67,1074,67,941,55,941,55,461,27,461,27,1055,80,1055,80,549,42,549,42
28003,,,,,1229,54,1229,54,1487,75,1487,75,,,,,,,,,,,,,,,,,,,,,,,,,,,,,,,,,,,,,,,,,,,,
27905,,,,,1229,128,1229,128,585,56,585,56,,,,,,,,,,,,,,,,,,,,,,,,,,,,,,,,,,,,,,,,,,,,
12177,,,,,1238,96,1238,96,1414,115,1414,115,737,57,737,57,1727,126,1727,126,642,44,642,44,1151,90,1151,90,1078,82,1078,82,1311,111,1311,111,,,,,,,,,1774,130,1774,130,388,34,388,34,892,57,892,57
19711,,,,,1246,66,1246,66,,,,,,,,,,,,,1216,62,1216,62,192,14,192,14,2032,104,2032,104,1252,66,1252,66,1524,79,1524,79,,,,,,,,,,,,,,,,
49090,,,,,1254,133,1254,133,,,,,1518,142,1518,142,,,,,980,98,980,98,558,61,558,61,1378,133,1378,133,893,91,893,91,746,96,746,96,1087,121,1087,121,1279,135,1279,135,143,19,143,19,2274,237,2274,237
27219,,,,,1254,176,1254,176,1222,164,1222,164,,,,,1620,197,1620,197,,,,,408,44,408,44,397,35,397,35,1252,150,1252,150,1292,156,1292,156,33,5,33,5,1724,204,1724,204,725,77,725,77,2374,272,2374,272
8895,,,,,1261,182,1261,182,,,,,563,70,563,70,864,111,864,111,692,102,692,102,775,112,775,112,1617,231,1617,231,626,93,626,93,1364,209,1364,209,876,128,876,128,912,106,912,106,705,94,705,94,2302,303,2302,303
27841,,,,,1261,177,1261,177,1178,161,1178,161,,,,,659,85,659,85,1508,187,1508,187,204,16,204,16,1953,226,1953,226,,,,,,,,,722,81,722,81,1502,173,1502,173,1644,175,1644,175,2211,248,2211,248
48105,,,,,48,1,48,1,8,1,8,1,62,1,62,1,71,11,71,11,35,1,35,1,,,,,,,,,,,,,,,,,,,,,,,,,,,,,,,,
41417,,,,,1270,61,1270,61,,,,,1538,65,1538,65,,,,,1571,70,1571,70,1001,42,1001,42,1591,64,1591,64,,,,,,,,,,,,,,,,,1326,56,1326,56,1728,58,1728,58
47186,,,,,1280,193,13,6,,,,,1304,179,58,16,505,79,81,22,1140,138,130,27,1107,140,173,33,1637,208,205,36,1674,213,1674,213,,,,,1858,228,1858,228,2298,279,2298,279,,,,,,,,
33053,,,,,1280,101,1280,101,1411,114,1411,114,,,,,534,46,534,46,1377,97,1377,97,1173,91,1173,91,1249,98,1249,98,,,,,,,,,283,18,283,18,621,39,621,39,2451,186,2451,186,845,54,845,54
21907,,,,,1299,103,1299,103,,,,,267,24,267,24,1328,96,1328,96,1396,101,1396,101,326,28,326,28,717,59,717,59,1311,111,1311,111,1292,118,1292,118,1323,105,1323,105,2056,153,2056,153,2152,165,2152,165,,,,
16839,,,,,1299,187,1299,187,1256,177,1256,177,,,,,,,,,1216,166,1216,166,793,116,793,116,1657,236,1657,236,703,107,703,107,166,14,166,14,1227,167,1227,167,1011,119,1011,119,1055,134,1055,134,1827,242,1827,242
23005,,,,,1307,70,1307,70,,,,,,,,,,,,,,,,,,,,,,,,,,,,,,,,,,,,,,,,,,,,,,,,
4757,,,,,1322,77,1322,77,852,49,852,49,1423,80,1423,80,,,,,1004,47,1004,47,138,7,138,7,1249,63,1249,63,,,,,,,,,289,16,289,16,1533,87,1533,87,2279,125,2279,125,,,,
52076,,,,,1322,61,1322,61,60,5,60,5,1098,42,1098,42,1767,82,1767,82,541,21,541,21,1613,69,1613,69,287,15,287,15,400,19,400,19,1139,59,1139,59,1884,98,1884,98,529,28,529,28,1868,103,1868,103,2274,118,2274,118
41874,,,,,1326,63,1326,63,,,,,1590,67,1590,67,505,26,505,26,434,17,434,17,125,7,125,7,817,33,817,33,1034,45,1034,45,841,26,841,26,,,,,,,,,621,23,621,23,1237,39,1237,39
11433,,,,,1328,183,1328,183,1449,204,1449,204,,,,,,,,,,,,,,,,,,,,,,,,,,,,,,,,,,,,,,,,,,,,
22257,,,,,1335,184,1335,184,,,,,795,93,795,93,1296,157,1296,157,1941,235,1941,235,,,,,,,,,,,,,,,,,,,,,,,,,,,,,,,,
43349,,,,,1335,202,1335,202,,,,,,,,,,,,,,,,,,,,,,,,,458,57,458,57,1364,170,1364,170,1884,232,1884,232,,,,,,,,,,,,
23067,,,,,1338,80,1338,80,,,,,,,,,,,,,,,,,,,,,,,,,,,,,,,,,,,,,,,,,558,35,558,35,1615,101,1615,101
1953,,,,,1348,81,1348,81,,,,,1361,76,1361,76,,,,,1855,95,1855,95,,,,,,,,,,,,,,,,,,,,,,,,,,,,,1989,94,1989,94
6169,,,,,1352,19,1352,19,,,,,1382,23,1382,23,1368,24,1368,24,,,,,,,,,,,,,,,,,,,,,,,,,,,,,,,,,,,,
5709,,,,,1357,76,1357,76,,,,,,,,,,,,,,,,,,,,,273,21,273,21,,,,,,,,,1918,112,1918,112,,,,,,,,,,,,
24153,,,,,1358,190,1358,190,,,,,,,,,,,,,,,,,,,,,,,,,,,,,,,,,,,,,,,,,,,,,,,,
27174,,,,,1362,74,1362,74,,,,,,,,,,,,,,,,,,,,,,,,,,,,,,,,,,,,,,,,,,,,,,,,
10516,,,,,1362,191,1362,191,,,,,,,,,,,,,,,,,,,,,,,,,,,,,,,,,,,,,,,,,,,,,,,,
10205,,,,,1366,82,1366,82,,,,,,,,,,,,,,,,,,,,,,,,,,,,,,,,,,,,,,,,,,,,,,,,
254,,,,,1366,192,1366,192,,,,,,,,,,,,,,,,,,,,,,,,,,,,,,,,,,,,,,,,,,,,,,,,
1060,,,,,1372,75,1372,75,,,,,,,,,,,,,1760,93,1760,93,,,,,,,,,,,,,1270,61,1270,61,2214,123,2214,123,,,,,1807,99,1807,99,,,,
47185,,,,,1372,204,93,21,1103,159,91,23,795,102,119,21,1296,189,157,37,880,105,880,105,698,88,698,88,1819,226,1819,226,1641,208,1641,208,1317,162,1317,162,,,,,,,,,,,,,,,,
4945,,,,,60,11,60,11,,,,,,,,,,,,,,,,,,,,,,,,,,,,,,,,,,,,,,,,,,,,,,,,
15720,,,,,1380,67,1380,67,,,,,1150,47,1150,47,1747,81,1747,81,,,,,1796,81,1796,81,,,,,,,,,,,,,,,,,,,,,,,,,2394,89,2394,89
42074,,,,,1389,69,1389,69,,,,,,,,,,,,,,,,,1462,70,1462,70,1100,46,1100,46,,,,,,,,,571,12,571,12,1674,66,1674,66,1292,53,1292,53,1585,52,1585,52
33249,,,,,1394,70,1394,70,,,,,,,,,,,,,,,,,,,,,,,,,,,,,339,16,339,16,423,20,423,20,689,35,689,35,558,36,558,36,2521,135,2521,135
37848,,,,,1396,94,1396,94,,,,,,,,,,,,,,,,,,,,,1867,118,1867,118,,,,,,,,,621,40,621,40,220,17,220,17,1826,128,1826,128,1237,100,1237,100
9501,,,,,1401,71,1401,71,,,,,725,25,725,25,1786,83,1786,83,,,,,,,,,,,,,971,43,971,43,1669,60,1669,60,,,,,2075,86,2075,86,,,,,,,,
10476,,,,,1405,78,1405,78,,,,,,,,,,,,,1068,66,1068,66,635,36,635,36,1637,98,1637,98,,,,,,,,,2126,129,2126,129,,,,,2500,151,2500,151,,,,
35291,,,,,1410,80,1410,80,,,,,108,6,108,6,1573,82,1573,82,150,8,150,8,934,58,934,58,2082,126,2082,126,,,,,,,,,1169,68,1169,68,1141,85,1141,85,1270,79,1270,79,110,9,110,9
4756,,,,,1412,86,1412,86,,,,,,,,,,,,,,,,,,,,,1553,77,1553,77,,,,,,,,,,,,,1476,83,1476,83,664,39,664,39,1094,47,1094,47
5767,,,,,1417,67,1417,67,,,,,,,,,934,42,934,42,,,,,,,,,,,,,,,,,,,,,,,,,,,,,,,,,,,,
29991,,,,,1422,87,1422,87,,,,,,,,,,,,,,,,,,,,,,,,,,,,,,,,,,,,,,,,,,,,,,,,
12625,,,,,1422,206,1422,206,,,,,,,,,,,,,,,,,,,,,,,,,,,,,,,,,,,,,,,,,,,,,,,,
16218,,,,,1422,76,1422,76,,,,,,,,,,,,,,,,,,,,,,,,,,,,,,,,,1439,86,1439,86,1502,90,1502,90,1675,91,1675,91,1706,114,1706,114
36071,,,,,1427,111,1427,111,,,,,445,38,445,38,1368,104,1368,104,228,18,228,18,408,38,408,38,907,72,907,72,588,60,588,60,771,71,771,71,621,47,621,47,1597,113,1597,113,1326,110,1326,110,539,39,539,39
29032,,,,,1431,82,1431,82,,,,,,,,,692,34,692,34,334,18,334,18,1574,91,1574,91,486,32,486,32,,,,,,,,,496,27,496,27,1423,102,1423,102,2334,140,2334,140,999,64,999,64
29384,,,,,1439,205,1439,205,,,,,,,,,,,,,,,,,,,,,,,,,,,,,,,,,,,,,,,,,,,,,,,,
47128,,,,,,,,,4,1,3,1,100,1,39,1,349,7,72,3,79,1,45,1,698,7,142,4,1678,28,1678,28,669,10,669,10,83,1,83,1,1918,100,1918,100,1641,194,1641,194,,,,,,,,
50716,,,,,,,,,5,2,1,1,4,1,3,1,272,40,19,7,143,22,38,8,14,4,10,3,43,10,30,10,1641,208,136,30,627,79,131,26,158,23,69,13,689,79,689,79,1558,132,1558,132,503,35,503,35
52475,,,,,,,,,8,1,2,1,136,13,13,1,79,9,28,2,940,93,70,9,522,54,103,14,224,29,64,14,1282,138,169,24,,,,,,,,,,,,,,,,,,,,
52519,,,,,,,,,1,1,1,1,47,1,1,1,32,4,5,1,17,2,4,1,1,1,1,1,22,1,9,1,25,3,12,3,64,10,23,4,42,8,42,8,17,2,17,2,40,5,40,5,94,7,94,7
55468,,,,,,,,,13,4,1,1,273,37,1,1,9,3,2,1,73,14,14,2,653,85,18,5,40,9,23,8,26,7,15,6,717,91,86,16,305,47,71,12,1173,147,176,26,,,,,,,,
49472,,,,,,,,,14,1,4,1,14,2,8,1,580,77,52,5,215,26,65,10,1306,160,132,8,30,2,25,2,1668,182,206,31,643,84,643,84,,,,,,,,,,,,,,,,
59249,,,,,,,,,14,2,9,1,120,8,48,2,864,46,130,4,1357,71,1357,71,110,5,110,5,1420,70,1420,70,400,17,400,17,270,16,270,16,1714,103,1714,103,1011,53,1011,53,,,,,,,,
45836,,,,,,,,,17,3,12,3,591,53,101,16,224,17,67,9,276,30,276,30,729,84,729,84,119,19,119,19,377,41,377,41,330,48,330,48,1678,181,1678,181,2278,226,2278,226,985,109,985,109,928,68,928,68
51388,,,,,,,,,18,5,3,3,22,4,7,2,89,20,15,5,161,24,40,9,29,7,18,6,1044,134,119,23,32,9,21,7,161,22,76,16,1392,83,177,16,843,60,843,60,,,,,,,,
43829,,,,,,,,,23,2,15,1,221,7,72,5,1328,67,159,8,54,3,54,3,1863,108,1863,108,866,53,866,53,349,9,349,9,287,18,287,18,921,52,921,52,1724,114,1724,114,1514,93,1514,93,242,24,242,24
55039,,,,,,,,,27,3,7,2,24,4,9,1,6,1,5,1,1120,140,71,2,,,,,,,,,532,67,111,22,106,14,62,13,196,33,196,33,597,77,597,77,1965,228,1965,228,,,,
43841,,,,,,,,,28,4,14,2,48,4,23,3,65,2,34,1,1480,84,183,8,670,37,139,8,397,26,397,26,400,12,400,12,1599,36,1599,36,1113,63,1113,63,1197,87,1197,87,403,27,403,27,2211,133,2211,133
49606,,,,,,,,,30,4,15,4,76,11,35,4,390,50,76,4,103,4,54,2,1937,247,214,15,1019,112,1019,112,330,37,330,37,416,46,416,46,35,6,35,6,96,15,96,15,621,65,621,65,,,,
44179,,,,,,,,,34,5,8,1,62,8,23,3,659,81,54,4,87,15,44,8,408,54,97,7,817,118,153,13,1533,243,193,20,493,60,493,60,1953,250,1953,250,1353,172,1353,172,,,,,,,,
50517,,,,,,,,,43,9,18,3,89,8,25,2,168,16,56,8,1891,196,147,21,70,7,42,7,1553,151,201,27,1664,180,1664,180,448,60,448,60,1562,166,1562,166,877,94,877,94,,,,,,,,
44725,,,,,,,,,47,8,20,7,25,5,16,4,43,11,28,9,199,30,62,15,775,96,150,28,1295,184,186,18,565,82,565,82,1317,204,1317,204,637,88,637,88,1353,172,1353,172,298,36,298,36,1670,226,1670,226
57304,,,,,,,,,47,5,47,5,1183,141,1183,141,1525,186,1525,186,816,105,816,105,343,38,343,38,2137,254,2137,254,,,,,,,,,921,105,921,105,1774,209,1774,209,1514,158,1514,158,,,,
37935,,,,,,,,,47,5,47,5,1183,60,1183,60,1594,83,1594,83,29,1,29,1,1019,61,1019,61,1392,86,1392,86,,,,,,,,,1439,86,1439,86,547,34,547,34,960,60,960,60,2211,133,2211,133
51159,,,,,,,,,54,5,27,2,208,13,59,3,272,16,78,2,1238,61,172,7,2087,112,2087,112,341,14,341,14,,,,,,,,,1169,66,1169,66,,,,,,,,,,,,
48712,,,,,,,,,54,6,54,6,1290,70,1290,70,306,14,306,14,940,61,940,61,147,7,147,7,1505,91,1505,91,565,18,565,18,213,14,213,14,571,32,571,32,67,4,67,4,2262,133,2262,133,1114,70,1114,70
44694,,,,,,,,,64,11,10,5,120,18,12,3,38,9,21,6,,,,,,,,,,,,,,,,,,,,,,,,,,,,,,,,,,,,
40925,,,,,,,,,64,2,64,2,1322,54,1322,54,177,7,177,7,380,23,380,23,606,30,606,30,841,43,841,43,703,39,703,39,105,6,105,6,1945,114,1945,114,92,1,92,1,1732,93,1732,93,701,51,701,51
33897,,,,,,,,,68,10,68,10,1553,218,1553,218,534,37,534,37,672,40,672,40,204,16,204,16,1933,122,1933,122,626,36,626,36,848,52,848,52,1148,157,1148,157,1423,182,1423,182,2398,311,2398,311,1781,238,1781,238
14300,,,,,,,,,82,14,82,14,1676,235,1676,235,755,113,755,113,1548,199,1548,199,1764,222,1764,222,1392,174,1392,174,,,,,,,,,462,66,462,66,282,33,282,33,2066,244,2066,244,1670,193,1670,193
43981,,,,,,,,,2,1,2,1,,,,,,,,,,,,,,,,,,,,,,,,,,,,,,,,,,,,,,,,,,,,
43222,,,,,,,,,88,5,88,5,528,27,528,27,1074,76,1074,76,743,42,743,42,1574,102,1574,102,929,60,929,60,893,52,893,52,870,55,870,55,1654,93,1654,93,200,14,200,14,1943,138,1943,138,432,31,432,31
50731,,,,,,,,,88,16,4,1,3,1,2,1,40,3,11,2,26,5,19,4,84,4,31,1,1019,67,118,7,669,20,96,9,208,11,84,6,1392,83,177,16,1141,75,1141,75,1868,113,1868,113,432,59,432,59
54077,,,,,,,,,93,4,93,4,1590,73,1590,73,1017,42,1017,42,1622,80,1622,80,,,,,,,,,,,,,,,,,,,,,,,,,,,,,,,,
23449,,,,,,,,,93,7,93,7,936,50,936,50,647,32,647,32,661,38,661,38,1019,61,1019,61,686,42,686,42,703,107,703,107,194,20,194,20,68,8,68,8,1445,167,1445,167,2380,275,2380,275,611,47,611,47
12232,,,,,,,,,112,14,112,14,1737,213,1737,213,306,41,306,41,792,101,792,101,1863,238,1863,238,1678,199,1678,199,565,63,565,63,183,21,183,21,1148,136,1148,136,2140,265,2140,265,2438,280,2438,280,,,,
39437,,,,,,,,,117,21,39,5,1423,198,112,12,,,,,,,,,,,,,,,,,,,,,,,,,,,,,6,1,6,1,877,116,877,116,643,75,643,75
21727,,,,,,,,,117,3,117,3,1687,98,1687,98,,,,,,,,,,,,,,,,,,,,,,,,,,,,,,,,,,,,,,,,
12041,,,,,,,,,132,15,132,15,1700,153,1700,153,57,7,57,7,1193,57,1193,57,1863,86,1863,86,2170,91,2170,91,85,5,85,5,1139,41,1139,41,1918,67,1918,67,,,,,,,,,,,,
372,,,,,,,,,5,1,3,1,3,1,2,1,10,6,4,3,15,5,7,3,29,8,14,2,12,6,12,6,64,14,64,14,8,2,8,2,60,9,60,9,50,9,50,9,17,5,17,5,62,12,62,12
18814,,,,,,,,,137,16,137,16,1361,128,1361,128,,,,,,,,,,,,,1480,73,1480,73,1587,73,1587,73,1270,66,1270,66,1247,61,1247,61,1313,69,1313,69,118,3,118,3,323,14,323,14
12760,,,,,,,,,147,22,147,22,1049,138,1049,138,1001,147,1001,147,1396,179,1396,179,89,15,89,15,2154,269,2154,269,,,,,,,,,994,132,994,132,2001,242,2001,242,1055,110,1055,110,2229,266,2229,266
38809,,,,,,,,,147,8,42,2,1322,54,109,4,1525,71,165,10,48,4,35,2,1107,51,1107,51,1078,51,1078,51,123,5,123,5,964,47,964,47,1678,96,1678,96,1724,99,1724,99,1751,95,1751,95,84,6,84,6
352,,,,,,,,,150,24,12,3,615,78,17,3,956,124,58,5,111,23,35,8,141,20,60,3,1819,253,137,13,788,119,131,12,657,89,134,11,797,115,797,115,54,9,54,9,2245,291,2245,291,1966,261,1966,261
61219,,,,,,,,,155,18,155,18,1518,142,1518,142,1513,144,1513,144,1396,148,1396,148,1367,147,1367,147,,,,,,,,,,,,,,,,,,,,,,,,,,,,
18287,,,,,,,,,167,8,167,8,795,45,795,45,1793,93,1793,93,559,29,559,29,1777,97,1777,97,1100,53,1100,53,893,42,893,42,1387,68,1387,68,1756,107,1756,107,,,,,1137,68,1137,68,1328,63,1328,63
35937,,,,,,,,,167,8,167,8,604,34,604,34,70,2,70,2,620,34,620,34,962,57,962,57,2135,114,2135,114,933,45,933,45,1675,88,1675,88,324,20,324,20,270,11,270,11,643,38,643,38,1420,67,1420,67
47358,,,,,,,,,173,17,13,1,20,3,12,2,121,12,36,6,334,28,82,8,,,,,,,,,1629,148,200,21,643,56,643,56,462,49,462,49,288,33,288,33,314,39,314,39,290,35,290,35
14446,,,,,,,,,173,25,173,25,899,117,899,117,900,115,900,115,620,90,620,90,1107,154,1107,154,1442,204,1442,204,51,5,51,5,1284,201,1284,201,1953,250,1953,250,1836,239,1836,239,1091,138,1091,138,2016,266,2016,266
53005,,,,,,,,,179,4,14,1,648,43,18,1,106,8,35,2,15,1,11,1,432,30,98,8,640,43,99,5,28,1,23,1,1353,74,175,8,1439,91,1439,91,248,20,248,20,931,47,931,47,1781,107,1781,107
48827,,,,,,,,,186,7,186,7,760,36,760,36,534,24,534,24,380,42,380,42,1909,87,1909,87,1272,61,1272,61,1670,78,1670,78,461,24,461,24,1087,53,1087,53,,,,,,,,,159,9,159,9
46581,,,,,,,,,190,29,32,12,795,102,52,13,60,13,32,11,1337,168,134,28,978,116,165,31,1997,250,230,42,260,32,260,32,,,,,,,,,,,,,,,,,,,,
46968,,,,,,,,,190,5,15,2,152,9,31,1,102,23,34,11,25,6,23,6,698,64,114,10,195,30,79,17,,,,,,,,,,,,,,,,,,,,,,,,
43306,,,,,,,,,190,29,190,29,1469,201,1469,201,94,22,94,22,1548,80,1548,80,70,2,70,2,341,20,341,20,282,14,282,14,785,51,785,51,2244,136,2244,136,529,33,529,33,136,15,136,15,1728,136,1728,136
7415,,,,,,,,,195,27,195,27,1732,212,1732,212,659,85,659,85,709,86,709,86,670,68,670,68,994,109,994,109,1166,134,1166,134,1581,202,1581,202,,,,,,,,,,,,,,,,
8859,,,,,,,,,199,28,199,28,990,117,990,117,821,103,821,103,672,78,672,78,800,89,800,89,1997,232,1997,232,1198,141,1198,141,,,,,,,,,,,,,,,,,,,,
14587,,,,,,,,,205,30,205,30,1049,145,1049,145,411,54,411,54,1238,172,1238,172,1646,227,1646,227,1392,198,1392,198,282,45,282,45,1000,151,1000,151,1484,199,1484,199,636,81,636,81,168,19,168,19,2542,334,2542,334
37111,,,,,,,,,213,18,213,18,706,41,706,41,1594,83,1594,83,103,4,103,4,558,31,558,31,1933,120,1933,120,,,,,,,,,,,,,,,,,,,,,,,,
54032,,,,,,,,,213,4,213,4,857,13,857,13,109,4,109,4,792,19,792,19,1663,23,1663,23,224,4,224,4,,,,,,,,,1148,12,1148,12,444,8,444,8,1241,22,1241,22,565,9,565,9
63058,,,,,,,,,9,3,9,3,29,6,29,6,43,15,43,15,62,17,62,17,58,17,58,17,81,25,81,25,,,,,,,,,51,7,51,7,82,14,82,14,,,,,,,,
11790,,,,,,,,,213,31,213,31,604,74,604,74,1497,199,1497,199,411,68,411,68,962,139,962,139,1459,207,1459,207,1689,101,1689,101,97,3,97,3,968,58,968,58,1476,85,1476,85,1514,105,1514,105,384,52,384,52
40811,,,,,,,,,225,20,225,20,497,41,497,41,821,63,821,63,692,48,692,48,1550,121,1550,121,208,17,208,17,217,22,217,22,1688,148,1688,148,22,2,22,2,,,,,,,,,503,35,503,35
44737,,,,,,,,,225,33,50,14,1639,222,172,35,,,,,,,,,,,,,109,18,109,18,823,95,823,95,425,58,425,58,56,6,56,6,2307,283,2307,283,1163,123,1163,123,1160,142,1160,142
37855,,,,,,,,,10,4,10,4,37,11,37,11,33,14,33,14,35,9,35,9,77,24,77,24,33,9,33,9,6,2,6,2,68,16,68,16,65,12,65,12,,,,,,,,,20,4,20,4
27787,,,,,,,,,243,20,243,20,1659,89,1659,89,230,10,230,10,661,38,661,38,844,48,844,48,1617,96,1617,96,,,,,,,,,2225,137,2225,137,1043,79,1043,79,238,16,238,16,1328,82,1328,82
51158,,,,,,,,,249,14,249,14,27,3,27,3,1088,106,1088,106,1319,141,1319,141,1019,105,1019,105,1122,113,1122,113,971,102,971,102,381,53,381,53,181,25,181,25,2161,215,2161,215,664,75,664,75,1638,173,1638,173
49714,,,,,,,,,11,2,4,1,38,4,7,1,80,9,16,2,,,,,,,,,,,,,,,,,,,,,54,9,54,9,82,9,82,9,75,10,75,10,27,2,27,2
14920,,,,,,,,,263,40,263,40,1183,159,1183,159,,,,,,,,,1279,154,1279,154,,,,,,,,,,,,,1623,202,1623,202,2364,290,2364,290,,,,,,,,
5651,,,,,,,,,263,39,263,39,364,47,364,47,1218,147,1218,147,709,86,709,86,1980,252,1980,252,779,78,779,78,304,35,304,35,1017,117,1017,117,473,51,473,51,2065,256,2065,256,1292,133,1292,133,2471,283,2471,283
25388,,,,,,,,,263,7,263,7,615,51,615,51,864,47,864,47,1904,98,1904,98,473,23,473,23,320,7,320,7,1104,74,1104,74,1623,93,1623,93,555,33,555,33,2217,115,2217,115,1826,100,1826,100,,,,
3637,,,,,,,,,275,7,275,7,1126,72,1126,72,1088,62,1088,62,588,38,588,38,1173,68,1173,68,,,,,,,,,,,,,,,,,,,,,,,,,,,,
59346,,,,,,,,,284,42,284,42,189,26,189,26,1296,165,1296,165,1645,241,1645,241,,,,,,,,,,,,,,,,,,,,,,,,,,,,,,,,
61464,,,,,,,,,284,45,284,45,,,,,,,,,,,,,,,,,,,,,1344,144,1344,144,1345,152,1345,152,821,91,821,91,1353,139,1353,139,1091,117,1091,117,184,20,184,20
1803,,,,,,,,,309,17,309,17,725,42,725,42,562,31,562,31,1166,57,1166,57,978,59,978,59,414,22,414,22,1126,52,1126,52,1648,87,1648,87,1148,64,1148,64,1502,84,1502,84,1326,79,1326,79,1541,71,1541,71
41012,,,,,,,,,309,11,309,11,1620,75,1620,75,1620,72,1620,72,,,,,1629,71,1629,71,,,,,,,,,,,,,,,,,,,,,,,,,,,,
54127,,,,,,,,,309,11,309,11,1266,55,1266,55,262,14,262,14,1557,67,1557,67,1401,59,1401,59,353,19,353,19,999,51,999,51,1149,60,1149,60,214,15,214,15,2320,110,2320,110,388,18,388,18,1913,102,1913,102
47055,,,,,,,,,12,2,5,2,45,1,4,1,13,1,5,1,13,1,6,1,77,11,26,4,,,,,,,,,,,,,,,,,,,,,,,,,,,,
17047,,,,,,,,,333,15,333,15,1603,73,1603,73,,,,,980,47,980,47,1998,93,1998,93,,,,,,,,,,,,,,,,,1096,57,1096,57,1708,96,1708,96,2255,117,2255,117
2158,,,,,,,,,333,44,333,44,957,115,957,115,1350,163,1350,163,1377,172,1377,172,755,80,755,80,1553,179,1553,179,1533,191,1533,191,730,76,730,76,821,96,821,96,1423,162,1423,162,1558,162,1558,162,1114,120,1114,120
3424,,,,,,,,,333,52,333,52,240,33,240,33,1417,205,1417,205,1968,254,1968,254,,,,,,,,,1126,134,1126,134,1270,153,1270,153,,,,,,,,,,,,,,,,
47532,,,,,,,,,341,8,74,4,1219,79,149,11,1804,102,1804,102,,,,,,,,,,,,,,,,,,,,,,,,,,,,,,,,,,,,
49030,,,,,,,,,341,28,39,3,990,76,56,5,187,15,57,7,1508,107,139,10,1917,144,212,16,302,13,97,4,1502,74,1502,74,397,26,397,26,1972,117,1972,117,1141,61,1141,61,1751,96,1751,96,,,,
38906,,,,,,,,,341,28,74,7,1249,90,1249,90,1731,127,1731,127,,,,,463,41,463,41,1899,94,1899,94,1282,61,1282,61,,,,,,,,,,,,,,,,,,,,
19690,,,,,,,,,354,53,354,53,,,,,,,,,,,,,,,,,,,,,856,135,856,135,1230,192,1230,192,,,,,,,,,,,,,,,,
44960,,,,,,,,,354,16,354,16,1650,78,1650,78,148,6,148,6,692,31,692,31,1796,80,1796,80,817,44,817,44,1166,57,1166,57,1087,54,1087,54,1562,80,1562,80,1533,79,1533,79,118,3,118,3,2412,127,2412,127
58338,,,,,,,,,363,50,363,50,1249,149,1249,149,773,98,773,98,1587,198,1587,198,204,16,204,16,779,78,779,78,1070,120,1070,120,1317,162,1317,162,289,33,289,33,2161,267,2161,267,,,,,,,,
12679,,,,,,,,,15,2,15,2,30,8,30,8,36,5,36,5,59,9,59,9,,,,,,,,,,,,,,,,,,,,,,,,,,,,,13,5,13,5
4935,,,,,,,,,17,2,17,2,20,3,20,3,67,11,67,11,75,10,75,10,81,13,81,13,85,16,85,16,,,,,,,,,,,,,,,,,,,,,,,,
15866,,,,,,,,,389,18,389,18,1753,81,1753,81,,,,,959,45,959,45,934,45,934,45,2080,102,2080,102,,,,,,,,,2218,114,2218,114,,,,,,,,,,,,
6360,,,,,,,,,404,9,404,9,795,56,795,56,,,,,,,,,,,,,,,,,,,,,,,,,174,11,174,11,2093,130,2093,130,2101,122,2101,122,1137,64,1137,64
1499,,,,,,,,,417,38,417,38,251,9,251,9,299,20,299,20,1985,88,1985,88,,,,,,,,,,,,,,,,,,,,,,,,,,,,,,,,
62160,,,,,,,,,417,42,417,42,301,27,301,27,377,31,377,31,914,88,914,88,1132,119,1132,119,686,77,686,77,1126,114,1126,114,1185,138,1185,138,1603,172,1603,172,512,59,512,59,2451,246,2451,246,590,68,590,68
43059,,,,,,,,,417,12,417,12,706,58,706,58,1175,61,1175,61,1068,60,1068,60,1151,52,1151,52,,,,,,,,,,,,,,,,,,,,,,,,,,,,
17644,,,,,,,,,430,65,430,65,44,9,44,9,1858,260,1858,260,134,21,134,21,1719,214,1719,214,670,87,670,87,1070,124,1070,124,673,83,673,83,1832,225,1832,225,159,18,159,18,2404,291,2404,291,1094,134,1094,134
54067,,,,,,,,,18,3,6,2,1,1,1,1,31,5,10,2,43,7,13,2,8,3,4,2,,,,,,,,,70,14,70,14,44,8,44,8,33,7,33,7,90,12,90,12,18,2,18,2
58348,,,,,,,,,443,22,443,22,635,36,635,36,1286,72,1286,72,1441,75,1441,75,1462,78,1462,78,462,25,462,25,933,94,933,94,841,45,841,45,1439,149,1439,149,,,,,,,,,611,72,611,72
58340,,,,,,,,,443,10,443,10,349,3,349,3,1846,34,1846,34,792,19,792,19,,,,,,,,,,,,,,,,,,,,,,,,,,,,,,,,
48677,,,,,,,,,459,70,459,70,973,132,973,132,736,92,736,92,709,103,709,103,1613,225,1613,225,1553,223,1553,223,1603,256,1603,256,848,120,848,120,98,8,98,8,1641,219,1641,219,2477,330,2477,330,807,97,807,97
3291,,,,,,,,,459,69,459,69,760,98,760,98,884,127,884,127,284,39,284,39,1328,161,1328,161,1442,183,1442,183,,,,,,,,,,,,,1916,231,1916,231,725,75,725,75,2016,239,2016,239
58221,,,,,,,,,459,12,459,12,398,5,398,5,1449,25,1449,25,262,3,262,3,978,15,978,15,1044,17,1044,17,,,,,,,,,,,,,,,,,1675,31,1675,31,2386,38,2386,38
61332,,,,,,,,,472,45,472,45,245,22,245,22,,,,,,,,,,,,,,,,,,,,,,,,,,,,,,,,,,,,,,,,
39228,,,,,,,,,485,26,485,26,152,10,152,10,562,31,562,31,1120,55,1120,55,824,49,824,49,1442,73,1442,73,,,,,,,,,2300,137,2300,137,,,,,877,55,877,55,2229,110,2229,110
33972,,,,,,,,,485,22,485,22,1398,63,1398,63,773,28,773,28,269,15,269,15,1462,70,1462,70,471,22,471,22,1686,85,1686,85,1230,59,1230,59,1884,110,1884,110,165,4,165,4,2380,129,2380,129,357,25,357,25
1266,,,,,,,,,495,14,495,14,1528,26,1528,26,1660,28,1660,28,1657,28,1657,28,418,3,418,3,2177,36,2177,36,748,12,748,12,1125,15,1125,15,2111,28,2111,28,1975,28,1975,28,613,13,613,13,,,,
10800,,,,,,,,,505,37,505,37,795,46,795,46,1717,90,1717,90,880,55,880,55,1462,84,1462,84,972,62,972,62,,,,,,,,,,,,,,,,,,,,,,,,
55570,,,,,,,,,505,70,505,70,127,20,127,20,442,56,442,56,901,117,901,117,314,32,314,32,588,57,588,57,1104,122,1104,122,1541,193,1541,193,797,92,797,92,1279,145,1279,145,1292,133,1292,133,565,67,565,67
32220,,,,,,,,,505,24,505,24,152,5,152,5,,,,,,,,,,,,,,,,,,,,,,,,,,,,,,,,,,,,,,,,
45687,,,,,,,,,505,48,505,48,1113,84,1113,84,659,57,659,57,411,33,411,33,899,78,899,78,955,74,955,74,,,,,,,,,,,,,,,,,,,,,,,,
54676,,,,,,,,,524,78,524,78,1666,226,1666,226,,,,,,,,,,,,,,,,,,,,,,,,,,,,,,,,,,,,,,,,
37675,,,,,,,,,539,22,539,22,825,37,825,37,1855,86,1855,86,,,,,,,,,,,,,,,,,,,,,485,29,485,29,1614,83,1614,83,1965,108,1965,108,928,52,928,52
32016,,,,,,,,,539,16,539,16,1150,20,1150,20,,,,,,,,,,,,,,,,,,,,,,,,,,,,,,,,,,,,,,,,
32753,,,,,,,,,556,51,556,51,1126,85,1126,85,864,67,864,67,1848,133,1848,133,41,4,41,4,,,,,,,,,797,76,797,76,2012,159,2012,159,1580,111,1580,111,2325,177,2325,177,,,,
40694,,,,,,,,,29,4,13,3,8,1,8,1,79,12,79,12,21,3,21,3,40,7,40,7,79,10,79,10,34,4,34,4,7,1,7,1,99,14,99,14,19,3,19,3,51,7,51,7,42,4,42,4
21636,,,,,,,,,556,75,556,75,412,52,412,52,1747,216,1747,216,1357,168,1357,168,,,,,2128,251,2128,251,,,,,,,,,1623,196,1623,196,689,77,689,77,2398,277,2398,277,527,60,527,60
29347,,,,,,,,,571,12,571,12,163,10,163,10,692,43,692,43,1887,103,1887,103,2075,119,2075,119,1249,79,1249,79,400,20,400,20,1335,72,1335,72,1392,87,1392,87,1011,70,1011,70,1997,120,1997,120,2348,136,2348,136
14032,,,,,,,,,585,43,585,43,301,13,301,13,809,45,809,45,838,51,838,51,2025,115,2025,115,149,10,149,10,,,,,,,,,1583,91,1583,91,566,36,566,36,1390,87,1390,87,1420,88,1420,88
52598,,,,,,,,,585,33,585,33,1249,69,1249,69,332,22,332,22,1100,71,1100,71,1887,121,1887,121,74,3,74,3,,,,,,,,,,,,,,,,,,,,,,,,
32595,,,,,,,,,603,90,603,90,1546,207,1546,207,,,,,501,62,501,62,1750,221,1750,221,1885,238,1885,238,,,,,,,,,,,,,,,,,,,,,,,,
44733,,,,,,,,,617,92,42,14,,,,,,,,,,,,,,,,,,,,,1070,124,1070,124,1335,166,1335,166,,,,,,,,,,,,,,,,
27376,,,,,,,,,617,14,617,14,1440,91,1440,91,,,,,838,48,838,48,418,20,418,20,1885,92,1885,92,,,,,,,,,,,,,,,,,,,,,,,,
14783,,,,,,,,,617,19,617,19,690,12,690,12,340,6,340,6,729,16,729,16,698,7,698,7,,,,,,,,,,,,,1247,15,1247,15,,,,,,,,,,,,
45844,,,,,,,,,30,5,14,1,26,6,10,2,14,1,14,1,33,5,33,5,35,6,35,6,92,14,92,14,30,5,30,5,5,2,5,2,67,8,67,8,87,10,87,10,55,10,55,10,,,,
49200,,,,,,,,,638,29,43,1,75,5,24,1,1175,50,112,7,380,15,88,9,698,38,142,13,162,7,69,6,59,4,59,4,1115,57,1115,57,605,35,605,35,282,10,282,10,1027,61,1027,61,1266,71,1266,71
10474,,,,,,,,,638,15,638,15,615,51,615,51,1132,59,1132,59,1193,67,1193,67,1219,57,1219,57,332,9,332,9,495,30,495,30,1087,59,1087,59,514,27,514,27,1502,76,1502,76,2325,122,2325,122,611,72,611,72
16738,,,,,,,,,658,40,658,40,25,2,25,2,1573,106,1573,106,1004,101,1004,101,483,49,483,49,1705,173,1705,173,1166,121,1166,121,155,31,155,31,1800,197,1800,197,580,65,580,65,180,24,180,24,1913,196,1913,196
13759,,,,,,,,,669,48,669,48,1659,89,1659,89,272,13,272,13,940,61,940,61,1245,74,1245,74,1789,111,1789,111,,,,,,,,,,,,,,,,,1091,67,1091,67,2274,137,2274,137
35481,,,,,,,,,669,57,669,57,1481,111,1481,111,900,70,900,70,359,29,359,29,1663,127,1663,127,1249,98,1249,98,,,,,,,,,1367,108,1367,108,,,,,,,,,,,,
11177,,,,,,,,,669,65,669,65,648,60,648,60,677,56,677,56,1811,193,1811,193,670,76,670,76,2123,211,2123,211,,,,,,,,,2111,224,2111,224,,,,,,,,,,,,
57579,,,,,,,,,690,30,44,2,62,3,30,1,755,35,96,5,125,9,61,6,455,27,118,11,439,24,439,24,38,2,38,2,1478,72,1478,72,451,25,451,25,170,4,170,4,223,9,223,9,643,35,643,35
13510,,,,,,,,,690,41,690,41,899,53,899,53,755,48,755,48,1042,66,1042,66,934,56,934,56,717,47,717,47,1034,66,1034,66,992,63,992,63,1906,111,1906,111,444,26,444,26,2314,154,2314,154,1071,87,1071,87
758,,,,,,,,,705,60,705,60,1126,85,1126,85,1350,100,1350,100,,,,,653,57,653,57,1859,142,1859,142,626,61,626,61,305,25,305,25,1113,87,1113,87,1313,89,1313,89,153,12,153,12,2386,167,2386,167
47070,,,,,,,,,705,106,705,106,152,21,152,21,1763,254,1763,254,1238,151,1238,151,1613,203,1613,203,,,,,1223,145,1223,145,,,,,2126,258,2126,258,444,57,444,57,2380,287,2380,287,272,36,272,36
58215,,,,,,,,,705,68,705,68,1068,109,1068,109,1752,169,1752,169,1319,141,1319,141,1279,139,1279,139,1705,173,1705,173,,,,,,,,,,,,,,,,,,,,,1495,158,1495,158
32944,,,,,,,,,722,40,722,40,957,57,957,57,1074,56,1074,56,,,,,,,,,,,,,,,,,,,,,,,,,,,,,,,,,,,,
46984,,,,,,,,,722,17,45,4,374,26,42,3,211,18,59,4,31,4,25,3,1343,82,185,13,471,31,125,8,,,,,,,,,555,38,555,38,55,7,55,7,2303,134,2303,134,2195,130,2195,130
62297,,,,,,,,,722,17,722,17,1682,102,1682,102,,,,,,,,,,,,,,,,,,,,,,,,,174,11,174,11,2093,130,2093,130,1558,92,1558,92,892,48,892,48
30200,,,,,,,,,743,31,743,31,445,19,445,19,457,19,457,19,1678,75,1678,75,296,18,296,18,566,30,566,30,626,33,626,33,1599,75,1599,75,125,8,125,8,1279,66,1279,66,1002,59,1002,59,667,36,667,36
15175,,,,,,,,,743,30,743,30,143,6,143,6,1699,78,1699,78,940,44,940,44,1219,57,1219,57,1529,60,1529,60,,,,,,,,,1169,36,1169,36,288,9,288,9,2163,88,2163,88,807,30,807,30
53838,,,,,,,,,743,46,107,3,1304,74,1304,74,242,15,242,15,134,6,134,6,775,45,775,45,994,67,994,67,,,,,,,,,2160,131,2160,131,153,12,153,12,1137,85,1137,85,1585,125,1585,125
38917,,,,,,,,,34,6,34,6,23,5,23,5,,,,,,,,,,,,,,,,,,,,,,,,,,,,,,,,,,,,,,,,
22707,,,,,,,,,743,63,743,63,1585,121,1585,121,272,18,272,18,541,41,541,41,1219,93,1219,93,1993,158,1993,158,349,35,349,35,704,59,704,59,797,60,797,60,1096,72,1096,72,2039,155,2039,155,1094,70,1094,70
31865,,,,,,,,,766,42,766,42,1240,72,1240,72,249,12,249,12,575,30,575,30,1423,76,1423,76,2058,107,2058,107,495,20,495,20,169,10,169,10,555,37,555,37,962,50,962,50,1620,89,1620,89,1383,66,1383,66
54083,,,,,,,,,766,37,766,37,1126,43,1126,43,1642,82,1642,82,,,,,978,46,978,46,397,20,397,20,400,22,400,22,1053,55,1053,55,1019,61,1019,61,241,13,241,13,2367,128,2367,128,1328,88,1328,88
58322,,,,,,,,,36,7,36,7,39,10,39,10,48,8,48,8,76,15,76,15,72,11,72,11,,,,,,,,,,,,,,,,,,,,,,,,,,,,
13970,,,,,,,,,785,81,785,81,1597,146,1597,146,,,,,,,,,,,,,,,,,,,,,,,,,,,,,,,,,,,,,,,,
39300,,,,,,,,,785,37,785,37,412,18,412,18,1660,74,1660,74,140,10,140,10,1574,66,1574,66,1678,84,1678,84,748,37,748,37,510,27,510,27,637,37,637,37,444,25,444,25,1461,85,1461,85,2016,104,2016,104
51638,,,,,,,,,785,54,785,54,1538,83,1538,83,,,,,157,9,157,9,1832,106,1832,106,1529,93,1529,93,,,,,,,,,2024,120,2024,120,1858,124,1858,124,322,21,322,21,1364,85,1364,85
16107,,,,,,,,,785,111,785,111,857,110,857,110,1752,253,1752,253,,,,,1980,243,1980,243,,,,,,,,,,,,,,,,,,,,,,,,,,,,
61908,,,,,,,,,785,113,785,113,1098,155,1098,155,795,103,795,103,559,81,559,81,1245,178,1245,178,659,89,659,89,1478,235,1478,235,1167,183,1167,183,605,81,605,81,2129,281,2129,281,528,70,528,70,2132,278,2132,278
42514,,,,,,,,,805,22,110,3,1724,104,178,7,1573,81,1573,81,,,,,1574,74,1574,74,1196,58,1196,58,400,23,400,23,1243,68,1243,68,1113,61,1113,61,102,5,102,5,161,9,161,9,785,43,785,43
48826,,,,,,,,,822,39,822,39,33,1,33,1,425,18,425,18,1461,159,1461,159,915,97,915,97,1328,126,1328,126,,,,,,,,,,,,,,,,,,,,,,,,
61977,,,,,,,,,822,46,822,46,273,16,273,16,129,5,129,5,1068,51,1068,51,1306,71,1306,71,1805,90,1805,90,856,40,856,40,1387,68,1387,68,1247,68,1247,68,1173,64,1173,64,1185,70,1185,70,1301,62,1301,62
19599,,,,,,,,,836,47,836,47,,,,,,,,,,,,,,,,,,,,,,,,,,,,,1645,178,1645,178,241,36,241,36,806,84,806,84,,,,
11664,,,,,,,,,836,26,836,26,273,24,273,24,1752,88,1752,88,298,15,298,15,978,48,978,48,539,20,539,20,,,,,,,,,,,,,,,,,,,,,981,55,981,55
51013,,,,,,,,,836,120,113,15,857,112,124,14,135,15,135,15,743,112,743,112,16,2,16,2,1328,104,1328,104,94,15,94,15,1335,206,1335,206,683,101,683,101,1674,222,1674,222,161,18,161,18,,,,
10471,,,,,,,,,836,26,836,26,760,61,760,61,1175,61,1175,61,215,11,215,11,1737,82,1737,82,1196,58,1196,58,145,7,145,7,1185,64,1185,64,528,30,528,30,1931,97,1931,97,1185,66,1185,66,425,48,425,48
63032,,,,,,,,,852,110,852,110,1014,120,1014,120,1017,123,1017,123,122,8,122,8,296,29,296,29,414,38,414,38,1533,191,1533,191,627,68,627,68,1267,147,1267,147,731,84,731,84,1777,193,1777,193,90,12,90,12
3472,,,,,,,,,852,122,852,122,920,122,920,122,1157,149,1157,149,743,112,743,112,1328,194,1328,194,841,120,841,120,588,86,588,86,1219,189,1219,189,,,,,,,,,,,,,,,,
42109,,,,,,,,,852,43,852,43,1338,59,1338,59,864,39,864,39,1721,76,1721,76,,,,,,,,,,,,,,,,,,,,,,,,,,,,,,,,
52290,,,,,,,,,869,123,869,123,301,41,301,41,1833,246,1833,246,,,,,,,,,,,,,,,,,,,,,,,,,,,,,,,,,,,,
16103,,,,,,,,,869,76,869,76,648,51,648,51,920,74,920,74,434,35,434,35,1509,115,1509,115,1576,120,1576,120,,,,,,,,,360,27,360,27,897,58,897,58,,,,,,,,
2663,,,,,,,,,869,112,869,112,1163,140,1163,140,620,82,620,82,370,41,370,41,1796,231,1796,231,2089,247,2089,247,,,,,,,,,,,,,,,,,,,,,,,,
37481,,,,,,,,,886,77,886,77,339,29,339,29,,,,,,,,,343,30,343,30,1100,85,1100,85,,,,,,,,,,,,,,,,,,,,,,,,
5928,,,,,,,,,886,123,886,123,795,102,795,102,411,64,411,64,1424,184,1424,184,,,,,,,,,748,87,748,87,1550,187,1550,187,1972,242,1972,242,182,21,182,21,2477,298,2477,298,,,,
61821,,,,,,,,,901,128,901,128,,,,,,,,,,,,,,,,,,,,,,,,,,,,,,,,,,,,,,,,,,,,
50097,,,,,,,,,901,118,49,6,80,12,36,5,631,84,90,7,1319,165,174,11,1719,224,202,13,121,10,121,10,,,,,,,,,528,56,528,56,359,46,359,46,506,56,506,56,590,72,590,72
46614,,,,,,,,,917,128,917,128,465,59,465,59,479,76,479,76,1298,161,1298,161,387,50,387,50,1328,166,1328,166,1104,130,1104,130,746,95,746,95,1267,164,1267,164,1597,189,1597,189,359,39,359,39,1137,139,1137,139
1845,,,,,,,,,917,80,917,80,,,,,,,,,880,59,880,59,217,20,217,20,1078,82,1078,82,1070,91,1070,91,1028,92,1028,92,1461,113,1461,113,1197,79,1197,79,2125,162,2125,162,1615,102,1615,102
8815,,,,,,,,,917,44,917,44,1451,66,1451,66,,,,,,,,,,,,,756,40,756,40,1252,66,1252,66,1405,72,1405,72,2289,126,2289,126,116,2,116,2,1438,80,1438,80,871,62,871,62
61085,,,,,,,,,938,98,938,98,635,59,635,59,1311,128,1311,128,1298,137,1298,137,1524,156,1524,156,439,50,439,50,,,,,,,,,1484,157,1484,157,,,,,,,,,,,,
41810,,,,,,,,,938,123,938,123,143,23,143,23,1652,203,1652,203,743,94,743,94,1974,251,1974,251,,,,,1502,185,1502,185,551,60,551,60,352,38,352,38,1787,211,1787,211,143,22,143,22,2016,225,2016,225
13361,,,,,,,,,938,130,938,130,483,62,483,62,934,134,934,134,1319,166,1319,166,962,114,962,114,817,106,817,106,1034,119,1034,119,1305,159,1305,159,1367,177,1367,177,200,25,200,25,1675,195,1675,195,2115,256,2115,256
6973,,,,,,,,,938,57,938,57,,,,,,,,,,,,,1001,61,1001,61,1196,59,1196,59,,,,,,,,,,,,,,,,,,,,,,,,
998,,,,,,,,,938,58,938,58,706,37,706,37,1620,107,1620,107,,,,,,,,,,,,,,,,,,,,,2271,138,2271,138,,,,,1558,109,1558,109,2450,176,2450,176
44288,,,,,,,,,44,9,7,1,,,,,,,,,,,,,,,,,3,1,3,1,,,,,,,,,,,,,,,,,,,,,,,,
14902,,,,,,,,,950,29,950,29,387,33,387,33,,,,,,,,,,,,,,,,,,,,,,,,,,,,,,,,,,,,,,,,
29439,,,,,,,,,950,24,950,24,1068,18,1068,18,,,,,,,,,,,,,,,,,,,,,,,,,,,,,774,11,774,11,1292,24,1292,24,503,8,503,8
60973,,,,,,,,,950,136,950,136,,,,,,,,,,,,,,,,,,,,,,,,,,,,,,,,,,,,,,,,,,,,
52065,,,,,,,,,950,45,950,45,445,19,445,19,795,37,795,37,1396,60,1396,60,1832,82,1832,82,1591,79,1591,79,,,,,,,,,1169,56,1169,56,877,46,877,46,543,28,543,28,1328,76,1328,76
56051,,,,,,,,,950,100,950,100,,,,,,,,,,,,,,,,,,,,,,,,,,,,,,,,,,,,,,,,,,,,
48960,,,,,,,,,963,63,963,63,1481,79,1481,79,,,,,,,,,,,,,,,,,,,,,,,,,,,,,,,,,,,,,,,,
21443,,,,,,,,,963,101,963,101,,,,,,,,,1700,180,1700,180,,,,,,,,,,,,,,,,,,,,,,,,,,,,,,,,
58214,,,,,,,,,976,84,976,84,1266,92,1266,92,470,39,470,39,485,39,485,39,1887,142,1887,142,1576,154,1576,154,202,26,202,26,1500,170,1500,170,767,86,767,86,1882,186,1882,186,830,49,830,49,453,20,453,20
10936,,,,,,,,,976,84,976,84,1564,119,1564,119,,,,,1587,111,1587,111,1245,97,1245,97,332,25,332,25,856,76,856,76,1353,123,1353,123,797,60,797,60,1858,139,1858,139,1826,140,1826,140,371,23,371,23
45278,,,,,,,,,976,46,976,46,1590,67,1590,67,25,3,25,3,692,35,692,35,1306,62,1306,62,1019,42,1019,42,,,,,,,,,,,,,,,,,,,,,,,,
38205,,,,,,,,,976,140,119,16,795,100,795,100,159,20,159,20,1004,141,1004,141,729,104,729,104,1122,163,1122,163,1478,235,1478,235,824,119,824,119,590,79,590,79,1224,155,1224,155,1807,243,1807,243,2402,318,2402,318
7833,,,,,,,,,995,131,995,131,1382,162,1382,162,,,,,,,,,,,,,,,,,,,,,,,,,,,,,,,,,,,,,,,,
18092,,,,,,,,,995,145,995,145,1249,175,1249,175,,,,,,,,,1856,263,1856,263,1459,207,1459,207,436,68,436,68,1471,223,1471,223,,,,,,,,,,,,,,,,
21107,,,,,,,,,995,136,995,136,1113,147,1113,147,1573,228,1573,228,,,,,,,,,,,,,,,,,,,,,,,,,,,,,,,,,,,,
5446,,,,,,,,,995,62,995,62,681,46,681,46,283,22,283,22,1721,89,1721,89,915,53,915,53,,,,,,,,,,,,,,,,,,,,,,,,,,,,
16142,,,,,,,,,1016,149,1016,149,,,,,1796,240,1796,240,,,,,255,35,255,35,2123,289,2123,289,1636,264,1636,264,673,91,673,91,2012,263,2012,263,2253,299,2253,299,,,,,,,,
12070,,,,,,,,,1016,63,1016,63,,,,,,,,,,,,,,,,,,,,,,,,,,,,,,,,,182,13,182,13,2343,156,2343,156,1266,105,1266,105
52705,,,,,,,,,1016,65,1016,65,,,,,,,,,,,,,432,28,432,28,261,20,261,20,,,,,,,,,605,35,605,35,774,52,774,52,336,22,336,22,2242,135,2242,135
26537,,,,,,,,,1016,106,1016,106,737,70,737,70,442,36,442,36,1357,145,1357,145,,,,,,,,,1368,146,1368,146,870,110,870,110,941,103,941,103,1533,157,1533,157,806,84,806,84,2302,239,2302,239
10655,,,,,,,,,1029,22,1029,22,221,16,221,16,1385,77,1385,77,1258,67,1258,67,1719,97,1719,97,1529,98,1529,98,,,,,,,,,,,,,,,,,,,,,,,,
44732,,,,,,,,,1039,144,85,21,6,2,6,2,1218,177,152,36,692,80,135,24,1719,214,1719,214,2156,271,2156,271,217,29,217,29,,,,,,,,,,,,,,,,,,,,
3141,,,,,,,,,1039,152,1039,152,1068,149,1068,149,1767,233,1767,233,,,,,1107,154,1107,154,1553,223,1553,223,,,,,,,,,,,,,,,,,,,,,,,,
3159,,,,,,,,,1039,49,1039,49,,,,,,,,,,,,,,,,,,,,,,,,,,,,,,,,,,,,,,,,,,,,
58210,,,,,,,,,1054,26,1054,26,301,2,301,2,934,16,934,16,1657,28,1657,28,824,10,824,10,907,13,907,13,304,5,304,5,870,9,870,9,1583,22,1583,22,2016,30,2016,30,1137,19,1137,19,1204,25,1204,25
16667,,,,,,,,,1076,153,1076,153,1747,246,1747,246,580,91,580,91,182,27,182,27,1524,192,1524,192,2189,277,2189,277,,,,,,,,,,,,,,,,,,,,,,,,
49252,,,,,,,,,1076,145,1076,145,398,50,398,50,1483,178,1483,178,1337,166,1337,166,775,84,775,84,179,17,179,17,565,63,565,63,350,42,350,42,2095,257,2095,257,190,22,190,22,1592,167,1592,167,1420,151,1420,151
60692,,,,,,,,,1076,63,1076,63,1034,61,1034,61,1254,68,1254,68,1396,74,1396,74,356,46,356,46,2045,257,2045,257,669,81,669,81,425,58,425,58,2263,274,2263,274,,,,,,,,,,,,
44445,,,,,,,,,1076,153,51,16,1398,188,111,24,29,6,22,6,867,102,149,28,729,91,148,27,499,62,499,62,1223,145,1223,145,296,40,296,40,534,75,534,75,877,112,877,112,1137,119,1137,119,892,104,892,104
9006,,,,,,,,,1076,54,1076,54,,,,,,,,,1193,56,1193,56,408,25,408,25,1480,73,1480,73,788,39,788,39,848,44,848,44,968,48,968,48,636,36,636,36,705,41,705,41,624,33,624,33
26340,,,,,,,,,1091,68,1091,68,,,,,1132,82,1132,82,1166,76,1166,76,175,25,175,25,1637,234,1637,234,,,,,,,,,1196,163,1196,163,1197,149,1197,149,1965,261,1965,261,1450,194,1450,194
33429,,,,,,,,,1091,157,89,13,,,,,,,,,,,,,,,,,,,,,,,,,,,,,,,,,,,,,,,,,,,,
33154,,,,,,,,,1091,56,1091,56,,,,,,,,,,,,,,,,,,,,,,,,,,,,,,,,,,,,,1489,87,1489,87,2288,119,2288,119
47227,,,,,,,,,1103,94,1103,94,,,,,,,,,173,12,173,12,1484,113,1484,113,1328,104,1328,104,377,39,377,39,1500,140,1500,140,1113,87,1113,87,1069,70,1069,70,1514,129,1514,129,1137,75,1137,75
14729,,,,,,,,,1103,69,1103,69,,,,,,,,,,,,,,,,,,,,,,,,,,,,,,,,,,,,,,,,,,,,
4787,,,,,,,,,1103,94,1103,94,1049,80,1049,80,1328,96,1328,96,1283,88,1283,88,356,31,356,31,1975,153,1975,153,,,,,,,,,856,65,856,65,689,44,689,44,2451,186,2451,186,1827,113,1827,113
58235,,,,,,,,,1103,68,1103,68,1290,94,1290,94,979,140,979,140,,,,,,,,,,,,,,,,,,,,,,,,,,,,,,,,,,,,
43331,,,,,,,,,1132,167,92,24,,,,,,,,,,,,,334,43,334,43,1480,189,1480,189,1433,173,1433,173,1571,189,1571,189,1884,232,1884,232,,,,,,,,,,,,
25596,,,,,,,,,1132,115,1132,115,899,87,899,87,1017,98,1017,98,1120,117,1120,117,281,34,281,34,702,79,702,79,,,,,,,,,264,32,264,32,2093,209,2093,209,2050,209,2050,209,2016,210,2016,210
5497,,,,,,,,,1132,51,1132,51,1564,71,1564,71,1238,54,1238,54,541,32,541,32,1401,65,1401,65,2137,108,2137,108,,,,,,,,,,,,,,,,,,,,,,,,
25022,,,,,,,,,1132,71,1132,71,1322,73,1322,73,,,,,,,,,,,,,,,,,,,,,,,,,,,,,,,,,,,,,,,,
31881,,,,,,,,,1153,166,1153,166,,,,,140,16,140,16,1603,237,1603,237,1151,161,1151,161,756,107,756,107,51,5,51,5,1541,237,1541,237,1815,234,1815,234,877,103,877,103,153,17,153,17,807,97,807,97
26331,,,,,,,,,1153,166,1153,166,319,42,319,42,1111,60,1111,60,1678,88,1678,88,432,27,432,27,353,15,353,15,748,34,748,34,279,17,279,17,994,55,994,55,1810,103,1810,103,2460,131,2460,131,1328,63,1328,63
13902,,,,,,,,,1169,53,1169,53,547,22,547,22,1483,67,1483,67,1298,66,1298,66,1737,85,1737,85,,,,,,,,,,,,,1583,93,1583,93,,,,,,,,,,,,
25389,,,,,,,,,1169,35,1169,35,483,41,483,41,1752,88,1752,88,,,,,1764,85,1764,85,,,,,1368,87,1368,87,1524,83,1524,83,,,,,,,,,2101,113,2101,113,,,,
44961,,,,,,,,,1197,61,93,4,1625,76,170,7,,,,,1721,76,1721,76,181,11,181,11,486,25,486,25,669,35,669,35,244,17,244,17,994,49,994,49,1614,83,1614,83,298,12,298,12,845,48,845,48
34533,,,,,,,,,1197,74,1197,74,,,,,,,,,,,,,,,,,,,,,,,,,,,,,331,19,331,19,672,43,672,43,746,42,746,42,1266,76,1266,76
60816,,,,,,,,,1197,74,1197,74,1113,57,1113,57,306,14,306,14,851,52,851,52,1509,87,1509,87,1170,77,1170,77,,,,,,,,,2045,123,2045,123,1313,95,1313,95,444,30,444,30,1706,107,1706,107
5916,,,,,,,,,1214,179,1214,179,1451,199,1451,199,,,,,642,76,642,76,286,36,286,36,1997,250,1997,250,1166,137,1166,137,1553,188,1553,188,,,,,,,,,1055,110,1055,110,1870,221,1870,221
14690,,,,,,,,,1214,38,1214,38,189,19,189,19,299,11,299,11,642,38,642,38,1750,84,1750,84,1767,83,1767,83,999,65,999,65,1292,72,1292,72,1247,65,1247,65,859,45,859,45,686,44,686,44,1706,96,1706,96
29259,,,,,,,,,53,13,53,13,30,7,30,7,15,8,15,8,12,3,12,3,,,,,,,,,,,,,,,,,,,,,,,,,,,,,,,,
9505,,,,,,,,,1222,53,1222,53,329,15,329,15,1328,61,1328,61,772,37,772,37,1306,62,1306,62,471,21,471,21,,,,,,,,,1299,46,1299,46,1674,66,1674,66,2262,91,2262,91,,,,
12947,,,,,,,,,1256,177,1256,177,,,,,,,,,1800,256,1800,256,,,,,,,,,,,,,,,,,,,,,,,,,,,,,,,,
4834,,,,,,,,,1270,170,1270,170,152,24,152,24,1833,227,1833,227,,,,,,,,,,,,,,,,,,,,,,,,,,,,,,,,,,,,
34418,,,,,,,,,1270,170,1270,170,1491,177,1491,177,,,,,,,,,,,,,,,,,,,,,,,,,,,,,,,,,,,,,,,,
37009,,,,,,,,,56,15,56,15,,,,,,,,,,,,,24,7,24,7,48,16,48,16,,,,,,,,,,,,,,,,,,,,,16,4,16,4
29091,,,,,,,,,1270,80,1270,80,1481,82,1481,82,580,40,580,40,,,,,,,,,,,,,,,,,,,,,,,,,,,,,,,,,,,,
35732,,,,,,,,,1270,170,1270,170,,,,,1555,190,1555,190,,,,,165,14,165,14,1705,203,1705,203,458,52,458,52,717,75,717,75,1698,206,1698,206,190,22,190,22,1868,204,1868,204,827,88,827,88
60428,,,,,,,,,1270,129,1270,129,,,,,,,,,1981,209,1981,209,,,,,2104,210,2104,210,458,51,458,51,142,28,142,28,1439,149,1439,149,597,67,597,67,1751,177,1751,177,1204,130,1204,130
47792,,,,,,,,,1289,181,142,19,299,40,299,40,1689,221,1689,221,91,17,91,17,334,47,334,47,717,98,717,98,1562,251,1562,251,1345,208,1345,208,191,24,191,24,2109,276,2109,276,1163,147,1163,147,290,42,290,42
60683,,,,,,,,,1289,132,1289,132,1528,144,1528,144,,,,,276,14,276,14,408,18,408,18,,,,,,,,,1284,147,1284,147,344,44,344,44,1916,192,1916,192,2288,230,2288,230,1266,135,1266,135
31288,,,,,,,,,1289,66,1289,66,262,12,262,12,49,3,49,3,1936,86,1936,86,,,,,,,,,,,,,,,,,,,,,,,,,1390,84,1390,84,1753,97,1753,97
18403,,,,,,,,,1289,132,1289,132,,,,,,,,,,,,,,,,,,,,,,,,,,,,,,,,,,,,,,,,,,,,
2161,,,,,,,,,1305,179,1305,179,104,15,104,15,1157,138,1157,138,1265,159,1265,159,,,,,,,,,,,,,,,,,1392,162,1392,162,,,,,,,,,1827,201,1827,201
6254,,,,,,,,,1313,136,1313,136,795,76,795,76,1296,125,1296,125,1357,145,1357,145,2087,203,2087,203,,,,,,,,,,,,,,,,,,,,,,,,,,,,
31969,,,,,,,,,1324,182,1324,182,1538,190,1538,190,25,3,25,3,1826,218,1826,218,247,23,247,23,955,103,955,103,893,107,893,107,981,108,981,108,1196,142,1196,142,1173,134,1173,134,2234,255,2234,255,2211,248,2211,248
53858,,,,,,,,,1324,60,1324,60,,,,,,,,,,,,,,,,,1152,56,1152,56,,,,,,,,,,,,,529,30,529,30,1207,70,1207,70,2069,134,2069,134
9218,,,,,,,,,1334,183,1334,183,1585,196,1585,196,,,,,,,,,,,,,,,,,,,,,,,,,1508,177,1508,177,1614,186,1614,186,2288,261,2288,261,,,,
46813,,,,,,,,,1345,193,1345,193,,,,,,,,,,,,,,,,,,,,,,,,,,,,,,,,,2337,317,2337,317,,,,,2364,312,2364,312
29475,,,,,,,,,1359,204,1359,204,1481,203,1481,203,,,,,,,,,,,,,,,,,,,,,,,,,,,,,,,,,,,,,,,,
8427,,,,,,,,,1359,187,1359,187,795,93,795,93,1401,172,1401,172,1441,176,1441,176,1132,139,1132,139,907,95,907,95,1344,166,1344,166,588,64,588,64,797,92,797,92,2001,248,2001,248,2142,238,2142,238,871,93,871,93
57782,,,,,,,,,1373,142,1373,142,,,,,,,,,,,,,,,,,866,88,866,88,,,,,,,,,2045,247,2045,247,102,11,102,11,1644,175,1644,175,2332,266,2332,266
1074,,,,,,,,,61,11,61,11,,,,,,,,,,,,,,,,,,,,,73,11,73,11,,,,,23,7,23,7,76,10,76,10,42,5,42,5,34,3,34,3
45803,,,,,,,,,1378,143,1378,143,,,,,900,86,900,86,880,87,880,87,314,36,314,36,2058,205,2058,205,145,21,145,21,578,72,578,72,666,76,666,76,985,105,985,105,1489,157,1489,157,399,46,399,46
31061,,,,,,,,,1378,70,1378,70,65,4,65,4,1470,64,1470,64,1004,49,1004,49,729,40,729,40,353,19,353,19,,,,,,,,,514,30,514,30,1118,61,1118,61,298,12,298,12,1753,97,1753,97
36185,,,,,,,,,1378,63,1378,63,,,,,,,,,276,16,276,16,1019,50,1019,50,287,14,287,14,282,16,282,16,1513,78,1513,78,225,13,225,13,1810,104,1810,104,322,20,322,20,2255,142,2255,142
5468,,,,,,,,,1391,64,1391,64,1440,65,1440,65,1594,77,1594,77,,,,,,,,,640,30,640,30,,,,,,,,,1367,81,1367,81,1787,101,1787,101,1326,74,1326,74,2467,155,2467,155
36293,,,,,,,,,1391,84,1391,84,497,25,497,25,659,46,659,46,1587,98,1587,98,165,12,165,12,1678,105,1678,105,1562,92,1562,92,510,30,510,30,941,55,941,55,461,27,461,27,643,50,643,50,2402,173,2402,173
18848,,,,,,,,,62,1,62,1,,,,,,,,,,,,,,,,,,,,,,,,,,,,,,,,,,,,,,,,,,,,
12626,,,,,,,,,1391,210,1391,210,,,,,,,,,,,,,,,,,,,,,,,,,,,,,,,,,,,,,,,,,,,,
48045,,,,,,,,,1401,77,1401,77,,,,,,,,,,,,,,,,,,,,,,,,,,,,,,,,,,,,,,,,,,,,
44570,,,,,,,,,1401,211,1401,211,208,27,208,27,1119,164,1119,164,346,44,346,44,509,66,509,66,740,96,740,96,1684,217,1684,217,627,72,627,72,1623,202,1623,202,774,94,774,94,1558,173,1558,173,892,104,892,104
47695,,,,,,,,,1401,86,17,1,7,1,5,1,306,14,44,2,541,32,104,3,44,2,29,1,320,17,100,10,1518,69,190,14,588,34,588,34,797,42,797,42,209,6,209,6,1558,90,1558,90,305,13,305,13
1475,,,,,,,,,1414,29,1414,29,1633,28,1633,28,,,,,,,,,,,,,,,,,,,,,,,,,,,,,,,,,,,,,,,,
3635,,,,,,,,,1422,27,1422,27,521,35,521,35,1652,237,1652,237,469,33,469,33,1863,107,1863,107,1678,108,1678,108,,,,,,,,,,,,,,,,,,,,,,,,
23069,,,,,,,,,1422,78,1422,78,89,6,89,6,1434,76,1434,76,867,41,867,41,89,3,89,3,539,29,539,29,59,4,59,4,1345,66,1345,66,2225,132,2225,132,,,,,,,,,,,,
10427,,,,,,,,,1425,199,1425,199,,,,,1773,219,1773,219,,,,,,,,,,,,,856,99,856,99,1292,156,1292,156,741,85,741,85,,,,,,,,,,,,
19406,,,,,,,,,1432,86,1432,86,,,,,411,28,411,28,1193,80,1193,80,181,15,181,15,551,35,551,35,971,59,971,59,609,36,609,36,283,16,283,16,1931,116,1931,116,2187,147,2187,147,892,75,892,75
55171,,,,,,,,,1440,201,1440,201,690,85,690,85,1273,154,1273,154,642,74,642,74,1613,203,1613,203,1591,185,1591,185,,,,,,,,,921,105,921,105,1533,177,1533,177,495,55,495,55,871,93,871,93
3640,,,,,,,,,1446,29,1446,29,920,64,920,64,479,32,479,32,1571,81,1571,81,522,36,522,36,2125,135,2125,135,260,13,260,13,296,12,296,12,1367,85,1367,85,566,41,566,41,2163,126,2163,126,999,56,999,56
46752,,,,,,,,,1446,116,1446,116,,,,,,,,,,,,,,,,,,,,,,,,,,,,,,,,,,,,,,,,,,,,
15920,,,,,,,,,1459,218,1459,218,,,,,,,,,,,,,,,,,,,,,,,,,,,,,,,,,,,,,,,,,,,,
48653,,,,,,,,,1464,219,1464,219,,,,,659,101,659,101,1523,194,1523,194,473,59,473,59,1933,244,1933,244,158,26,158,26,1053,128,1053,128,1247,162,1247,162,1333,165,1333,165,1558,173,1558,173,2016,239,2016,239
49776,,,,,,,,,1464,150,53,7,,,,,,,,,,,,,,,,,,,,,,,,,,,,,,,,,,,,,,,,,,,,
362,,,,,,,,,1476,210,1476,210,,,,,,,,,,,,,,,,,,,,,,,,,,,,,,,,,,,,,,,,,,,,
37805,,,,,,,,,1491,153,1491,153,1398,133,1398,133,1238,119,1238,119,,,,,,,,,,,,,,,,,,,,,,,,,,,,,,,,,,,,
21830,,,,,,,,,1491,77,1491,77,,,,,1763,81,1763,81,,,,,1524,64,1524,64,,,,,1252,60,1252,60,1571,74,1571,74,1392,69,1392,69,300,13,300,13,2245,130,2245,130,2412,127,2412,127
18280,,,,,,,,,1497,214,1497,214,,,,,,,,,1238,172,1238,172,1887,269,1887,269,,,,,,,,,,,,,271,37,271,37,1916,249,1916,249,2445,323,2445,323,,,,
49237,,,,,,,,,1500,85,1500,85,,,,,,,,,,,,,,,,,,,,,,,,,,,,,,,,,,,,,,,,,,,,
53046,,,,,,,,,1506,209,159,12,,,,,411,53,411,53,323,33,323,33,844,98,844,98,1196,132,1196,132,1104,122,1104,122,609,66,609,66,1113,126,1113,126,134,15,134,15,1943,214,1943,214,549,65,549,65
9374,,,,,,,,,1512,86,1512,86,,,,,,,,,,,,,1132,65,1132,65,385,16,385,16,495,20,495,20,562,36,562,36,1906,114,1906,114,2016,115,2016,115,1241,75,1241,75,1137,50,1137,50
41111,,,,,,,,,1516,87,1516,87,,,,,,,,,,,,,,,,,,,,,,,,,,,,,,,,,,,,,,,,,,,,
52596,,,,,,,,,1522,92,1522,92,,,,,,,,,,,,,,,,,,,,,,,,,,,,,,,,,,,,,,,,,,,,
52289,,,,,,,,,1522,219,1522,219,,,,,,,,,,,,,,,,,,,,,,,,,,,,,,,,,,,,,,,,,,,,
39753,,,,,,,,,1529,211,1529,211,,,,,,,,,,,,,,,,,,,,,,,,,760,80,760,80,1953,237,1953,237,,,,,,,,,,,,
44409,,,,,,,,,1537,93,1537,93,,,,,1470,78,1470,78,,,,,1550,86,1550,86,,,,,,,,,,,,,,,,,,,,,,,,,,,,
17896,,,,,,,,,1537,221,1537,221,,,,,,,,,,,,,,,,,,,,,,,,,461,53,461,53,2303,305,2303,305,,,,,,,,,,,,
62468,,,,,,,,,1546,73,1546,73,,,,,773,28,773,28,851,46,851,46,1245,55,1245,55,1576,83,1576,83,,,,,,,,,,,,,,,,,,,,,,,,
10589,,,,,,,,,1546,212,1546,212,1068,128,1068,128,151,22,151,22,334,36,334,36,1446,181,1446,181,1420,160,1420,160,588,70,588,70,657,71,657,71,1884,231,1884,231,689,77,689,77,2039,223,2039,223,272,32,272,32
13538,,,,,,,,,1550,97,1550,97,,,,,,,,,,,,,,,,,,,,,,,,,,,,,,,,,,,,,,,,,,,,
50696,,,,,,,,,1553,65,106,3,,,,,607,30,115,5,541,25,541,25,1202,56,1202,56,,,,,,,,,,,,,,,,,,,,,,,,,,,,
18913,,,,,,,,,1556,98,1556,98,,,,,,,,,,,,,1700,99,1700,99,,,,,,,,,,,,,,,,,,,,,,,,,,,,
5746,,,,,,,,,1564,216,1564,216,,,,,,,,,,,,,,,,,,,,,,,,,,,,,,,,,,,,,,,,,,,,
32656,,,,,,,,,1565,217,1565,217,,,,,,,,,,,,,1484,184,1484,184,2148,259,2148,259,,,,,,,,,,,,,,,,,,,,,,,,
4436,,,,,,,,,1568,98,1568,98,,,,,,,,,,,,,,,,,,,,,,,,,,,,,,,,,,,,,,,,,,,,
11289,,,,,,,,,1569,74,1569,74,,,,,,,,,1779,95,1779,95,,,,,1459,77,1459,77,823,51,823,51,588,32,588,32,1781,101,1781,101,,,,,,,,,590,41,590,41
18241,,,,,,,,,1569,226,1569,226,,,,,,,,,,,,,,,,,,,,,,,,,,,,,,,,,,,,,,,,,,,,
21778,,,,,,,,,1571,81,1571,81,,,,,,,,,1963,87,1963,87,,,,,,,,,,,,,,,,,,,,,,,,,,,,,,,,
11185,,,,,,,,,1573,157,1573,157,,,,,1767,170,1767,170,,,,,,,,,,,,,,,,,,,,,,,,,,,,,,,,,,,,
872,,,,,,,,,1576,101,1576,101,,,,,,,,,,,,,,,,,,,,,,,,,,,,,,,,,,,,,,,,,,,,
19920,,,,,,,,,1577,95,1577,95,,,,,,,,,,,,,,,,,,,,,,,,,,,,,,,,,,,,,,,,,,,,
25047,,,,,,,,,1578,229,1578,229,,,,,,,,,,,,,,,,,,,,,,,,,,,,,2277,276,2277,276,1069,134,1069,134,931,94,931,94,432,59,432,59
49139,,,,,,,,,,,,,2,1,1,1,18,5,14,5,66,12,30,5,110,18,53,14,1044,134,119,23,,,,,,,,,,,,,,,,,,,,,722,82,722,82
58007,,,,,,,,,,,,,5,1,4,1,87,9,30,3,743,36,113,3,70,3,40,3,1859,74,220,13,227,13,67,3,,,,,,,,,,,,,276,18,276,18,684,49,684,49
60519,,,,,,,,,,,,,9,2,4,1,79,3,14,1,241,13,46,1,343,19,60,3,166,12,55,4,495,15,87,7,360,20,110,10,1756,103,192,19,1476,105,1476,105,1826,110,1826,110,,,,
51845,,,,,,,,,,,,,10,2,5,1,34,4,10,1,398,32,56,6,175,16,48,5,373,29,76,9,349,35,70,8,360,30,110,11,767,57,143,17,1774,130,1774,130,1115,88,1115,88,1328,87,1328,87
43083,,,,,,,,,,,,,12,1,10,1,1573,81,120,4,606,34,129,4,1960,95,218,8,1705,79,1705,79,36,2,36,2,1387,76,1387,76,900,51,900,51,,,,,,,,,,,,
27022,,,,,,,,,,,,,13,2,13,2,1752,88,1752,88,1042,58,1042,58,670,30,670,30,,,,,,,,,,,,,259,10,259,10,2291,119,2291,119,372,23,372,23,2048,118,2048,118
45781,,,,,,,,,,,,,15,2,12,2,159,14,55,7,,,,,,,,,,,,,,,,,,,,,,,,,,,,,,,,,,,,
55263,,,,,,,,,,,,,15,3,9,2,518,65,51,4,672,78,110,4,80,7,44,2,1420,69,194,16,856,45,139,10,510,27,510,27,2071,104,2071,104,1279,145,1279,145,118,16,118,16,827,88,827,88
53126,,,,,,,,,,,,,18,2,6,2,204,29,40,3,851,124,67,12,541,72,107,9,551,75,92,6,69,7,33,3,1671,257,190,19,741,106,741,106,,,,,,,,,,,,
20061,,,,,,,,,,,,,21,4,21,4,283,41,283,41,1424,203,1424,203,1876,266,1876,266,756,107,756,107,85,12,85,12,1460,220,1460,220,555,74,555,74,2109,276,2109,276,1115,143,1115,143,86,11,86,11
47973,,,,,,,,,,,,,23,1,8,1,53,2,26,2,,,,,,,,,,,,,,,,,,,,,,,,,,,,,,,,,,,,
57127,,,,,,,,,,,,,38,1,38,1,140,10,140,10,1817,98,1817,98,635,44,635,44,516,36,516,36,,,,,,,,,,,,,,,,,,,,,,,,
44467,,,,,,,,,,,,,41,8,18,5,1699,247,123,33,,,,,,,,,,,,,,,,,,,,,,,,,,,,,,,,,,,,
33334,,,,,,,,,,,,,43,2,43,2,1870,105,1870,105,134,13,134,13,296,21,296,21,1657,103,1657,103,1368,78,1368,78,,,,,,,,,,,,,,,,,,,,
16760,,,,,,,,,,,,,48,4,48,4,187,5,187,5,642,38,642,38,1173,55,1173,55,740,35,740,35,173,11,173,11,1513,82,1513,82,1583,75,1583,75,774,41,774,41,,,,,,,,
55086,,,,,,,,,,,,,48,10,23,7,1525,221,118,31,867,102,149,28,1524,192,192,39,179,29,179,29,669,81,669,81,161,22,161,22,1323,172,1323,172,566,74,566,74,1326,137,1326,137,384,52,384,52
32354,,,,,,,,,,,,,54,3,54,3,1573,73,1573,73,606,30,606,30,165,9,165,9,1997,80,1997,80,260,15,260,15,1305,46,1305,46,1299,46,1299,46,843,33,843,33,1292,53,1292,53,1383,42,1383,42
57649,,,,,,,,,,,,,56,3,10,2,65,4,27,3,16,4,12,2,455,27,99,3,1122,69,126,9,400,20,97,7,1630,103,187,10,,,,,,,,,,,,,,,,
55900,,,,,,,,,,,,,60,13,22,8,90,21,32,10,334,43,82,17,80,12,44,10,471,60,125,24,823,95,136,27,330,50,330,50,1019,135,1019,135,597,77,597,77,1620,183,1620,183,191,28,191,28
39332,,,,,,,,,,,,,65,3,65,3,864,53,864,53,1817,98,1817,98,,,,,,,,,,,,,,,,,,,,,,,,,,,,,,,,
46983,,,,,,,,,,,,,68,4,68,4,1679,93,1679,93,1193,65,1193,65,509,35,509,35,907,56,907,56,748,42,748,42,1028,61,1028,61,767,45,767,45,1141,78,1141,78,2177,129,2177,129,2274,134,2274,134
1610,,,,,,,,,,,,,71,3,71,3,900,35,900,35,1120,59,1120,59,558,27,558,27,2045,105,2045,105,588,30,588,30,1028,51,1028,51,,,,,,,,,,,,,,,,
54297,,,,,,,,,,,,,73,4,33,1,1017,42,105,5,1678,85,195,9,698,80,142,24,1442,140,1442,140,,,,,,,,,,,,,,,,,,,,,,,,
60096,,,,,,,,,,,,,76,5,76,5,809,41,809,41,914,50,914,50,1998,99,1998,99,216,5,216,5,1641,94,1641,94,1387,76,1387,76,1562,73,1562,73,62,1,62,1,1326,76,1326,76,1364,76,1364,76
46434,,,,,,,,,,,,,76,5,76,5,1449,81,1449,81,1258,67,1258,67,1132,64,1132,64,224,21,224,21,495,27,495,27,1053,64,1053,64,1392,87,1392,87,329,26,329,26,1868,111,1868,111,2229,132,2229,132
42084,,,,,,,,,,,,,82,6,37,3,366,25,88,9,359,29,98,9,755,66,755,66,439,37,439,37,202,20,202,20,1419,133,1419,133,360,27,360,27,258,16,258,16,1896,144,1896,144,871,56,871,56
24062,,,,,,,,,,,,,93,11,93,11,1652,215,1652,215,1377,196,1377,196,247,32,247,32,1919,268,1919,268,971,157,971,157,1017,157,1017,157,838,119,838,119,1197,149,1197,149,1207,153,1207,153,1114,144,1114,144
58218,,,,,,,,,,,,,94,9,94,9,442,35,442,35,1166,78,1166,78,1260,98,1260,98,1378,111,1378,111,1660,152,1660,152,925,113,925,113,401,58,401,58,2307,283,2307,283,1675,221,1675,221,1541,209,1541,209
31098,,,,,,,,,,,,,94,7,94,7,1449,76,1449,76,772,46,772,46,1245,59,1245,59,1767,83,1767,83,202,13,202,13,1377,75,1377,75,,,,,,,,,,,,,,,,
64377,,,,,,,,,,,,,94,16,94,16,1671,240,1671,240,1523,194,1523,194,418,55,418,55,353,48,353,48,145,25,145,25,627,72,627,72,,,,,,,,,1241,132,1241,132,590,70,590,70
42383,,,,,,,,,,,,,100,8,100,8,534,25,534,25,,,,,,,,,1078,51,1078,51,,,,,,,,,,,,,1353,64,1353,64,643,41,643,41,342,14,342,14
49764,,,,,,,,,,,,,104,15,44,7,1815,224,182,12,851,109,851,109,1686,217,1686,217,1505,171,1505,171,,,,,,,,,,,,,2357,284,2357,284,,,,,2315,265,2315,265
58063,,,,,,,,,,,,,108,4,11,1,2,1,2,1,880,42,68,2,141,8,60,5,35,3,26,3,1653,67,205,11,1115,37,165,5,,,,,,,,,388,41,388,41,1187,148,1187,148
25961,,,,,,,,,,,,,108,7,108,7,1111,65,1111,65,743,44,743,44,1279,77,1279,77,439,29,439,29,1518,86,1518,86,992,60,992,60,1654,105,1654,105,444,33,444,33,1292,77,1292,77,764,38,764,38
16230,,,,,,,,,,,,,114,10,114,10,956,51,956,51,880,49,880,49,2022,101,2022,101,1576,73,1576,73,823,54,823,54,1659,97,1659,97,,,,,,,,,,,,,,,,
53240,,,,,,,,,,,,,114,10,114,10,1594,84,1594,84,1120,61,1120,61,308,13,308,13,2187,105,2187,105,,,,,,,,,,,,,,,,,,,,,,,,
40944,,,,,,,,,,,,,114,8,43,1,631,40,116,6,1954,113,206,14,232,18,232,18,195,15,195,15,532,29,532,29,1419,78,1419,78,473,30,473,30,1313,91,1313,91,2303,134,2303,134,624,28,624,28
48362,,,,,,,,,,,,,120,13,28,4,230,34,61,5,530,78,102,16,1306,190,181,21,1705,242,207,22,1070,170,1070,170,244,28,244,28,767,110,767,110,351,43,351,43,746,100,746,100,871,110,871,110
62858,,,,,,,,,,,,,135,12,135,12,1254,122,1254,122,1523,165,1523,165,1750,173,1750,173,779,88,779,88,,,,,,,,,352,46,352,46,1956,195,1956,195,71,12,71,12,1941,200,1941,200
54810,,,,,,,,,,,,,139,17,139,17,,,,,,,,,,,,,,,,,,,,,,,,,,,,,,,,,,,,,,,,
29775,,,,,,,,,,,,,143,14,143,14,1194,63,1194,63,642,38,642,38,387,17,387,17,1249,62,1249,62,1223,83,1223,83,32,3,32,3,2102,101,2102,101,1674,85,1674,85,1644,90,1644,90,,,,
32106,,,,,,,,,,,,,143,20,143,20,315,45,315,45,692,80,692,80,1984,245,1984,245,1657,211,1657,211,,,,,,,,,,,,,,,,,168,19,168,19,2229,266,2229,266
26939,,,,,,,,,,,,,143,19,143,19,1594,206,1594,206,709,103,709,103,483,65,483,65,670,90,670,90,626,93,626,93,643,88,643,88,1989,259,1989,259,359,44,359,44,931,122,931,122,2374,314,2374,314
19508,,,,,,,,,,,,,143,14,143,14,1815,94,1815,94,215,11,215,11,1059,51,1059,51,1272,63,1272,63,73,4,73,4,1653,96,1653,96,1196,63,1196,63,1279,60,1279,60,746,47,746,47,1638,89,1638,89
1445,,,,,,,,,,,,,150,15,150,15,920,74,920,74,1166,78,1166,78,1509,115,1509,115,439,37,439,37,1368,120,1368,120,1125,99,1125,99,1267,102,1267,102,,,,,,,,,,,,
16219,,,,,,,,,,,,,152,5,152,5,1074,47,1074,47,262,14,262,14,1796,88,1796,88,717,36,717,36,1368,72,1368,72,360,13,360,13,741,35,741,35,248,14,248,14,1326,74,1326,74,1989,130,1989,130
49143,,,,,,,,,,,,,152,10,14,2,121,25,17,6,346,44,52,11,84,14,31,9,373,51,76,15,703,83,98,22,1353,167,175,32,1603,96,187,9,2200,122,2200,122,2288,126,2288,126,2480,127,2480,127
56345,,,,,,,,,,,,,163,26,33,4,256,33,42,3,455,51,95,3,775,84,117,7,1576,184,203,12,1104,122,159,10,1292,156,1292,156,246,31,246,31,339,43,339,43,877,97,877,97,952,103,952,103
53420,,,,,,,,,,,,,168,7,168,7,1483,67,1483,67,1441,74,1441,74,1306,58,1306,58,332,17,332,17,227,11,227,11,1659,85,1659,85,1508,90,1508,90,1197,72,1197,72,1855,104,1855,104,,,,
53968,,,,,,,,,,,,,168,27,35,5,14,2,11,2,276,26,74,2,1945,249,145,10,208,19,82,3,,,,,,,,,621,63,621,63,1333,153,1333,153,1292,133,1292,133,1615,178,1615,178
62634,,,,,,,,,,,,,175,16,175,16,1608,157,1608,157,284,32,284,32,2085,202,2085,202,233,30,233,30,1465,158,1465,158,317,47,317,47,2218,234,2218,234,1401,143,1401,143,444,27,444,27,764,41,764,41
42473,,,,,,,,,,,,,175,16,175,16,299,23,299,23,1806,192,1806,192,103,11,103,11,1044,105,1044,105,,,,,,,,,,,,,,,,,1777,181,1777,181,1585,169,1585,169
45863,,,,,,,,,,,,,181,18,36,4,121,11,47,4,530,20,102,11,800,88,153,25,2058,205,233,33,,,,,,,,,876,68,876,68,636,40,636,40,1675,134,1675,134,2148,143,2148,143
11794,,,,,,,,,,,,,181,12,181,12,299,23,299,23,1921,110,1921,110,2060,118,2060,118,138,10,138,10,999,59,999,59,43,4,43,4,1884,113,1884,113,501,37,501,37,1489,87,1489,87,475,21,475,21
1049,,,,,,,,,,,,,189,13,189,13,934,56,934,56,346,24,346,24,296,21,296,21,100,7,100,7,788,44,788,44,588,32,588,32,147,8,147,8,2307,142,2307,142,1027,51,1027,51,371,15,371,15
28378,,,,,,,,,,,,,189,19,189,19,607,30,607,30,1603,80,1603,80,132,5,132,5,112,2,112,2,933,60,933,60,870,52,870,52,1113,66,1113,66,190,16,190,16,1558,92,1558,92,1781,107,1781,107
55911,,,,,,,,,,,,,189,24,56,13,534,82,84,24,370,48,99,20,915,111,161,30,1272,157,1272,157,,,,,,,,,,,,,,,,,,,,,,,,
47981,,,,,,,,,,,,,208,7,208,7,470,32,470,32,1166,76,1166,76,1173,71,1173,71,1196,79,1196,79,1034,66,1034,66,236,12,236,12,1339,72,1339,72,1533,90,1533,90,1984,140,1984,140,,,,
13801,,,,,,,,,,,,,215,15,215,15,1505,83,1505,83,434,30,434,30,1081,62,1081,62,1705,109,1705,109,,,,,,,,,416,26,416,26,1614,112,1614,112,1777,107,1777,107,1473,84,1473,84
57283,,,,,,,,,,,,,215,9,38,1,4,2,4,2,411,26,92,6,899,41,159,8,1576,83,203,12,669,37,669,37,981,48,981,48,650,28,650,28,912,58,912,58,213,11,213,11,1706,114,1706,114
11895,,,,,,,,,,,,,221,16,221,16,1789,99,1789,99,1678,87,1678,87,,,,,1420,91,1420,91,1070,64,1070,64,609,36,609,36,1583,100,1583,100,1502,102,1502,102,1390,80,1390,80,1160,67,1160,67
52584,,,,,,,,,,,,,234,8,234,8,1505,104,1505,104,914,56,914,56,1059,62,1059,62,138,9,138,9,,,,,,,,,876,50,876,50,1614,100,1614,100,686,52,686,52,1827,143,1827,143
2178,,,,,,,,,,,,,240,18,240,18,821,50,821,50,1747,94,1747,94,1737,98,1737,98,972,59,972,59,243,10,243,10,760,47,760,47,1603,101,1603,101,1774,118,1774,118,907,45,907,45,,,,
19903,,,,,,,,,,,,,245,19,245,19,1328,75,1328,75,298,21,298,21,1386,84,1386,84,1122,69,1122,69,1311,76,1311,76,897,55,897,55,1392,87,1392,87,2161,135,2161,135,2163,126,2163,126,764,38,764,38
41472,,,,,,,,,,,,,245,19,245,19,1671,92,1671,92,83,9,83,9,1173,68,1173,68,2045,131,2045,131,,,,,,,,,921,53,921,53,165,14,165,14,2367,140,2367,140,153,5,153,5
13980,,,,,,,,,,,,,245,32,245,32,1066,138,1066,138,1886,266,1886,266,1059,150,1059,150,994,146,994,146,,,,,,,,,2304,306,2304,306,,,,,,,,,,,,
64388,,,,,,,,,,,,,251,11,251,11,1042,45,1042,45,575,35,575,35,1423,66,1423,66,1295,71,1295,71,971,102,971,102,448,60,448,60,514,60,514,60,2016,199,2016,199,1438,150,1438,150,503,58,503,58
46975,,,,,,,,,,,,,251,21,63,4,1573,88,170,10,1747,94,201,13,1343,82,1343,82,471,31,471,31,,,,,,,,,1367,85,1367,85,2140,132,2140,132,2349,139,2349,139,,,,
50726,,,,,,,,,,,,,251,21,251,21,230,19,230,19,1523,78,1523,78,,,,,,,,,,,,,,,,,1392,87,1392,87,390,30,390,30,495,23,495,23,1266,74,1266,74
45755,,,,,,,,,,,,,12,2,3,1,12,2,6,1,86,16,27,4,36,5,36,5,94,10,94,10,,,,,,,,,,,,,,,,,,,,,,,,
14667,,,,,,,,,,,,,273,24,273,24,1449,76,1449,76,1357,70,1357,70,864,36,864,36,566,23,566,23,703,42,703,42,691,41,691,41,683,39,683,39,1224,58,1224,58,1751,99,1751,99,1585,85,1585,85
56931,,,,,,,,,,,,,273,23,273,23,1731,97,1731,97,,,,,,,,,486,33,486,33,,,,,,,,,,,,,,,,,,,,,,,,
6833,,,,,,,,,,,,,289,24,289,24,1573,88,1573,88,424,29,424,29,1887,109,1887,109,353,25,353,25,,,,,,,,,1603,101,1603,101,,,,,,,,,1913,115,1913,115
26798,,,,,,,,,,,,,289,27,289,27,773,39,773,39,1140,63,1140,63,934,42,934,42,373,14,373,14,788,48,788,48,126,6,126,6,876,49,876,49,1279,60,1279,60,1207,68,1207,68,,,,
60600,,,,,,,,,,,,,13,3,13,3,21,3,21,3,59,9,59,9,80,12,80,12,,,,,,,,,,,,,,,,,79,10,79,10,45,9,45,9,59,11,59,11
64614,,,,,,,,,,,,,299,12,299,12,821,53,821,53,1855,114,1855,114,1401,88,1401,88,516,33,516,33,,,,,,,,,473,30,473,30,1533,90,1533,90,1363,95,1363,95,565,44,565,44
40319,,,,,,,,,,,,,301,41,301,41,1273,154,1273,154,424,47,424,47,1909,243,1909,243,955,103,955,103,893,107,893,107,218,24,218,24,,,,,,,,,621,67,621,67,,,,
2440,,,,,,,,,,,,,311,13,311,13,1804,115,1804,115,980,60,980,60,1484,92,1484,92,841,53,841,53,1670,100,1670,100,673,44,673,44,2012,121,2012,121,1774,108,1774,108,1777,121,1777,121,1989,151,1989,151
36039,,,,,,,,,,,,,311,42,311,42,90,9,90,9,1548,195,1548,195,755,80,755,80,1899,220,1899,220,1412,174,1412,174,848,93,848,93,1756,218,1756,218,731,84,731,84,2349,270,2349,270,,,,
23168,,,,,,,,,,,,,311,28,311,28,864,47,864,47,1166,64,1166,64,1663,78,1663,78,670,29,670,29,158,9,158,9,,,,,,,,,,,,,1732,97,1732,97,1728,98,1728,98
54469,,,,,,,,,,,,,319,14,40,2,109,5,46,4,169,10,59,5,1328,60,184,10,1505,79,199,11,,,,,,,,,,,,,,,,,788,52,788,52,,,,
51534,,,,,,,,,,,,,319,31,2,1,1,1,1,1,517,54,18,3,119,12,38,5,439,50,47,9,1104,113,115,16,63,12,42,6,2045,219,210,34,,,,,,,,,,,,
45617,,,,,,,,,,,,,329,46,68,6,1132,142,144,13,103,21,54,11,1059,150,1059,150,153,21,153,21,495,77,495,77,704,97,704,97,1645,217,1645,217,1248,157,1248,157,403,52,403,52,1473,198,1473,198
56322,,,,,,,,,,,,,339,30,339,30,715,37,715,37,1800,94,1800,94,255,9,255,9,955,47,955,47,458,27,458,27,1149,62,1149,62,2078,99,2078,99,928,51,928,51,1965,108,1965,108,1670,91,1670,91
44053,,,,,,,,,,,,,349,19,71,4,647,37,91,2,485,23,113,4,541,31,129,3,686,36,686,36,1433,72,1433,72,1387,68,1387,68,196,11,196,11,672,34,672,34,388,19,388,19,1237,54,1237,54
26459,,,,,,,,,,,,,349,51,349,51,518,66,518,66,1904,268,1904,268,729,104,729,104,686,94,686,94,436,68,436,68,964,147,964,147,92,7,92,7,1931,253,1931,253,1868,255,1868,255,1039,133,1039,133
22339,,,,,,,,,,,,,374,54,374,54,1594,206,1594,206,1870,264,1870,264,,,,,886,130,886,130,1104,178,1104,178,,,,,,,,,,,,,,,,,,,,
54760,,,,,,,,,,,,,374,45,374,45,773,117,773,117,914,111,914,111,1550,197,1550,197,499,62,499,62,,,,,,,,,,,,,,,,,,,,,,,,
15287,,,,,,,,,,,,,374,32,374,32,821,42,821,42,1863,96,1863,96,356,16,356,16,1480,69,1480,69,495,30,495,30,1000,57,1000,57,1196,63,1196,63,715,38,715,38,1997,109,1997,109,2354,128,2354,128
29008,,,,,,,,,,,,,14,3,2,1,17,10,3,2,6,2,4,2,56,16,17,3,53,18,23,8,81,19,29,6,75,16,75,16,74,11,74,11,,,,,,,,,,,,
42395,,,,,,,,,,,,,387,33,387,33,1286,69,1286,69,469,27,469,27,334,15,334,15,686,30,686,30,999,65,999,65,824,47,824,47,1339,69,1339,69,754,40,754,40,1115,61,1115,61,1328,74,1328,74
46986,,,,,,,,,,,,,387,27,43,4,60,6,32,2,54,5,36,4,934,54,163,12,1295,83,186,17,,,,,,,,,,,,,,,,,,,,,,,,
53023,,,,,,,,,,,,,387,37,387,37,979,94,979,94,1042,106,1042,106,670,76,670,76,439,50,439,50,748,84,748,84,,,,,,,,,,,,,,,,,1328,143,1328,143
55931,,,,,,,,,,,,,398,48,76,16,1194,175,150,35,1678,221,195,39,558,77,558,77,551,70,551,70,260,32,260,32,510,64,510,64,2012,248,2012,248,1118,142,1118,142,1514,164,1514,164,2169,260,2169,260
573,,,,,,,,,,,,,398,35,398,35,956,51,956,51,709,43,709,43,1343,63,1343,63,866,42,866,42,1034,69,1034,69,,,,,,,,,2045,104,2045,104,1708,95,1708,95,643,27,643,27
34852,,,,,,,,,,,,,412,28,412,28,1385,77,1385,77,901,53,901,53,296,21,296,21,1945,125,1945,125,1034,61,1034,61,1364,76,1364,76,941,54,941,54,1476,99,1476,99,877,43,877,43,807,42,807,42
1414,,,,,,,,,,,,,412,28,412,28,692,43,692,43,228,19,228,19,1786,101,1786,101,841,52,841,52,,,,,,,,,129,7,129,7,1224,86,1224,86,,,,,,,,
22075,,,,,,,,,,,,,434,53,434,53,864,125,864,125,1120,136,1120,136,541,75,541,75,1617,206,1617,206,,,,,,,,,797,107,797,107,1445,177,1445,177,2066,244,2066,244,,,,
577,,,,,,,,,,,,,434,36,434,36,821,42,821,42,,,,,,,,,,,,,,,,,,,,,,,,,,,,,,,,,,,,
26672,,,,,,,,,,,,,445,38,445,38,1254,68,1254,68,,,,,,,,,,,,,,,,,,,,,,,,,,,,,,,,,,,,
28578,,,,,,,,,,,,,445,56,445,56,900,130,900,130,,,,,,,,,,,,,,,,,,,,,,,,,,,,,,,,,,,,
37502,,,,,,,,,,,,,445,19,445,19,677,32,677,32,,,,,,,,,,,,,,,,,,,,,,,,,,,,,,,,,,,,
8155,,,,,,,,,,,,,465,42,465,42,1368,134,1368,134,1768,188,1768,188,,,,,,,,,,,,,,,,,,,,,,,,,,,,,,,,
8571,,,,,,,,,,,,,16,4,16,4,66,9,66,9,68,14,68,14,,,,,87,9,87,9,,,,,,,,,,,,,90,12,90,12,,,,,,,,
36052,,,,,,,,,,,,,465,31,465,31,25,2,25,2,1817,98,1817,98,541,38,541,38,1553,99,1553,99,1546,89,1546,89,609,36,609,36,968,56,968,56,2075,127,2075,127,1027,51,1027,51,1383,79,1383,79
19308,,,,,,,,,,,,,465,58,465,58,,,,,,,,,698,72,698,72,1851,213,1851,213,565,63,565,63,1000,113,1000,113,683,73,683,73,512,57,512,57,2142,238,2142,238,1849,203,1849,203
60524,,,,,,,,,,,,,465,31,465,31,1001,57,1001,57,1900,107,1900,107,23,2,23,2,1351,86,1351,86,1104,69,1104,69,87,6,87,6,1063,61,1063,61,2247,138,2247,138,725,30,725,30,1753,104,1753,104
903,,,,,,,,,,,,,483,41,483,41,1401,73,1401,73,743,45,743,45,,,,,,,,,,,,,,,,,1906,91,1906,91,,,,,,,,,1891,106,1891,106
42568,,,,,,,,,,,,,497,43,497,43,315,13,315,13,1508,72,1508,72,1279,61,1279,61,471,19,471,19,349,20,349,20,1550,85,1550,85,876,49,876,49,1975,101,1975,101,1241,70,1241,70,1266,72,1266,72
57571,,,,,,,,,,,,,511,33,511,33,1194,69,1194,69,411,27,411,27,1613,94,1613,94,972,59,972,59,458,25,458,25,848,52,848,52,423,27,423,27,843,60,843,60,1558,92,1558,92,171,7,171,7
35534,,,,,,,,,,,,,511,33,511,33,1525,86,1525,86,1932,112,1932,112,,,,,320,24,320,24,1223,75,1223,75,1685,93,1685,93,,,,,,,,,,,,,,,,
19803,,,,,,,,,,,,,511,44,511,44,773,39,773,39,334,19,334,19,1719,80,1719,80,1997,97,1997,97,,,,,,,,,1339,69,1339,69,1674,85,1674,85,230,31,230,31,314,36,314,36
41738,,,,,,,,,,,,,511,69,511,69,,,,,,,,,,,,,1836,230,1836,230,,,,,,,,,,,,,,,,,,,,,,,,
29419,,,,,,,,,,,,,521,67,521,67,143,20,143,20,517,61,517,61,1842,237,1842,237,439,43,439,43,1252,150,1252,150,1115,136,1115,136,1781,223,1781,223,1991,244,1991,244,931,96,931,96,283,34,283,34
46742,,,,,,,,,,,,,528,45,45,4,1088,82,60,7,17,1,16,1,1700,128,140,12,1738,132,211,20,145,13,50,2,63,5,63,5,968,77,968,77,1141,75,1141,75,1292,105,1292,105,549,41,549,41
23164,,,,,,,,,,,,,528,45,528,45,1804,93,1804,93,359,22,359,22,1820,88,1820,88,886,43,886,43,971,62,971,62,848,50,848,50,1113,61,1113,61,390,22,390,22,643,41,643,41,740,38,740,38
34972,,,,,,,,,,,,,528,71,528,71,411,64,411,64,1980,257,1980,257,558,77,558,77,1933,244,1933,244,1587,201,1587,201,,,,,,,,,,,,,,,,,,,,
43314,,,,,,,,,,,,,528,27,80,5,1132,82,109,8,111,5,56,3,1937,124,214,8,907,58,907,58,,,,,,,,,1439,78,1439,78,2259,143,2259,143,,,,,,,,
11827,,,,,,,,,,,,,528,45,528,45,1573,116,1573,116,,,,,,,,,,,,,,,,,,,,,,,,,,,,,,,,,,,,
863,,,,,,,,,,,,,528,26,528,26,211,9,211,9,1840,103,1840,103,,,,,,,,,,,,,,,,,,,,,,,,,,,,,,,,
35016,,,,,,,,,,,,,528,68,528,68,31,4,31,4,1984,239,1984,239,,,,,,,,,532,60,532,60,225,35,225,35,1247,134,1247,134,2372,234,2372,234,,,,,,,,
63716,,,,,,,,,,,,,528,71,528,71,659,101,659,101,1557,203,1557,203,978,116,978,116,1459,185,1459,185,1034,119,1034,119,841,105,841,105,968,127,968,127,1445,177,1445,177,2050,241,2050,241,384,52,384,52
26057,,,,,,,,,,,,,547,37,547,37,1088,62,1088,62,,,,,,,,,,,,,,,,,,,,,,,,,,,,,,,,,,,,
44398,,,,,,,,,,,,,23,4,3,1,65,9,15,2,57,8,17,3,19,4,8,2,36,2,16,2,,,,,,,,,,,,,,,,,,,,,,,,
60456,,,,,,,,,,,,,563,31,563,31,299,21,299,21,980,60,980,60,1059,62,1059,62,1836,115,1836,115,304,15,304,15,944,61,944,61,1019,61,1019,61,859,50,859,50,1777,121,1777,121,1025,79,1025,79
34947,,,,,,,,,,,,,563,26,563,26,1548,68,1548,68,867,85,867,85,314,36,314,36,1678,168,1678,168,227,29,227,29,1087,129,1087,129,1339,141,1339,141,1614,163,1614,163,388,46,388,46,399,46,399,46
47485,,,,,,,,,,,,,563,38,563,38,494,34,494,34,1848,113,1848,113,147,9,147,9,797,50,797,50,1587,95,1587,95,1185,76,1185,76,1884,107,1884,107,1043,60,1043,60,2477,149,2477,149,,,,
58146,,,,,,,,,,,,,563,49,563,49,187,5,187,5,1603,80,1603,80,1719,80,1719,80,686,30,686,30,,,,,,,,,1858,89,1858,89,1353,64,1353,64,806,48,806,48,2431,130,2431,130
62083,,,,,,,,,,,,,578,51,578,51,1017,98,1017,98,1319,141,1319,141,1328,143,1328,143,1637,162,1637,162,138,20,138,20,1460,161,1460,161,,,,,1674,168,1674,168,1896,192,1896,192,,,,
58132,,,,,,,,,,,,,578,80,578,80,1368,201,1368,201,1377,175,1377,175,1343,164,1343,164,1196,148,1196,148,1126,134,1126,134,,,,,,,,,798,96,798,96,2262,271,2262,271,,,,
64371,,,,,,,,,,,,,591,53,591,53,1017,98,1017,98,485,50,485,50,879,94,879,94,817,90,817,90,1198,127,1198,127,588,73,588,73,423,52,423,52,2331,231,2331,231,830,89,830,89,1670,176,1670,176
49019,,,,,,,,,,,,,591,39,591,39,1042,59,1042,59,1396,74,1396,74,483,33,483,33,516,36,516,36,458,25,458,25,1478,80,1478,80,389,25,389,25,1931,122,1931,122,2177,129,2177,129,314,11,314,11
47121,,,,,,,,,,,,,591,33,46,3,249,16,64,6,851,51,118,3,114,8,60,2,929,60,160,5,187,8,187,8,1201,78,1201,78,1392,74,1392,74,1724,106,1724,106,,,,,,,,
20316,,,,,,,,,,,,,604,22,604,22,1652,77,1652,77,,,,,,,,,,,,,,,,,,,,,,,,,,,,,,,,,,,,
27204,,,,,,,,,,,,,615,31,615,31,956,52,956,52,530,31,530,31,1646,95,1646,95,1754,107,1754,107,,,,,,,,,264,16,264,16,1279,92,1279,92,2018,123,2018,123,952,63,952,63
40200,,,,,,,,,,,,,615,40,615,40,1689,94,1689,94,150,14,150,14,1107,63,1107,63,1295,83,1295,83,436,23,436,23,730,45,730,45,2111,127,2111,127,1011,70,1011,70,856,41,856,41,1913,115,1913,115
6228,,,,,,,,,,,,,615,84,615,84,1088,158,1088,158,1523,194,1523,194,,,,,,,,,,,,,,,,,,,,,,,,,,,,,,,,
43022,,,,,,,,,,,,,635,53,635,53,299,11,299,11,1571,76,1571,76,1574,74,1574,74,702,33,702,33,260,16,260,16,397,24,397,24,1583,75,1583,75,124,9,124,9,2018,110,2018,110,1328,74,1328,74
11971,,,,,,,,,,,,,635,41,635,41,773,48,773,48,1721,89,1721,89,1328,80,1328,80,797,49,797,49,,,,,,,,,,,,,,,,,,,,,,,,
31953,,,,,,,,,,,,,635,29,635,29,534,20,534,20,1747,92,1747,92,729,35,729,35,1726,92,1726,92,,,,,,,,,,,,,,,,,,,,,,,,
5555,,,,,,,,,,,,,648,43,648,43,177,13,177,13,469,33,469,33,1917,112,1917,112,817,50,817,50,,,,,,,,,838,49,838,49,1353,94,1353,94,506,25,506,25,2487,142,2487,142
10381,,,,,,,,,,,,,666,52,666,52,340,21,340,21,1779,129,1779,129,1574,123,1574,123,1985,156,1985,156,,,,,,,,,1654,129,1654,129,843,54,843,54,1997,151,1997,151,,,,
486,,,,,,,,,,,,,666,55,666,55,1218,65,1218,65,620,37,620,37,,,,,,,,,856,58,856,58,1630,95,1630,95,1603,78,1603,78,384,21,384,21,1207,68,1207,68,1913,109,1913,109
28223,,,,,,,,,,,,,666,45,666,45,1074,61,1074,61,1283,69,1283,69,962,55,962,55,1657,103,1657,103,,,,,,,,,838,49,838,49,48,6,48,6,2207,131,2207,131,2069,124,2069,124
42495,,,,,,,,,,,,,681,56,681,56,1017,54,1017,54,485,29,485,29,,,,,,,,,1070,71,1070,71,374,20,374,20,496,25,496,25,1333,63,1333,63,1708,95,1708,95,807,47,807,47
48867,,,,,,,,,,,,,681,38,681,38,809,45,809,45,517,28,517,28,1401,79,1401,79,670,41,670,41,,,,,,,,,1858,106,1858,106,754,48,754,48,415,28,415,28,1450,90,1450,90
38954,,,,,,,,,,,,,690,55,690,55,1368,104,1368,104,455,38,455,38,217,20,217,20,1819,139,1819,139,1223,99,1223,99,730,63,730,63,921,73,921,73,472,28,472,28,877,69,877,69,399,27,399,27
37698,,,,,,,,,,,,,706,33,706,33,1434,65,1434,65,1733,88,1733,88,,,,,1678,91,1678,91,,,,,,,,,968,57,968,57,1916,108,1916,108,,,,,,,,
42001,,,,,,,,,,,,,706,58,706,58,151,4,151,4,1523,73,1523,73,864,36,864,36,353,12,353,12,1104,74,1104,74,397,24,397,24,374,19,374,19,2056,105,2056,105,1163,64,1163,64,2195,124,2195,124
40631,,,,,,,,,,,,,706,86,706,86,425,56,425,56,1461,210,1461,210,1484,212,1484,212,1859,258,1859,258,788,119,788,119,1053,165,1053,165,105,10,105,10,182,26,182,26,1115,143,1115,143,2374,314,2374,314
36303,,,,,,,,,,,,,706,47,706,47,,,,,,,,,,,,,,,,,,,,,,,,,,,,,,,,,,,,,,,,
4731,,,,,,,,,,,,,706,47,706,47,1132,66,1132,66,1523,78,1523,78,70,8,70,8,1899,121,1899,121,1576,90,1576,90,478,25,478,25,1267,73,1267,73,2296,140,2296,140,1241,72,1241,72,611,27,611,27
2975,,,,,,,,,,,,,706,47,706,47,32,3,32,3,1891,105,1891,105,844,50,844,50,1953,126,1953,126,,,,,,,,,,,,,,,,,621,49,621,49,432,31,432,31
38038,,,,,,,,,,,,,725,50,725,50,715,46,715,46,867,49,867,49,522,36,522,36,516,36,516,36,,,,,,,,,1484,95,1484,95,,,,,,,,,,,,
25117,,,,,,,,,,,,,725,89,725,89,204,29,204,29,709,103,709,103,1686,237,1686,237,740,106,740,106,788,119,788,119,1230,192,1230,192,125,14,125,14,1597,208,1597,208,1644,216,1644,216,928,118,928,118
1052,,,,,,,,,,,,,737,51,737,51,920,55,920,55,380,26,380,26,1856,105,1856,105,1122,69,1122,69,,,,,,,,,1918,116,1918,116,1141,78,1141,78,1461,85,1461,85,1383,113,1383,113
25957,,,,,,,,,,,,,737,51,737,51,1218,71,1218,71,1004,55,1004,55,39,5,39,5,1617,101,1617,101,1518,86,1518,86,1419,78,1419,78,331,19,331,19,1118,76,1118,76,1185,67,1185,67,357,14,357,14
46530,,,,,,,,,,,,,737,51,737,51,1796,100,1796,100,,,,,,,,,,,,,,,,,,,,,,,,,,,,,,,,,,,,
63043,,,,,,,,,,,,,737,91,737,91,715,86,715,86,772,117,772,117,1151,161,1151,161,1553,223,1553,223,,,,,,,,,621,87,621,87,472,57,472,57,1207,153,1207,153,1473,198,1473,198
35054,,,,,,,,,,,,,760,61,760,61,659,32,659,32,303,16,303,16,635,28,635,28,353,12,353,12,1653,95,1653,95,657,40,657,40,1063,57,1063,57,2140,111,2140,111,1438,78,1438,78,590,25,590,25
570,,,,,,,,,,,,,760,61,760,61,479,20,479,20,772,46,772,46,573,25,573,25,1738,82,1738,82,703,42,703,42,1000,57,1000,57,314,15,314,15,1931,97,1931,97,1137,62,1137,62,,,,
14387,,,,,,,,,,,,,760,55,760,55,356,27,356,27,1337,71,1337,71,400,27,400,27,1392,90,1392,90,856,49,856,49,260,11,260,11,2170,132,2170,132,1069,73,1069,73,830,38,830,38,952,51,952,51
11024,,,,,,,,,,,,,782,65,782,65,1793,92,1793,92,72,4,72,4,375,22,375,22,611,35,611,35,,,,,,,,,,,,,,,,,,,,,,,,
15921,,,,,,,,,,,,,782,100,782,100,1286,188,1286,188,241,36,241,36,1820,228,1820,228,373,51,373,51,,,,,,,,,,,,,,,,,,,,,,,,
11064,,,,,,,,,,,,,795,66,795,66,,,,,,,,,,,,,,,,,,,,,,,,,,,,,,,,,,,,,,,,
11502,,,,,,,,,,,,,825,68,825,68,1525,80,1525,80,,,,,1949,94,1949,94,,,,,,,,,,,,,,,,,731,39,731,39,1620,87,1620,87,1638,89,1638,89
47545,,,,,,,,,,,,,825,57,825,57,315,24,315,24,1441,76,1441,76,606,41,606,41,841,52,841,52,1344,77,1344,77,155,8,155,8,1623,103,1623,103,1353,94,1353,94,,,,,,,,
44216,,,,,,,,,,,,,825,107,825,107,1767,233,1767,233,73,12,73,12,65,7,65,7,1249,177,1249,177,349,52,349,52,746,104,746,104,1439,195,1439,195,1502,193,1502,193,,,,,,,,
46559,,,,,,,,,,,,,825,57,122,9,1254,74,1254,74,298,21,298,21,147,11,147,11,1196,76,1196,76,856,49,856,49,870,54,870,54,1858,111,1858,111,689,52,689,52,124,5,124,5,2508,144,2508,144
39133,,,,,,,,,,,,,848,63,848,63,1620,120,1620,120,,,,,,,,,1272,100,1272,100,1126,95,1126,95,339,28,339,28,289,20,289,20,2093,156,2093,156,1558,132,1558,132,2402,170,2402,170
49138,,,,,,,,,,,,,857,49,53,3,,,,,,,,,1777,97,206,6,486,26,129,6,243,12,243,12,360,22,360,22,1832,111,1832,111,175,8,175,8,2207,118,2207,118,164,6,164,6
34936,,,,,,,,,,,,,857,102,857,102,1074,132,1074,132,867,111,867,111,2051,260,2051,260,1705,85,1705,85,,,,,,,,,,,,,,,,,,,,,,,,
37070,,,,,,,,,,,,,857,49,857,49,,,,,,,,,,,,,,,,,,,,,,,,,,,,,,,,,,,,,,,,
44794,,,,,,,,,,,,,857,110,53,14,1132,169,61,19,1523,194,140,30,1574,201,138,30,1328,166,188,35,,,,,,,,,1417,185,1417,185,1641,193,1641,193,,,,,,,,
10206,,,,,,,,,,,,,857,49,857,49,283,17,283,17,1826,92,1826,92,1306,71,1306,71,385,16,385,16,669,29,669,29,1149,57,1149,57,324,20,324,20,300,13,300,13,2200,116,2200,116,2048,98,2048,98
22934,,,,,,,,,,,,,879,114,879,114,1194,154,1194,154,1319,184,1319,184,962,139,962,139,439,63,439,63,1465,231,1465,231,870,125,870,125,2160,284,2160,284,774,94,774,94,1732,231,1732,231,1827,242,1827,242
23553,,,,,,,,,,,,,879,70,879,70,821,42,821,42,95,5,95,5,1446,69,1446,69,,,,,,,,,,,,,1953,96,1953,96,140,12,140,12,1558,85,1558,85,871,49,871,49
48263,,,,,,,,,,,,,879,62,95,8,65,7,35,3,1100,60,163,11,28,4,28,4,588,41,588,41,823,46,823,46,510,26,510,26,1339,80,1339,80,1724,115,1724,115,403,18,403,18,432,17,432,17
41287,,,,,,,,,,,,,899,53,899,53,1804,115,1804,115,,,,,,,,,,,,,,,,,,,,,,,,,,,,,,,,,2459,177,2459,177
54262,,,,,,,,,,,,,899,71,55,1,479,9,49,1,772,17,115,2,6,1,6,1,1351,25,190,2,,,,,,,,,,,,,,,,,,,,,,,,
46494,,,,,,,,,,,,,899,63,899,63,,,,,,,,,,,,,,,,,,,,,,,,,,,,,859,61,859,61,877,43,877,43,871,47,871,47
5600,,,,,,,,,,,,,899,87,899,87,1042,102,1042,102,661,65,661,65,1629,163,1629,163,273,36,273,36,1126,114,1126,114,1478,165,1478,165,2237,235,2237,235,,,,,,,,,,,,
51149,,,,,,,,,,,,,920,55,97,7,864,46,130,4,792,37,144,6,1737,94,1737,94,,,,,,,,,,,,,900,52,900,52,529,27,529,27,1997,108,1997,108,807,93,807,93
45688,,,,,,,,,,,,,920,70,97,8,411,31,97,11,411,33,106,11,356,31,356,31,756,62,756,62,1368,120,1368,120,1432,135,1432,135,1935,151,1935,151,2152,160,2152,160,746,60,746,60,,,,
27469,,,,,,,,,,,,,936,65,936,65,356,27,356,27,792,46,792,46,432,30,432,30,1442,92,1442,92,532,29,532,29,374,19,374,19,1654,105,1654,105,224,18,224,18,1091,57,1091,57,1137,64,1137,64
57822,,,,,,,,,,,,,957,128,101,10,1194,154,113,12,,,,,,,,,,,,,,,,,,,,,,,,,,,,,,,,,,,,
27452,,,,,,,,,,,,,957,126,957,126,1727,250,1727,250,,,,,,,,,,,,,,,,,,,,,,,,,,,,,,,,,,,,
16989,,,,,,,,,,,,,957,74,957,74,1417,107,1417,107,,,,,,,,,,,,,,,,,,,,,1339,106,1339,106,461,27,461,27,1207,97,1207,97,2097,137,2097,137
50583,,,,,,,,,,,,,973,94,973,94,1238,119,1238,119,1004,101,1004,101,1956,193,1956,193,,,,,,,,,,,,,,,,,,,,,,,,,,,,
35772,,,,,,,,,,,,,973,94,973,94,562,47,562,47,1523,165,1523,165,,,,,,,,,,,,,,,,,,,,,,,,,,,,,,,,
32067,,,,,,,,,,,,,973,129,973,129,659,101,659,101,1603,210,1603,210,,,,,588,75,588,75,1223,145,1223,145,1440,176,1440,176,741,96,741,96,1069,134,1069,134,1163,123,1163,123,1966,232,1966,232
16228,,,,,,,,,,,,,973,74,973,74,979,53,979,53,1523,73,1523,73,,,,,1962,95,1962,95,588,35,588,35,1581,89,1581,89,,,,,,,,,,,,,,,,
31739,,,,,,,,,,,,,973,51,973,51,1417,70,1417,70,,,,,1750,100,1750,100,,,,,,,,,,,,,2181,133,2181,133,,,,,,,,,,,,
16927,,,,,,,,,,,,,990,75,990,75,,,,,,,,,,,,,,,,,,,,,,,,,,,,,,,,,,,,,,,,
35056,,,,,,,,,,,,,990,75,990,75,65,2,65,2,1945,99,1945,99,653,29,653,29,385,16,385,16,1344,86,1344,86,1335,73,1335,73,1583,75,1583,75,1401,68,1401,68,,,,,,,,
52892,,,,,,,,,,,,,990,97,103,15,,,,,,,,,,,,,,,,,,,,,,,,,,,,,,,,,,,,,,,,
45935,,,,,,,,,,,,,1014,41,1014,41,534,24,534,24,940,43,940,43,343,20,343,20,1170,58,1170,58,304,14,304,14,1419,70,1419,70,1461,71,1461,71,2030,99,2030,99,621,33,621,33,2518,133,2518,133
49224,,,,,,,,,,,,,1014,99,1014,99,366,28,366,28,,,,,,,,,,,,,,,,,,,,,,,,,,,,,,,,,,,,
43138,,,,,,,,,,,,,1014,135,57,15,505,79,50,16,816,96,116,23,,,,,,,,,1252,153,168,33,1201,145,1201,145,1623,202,1623,202,,,,,,,,,,,,
59304,,,,,,,,,,,,,1014,77,1014,77,224,8,224,8,1800,94,1800,94,261,10,261,10,551,21,551,21,971,62,971,62,461,31,461,31,1858,89,1858,89,414,24,414,24,1896,103,1896,103,999,56,999,56
5267,,,,,,,,,,,,,1034,125,1034,125,1042,127,1042,127,1024,131,1024,131,2051,260,2051,260,,,,,,,,,,,,,,,,,,,,,,,,,,,,
29012,,,,,,,,,,,,,1034,102,143,19,1088,106,141,21,,,,,,,,,,,,,,,,,,,,,,,,,,,,,,,,,,,,
40226,,,,,,,,,,,,,1034,67,1034,67,1513,85,1513,85,,,,,606,41,606,41,1044,66,1044,66,1629,93,1629,93,797,49,797,49,1169,68,1169,68,1597,109,1597,109,543,26,543,26,2459,140,2459,140
2366,,,,,,,,,,,,,1034,125,1034,125,979,118,979,118,1193,145,1193,145,217,19,217,19,2058,242,2058,242,1198,141,1198,141,,,,,,,,,2278,278,2278,278,,,,,,,,
14676,,,,,,,,,,,,,1049,78,1049,78,1328,71,1328,71,606,34,606,34,1550,73,1550,73,1779,86,1779,86,123,6,123,6,131,7,131,7,514,27,514,27,1445,73,1445,73,45,2,45,2,1237,70,1237,70
11016,,,,,,,,,,,,,1049,106,1049,106,659,55,659,55,816,74,816,74,1173,127,1173,127,1919,193,1919,193,458,51,458,51,1000,123,1000,123,1323,140,1323,140,1674,168,1674,168,2325,235,2325,235,,,,
5554,,,,,,,,,,,,,1068,68,1068,68,315,24,315,24,1826,101,1826,101,281,20,281,20,1152,74,1152,74,,,,,,,,,,,,,,,,,,,,,,,,
12154,,,,,,,,,,,,,1068,128,1068,128,1620,197,1620,197,,,,,,,,,,,,,,,,,,,,,,,,,,,,,,,,,,,,
54926,,,,,,,,,,,,,1089,70,1089,70,591,39,591,39,1166,63,1166,63,314,24,314,24,1553,99,1553,99,,,,,,,,,994,58,994,58,1197,84,1197,84,2101,122,2101,122,1473,84,1473,84
50923,,,,,,,,,,,,,1098,155,144,17,1328,170,159,17,,,,,,,,,,,,,123,20,123,20,870,125,870,125,605,81,605,81,754,93,754,93,1270,166,1270,166,1615,221,1615,221
34905,,,,,,,,,,,,,1098,79,1098,79,1017,54,1017,54,1571,76,1571,76,,,,,,,,,,,,,,,,,,,,,241,14,241,14,2360,125,2360,125,323,13,323,13
9737,,,,,,,,,,,,,1098,42,1098,42,,,,,,,,,,,,,,,,,,,,,,,,,,,,,,,,,,,,,,,,
12629,,,,,,,,,,,,,1098,144,1098,144,1689,243,1689,243,,,,,,,,,,,,,,,,,,,,,,,,,,,,,,,,,,,,
13878,,,,,,,,,,,,,1098,144,1098,144,534,82,534,82,1842,242,1842,242,,,,,,,,,,,,,381,54,381,54,1562,196,1562,196,2129,256,2129,256,,,,,,,,
9424,,,,,,,,,,,,,1113,63,1113,63,,,,,,,,,1574,102,1574,102,,,,,,,,,1167,73,1167,73,,,,,,,,,2207,149,2207,149,,,,
31527,,,,,,,,,,,,,1113,71,1113,71,,,,,1319,70,1319,70,125,10,125,10,1378,88,1378,88,,,,,,,,,1063,61,1063,61,320,23,320,23,1943,116,1943,116,330,12,330,12
997,,,,,,,,,,,,,1113,63,1113,63,647,45,647,45,1441,91,1441,91,400,24,400,24,2114,131,2114,131,669,41,669,41,1149,72,1149,72,,,,,1423,78,1423,78,1421,102,1421,102,2132,160,2132,160
4565,,,,,,,,,,,,,1113,133,1113,133,1328,162,1328,162,1424,173,1424,173,844,98,844,98,1591,122,1591,122,,,,,,,,,1113,126,1113,126,1580,185,1580,185,907,95,907,95,764,83,764,83
6649,,,,,,,,,,,,,1126,159,1126,159,,,,,1700,244,1700,244,,,,,,,,,,,,,,,,,,,,,,,,,,,,,,,,
24236,,,,,,,,,,,,,1126,72,1126,72,187,16,187,16,709,43,709,43,1629,95,1629,95,302,22,302,22,626,36,626,36,824,51,824,51,2160,131,2160,131,2075,127,2075,127,1270,76,1270,76,1966,120,1966,120
24155,,,,,,,,,,,,,1126,134,1126,134,1311,159,1311,159,620,71,620,71,978,115,978,115,1705,203,1705,203,,,,,,,,,1196,142,1196,142,1836,219,1836,219,1363,140,1363,140,952,100,952,100
9263,,,,,,,,,,,,,1150,47,1150,47,168,12,168,12,1900,84,1900,84,343,16,343,16,2159,89,2159,89,,,,,,,,,,,,,,,,,,,,,,,,
14522,,,,,,,,,,,,,1150,74,1150,74,846,51,846,51,816,47,816,47,1019,59,1019,59,907,56,907,56,,,,,,,,,2160,131,2160,131,1705,114,1705,114,1807,109,1807,109,1039,59,1039,59
23228,,,,,,,,,,,,,1150,81,1150,81,,,,,,,,,,,,,1295,64,1295,64,1070,71,1070,71,870,52,870,52,462,22,462,22,798,43,798,43,2296,119,2296,119,1891,106,1891,106
42384,,,,,,,,,,,,,1163,82,1163,82,,,,,,,,,,,,,,,,,,,,,,,,,,,,,,,,,,,,,,,,
64053,,,,,,,,,,,,,1163,152,145,27,1804,257,1804,257,,,,,,,,,,,,,,,,,,,,,,,,,,,,,84,4,84,4,410,6,410,6
14196,,,,,,,,,,,,,1183,76,1183,76,,,,,,,,,,,,,1767,114,1767,114,,,,,,,,,2102,125,2102,125,,,,,192,9,192,9,1870,112,1870,112
28520,,,,,,,,,,,,,1183,159,1183,159,1858,260,1858,260,,,,,,,,,,,,,,,,,,,,,,,,,,,,,,,,,,,,
3969,,,,,,,,,,,,,1183,83,1183,83,518,23,518,23,914,50,914,50,879,38,879,38,2038,99,2038,99,1166,79,1166,79,588,36,588,36,283,11,283,11,1899,96,1899,96,1896,103,1896,103,565,24,565,24
50566,,,,,,,,,,,,,1183,76,1183,76,534,37,534,37,22,2,22,2,1038,60,1038,60,1272,82,1272,82,,,,,,,,,1323,76,1323,76,877,63,877,63,1644,99,1644,99,,,,
60239,,,,,,,,,,,,,1183,164,1183,164,1074,139,1074,139,134,26,134,26,1876,266,1876,266,539,73,539,73,158,27,158,27,,,,,,,,,1810,236,1810,236,2441,322,2441,322,,,,
18640,,,,,,,,,,,,,1183,76,1183,76,,,,,,,,,,,,,,,,,,,,,,,,,,,,,,,,,,,,,,,,
53215,,,,,,,,,,,,,1183,164,1183,164,,,,,914,58,914,58,1343,195,1343,195,1933,271,1933,271,,,,,,,,,1832,237,1832,237,1563,200,1563,200,1807,243,1807,243,,,,
48747,,,,,,,,,,,,,1206,62,1206,62,,,,,743,44,743,44,1423,81,1423,81,1867,114,1867,114,,,,,1589,35,1589,35,,,,,2337,146,2337,146,,,,,,,,
2305,,,,,,,,,,,,,1206,85,1206,85,390,16,390,16,411,25,411,25,1574,74,1574,74,1078,51,1078,51,823,54,823,54,1561,87,1561,87,,,,,,,,,1027,58,1027,58,1383,78,1383,78
18965,,,,,,,,,,,,,1219,120,1219,120,,,,,1396,148,1396,148,1059,111,1059,111,195,26,195,26,669,74,669,74,1678,188,1678,188,,,,,985,105,985,105,907,101,907,101,1989,207,1989,207
29057,,,,,,,,,,,,,1219,71,1219,71,,,,,,,,,,,,,,,,,,,,,,,,,,,,,,,,,,,,,,,,
31543,,,,,,,,,,,,,1219,145,1219,145,,,,,816,105,816,105,1719,224,1719,224,1044,116,1044,116,1603,199,1603,199,204,22,204,22,1654,200,1654,200,,,,,,,,,2115,236,2115,236
41116,,,,,,,,,,,,,1219,47,149,8,13,4,13,4,1166,61,1166,61,49,2,49,2,1576,83,1576,83,173,9,173,9,409,19,409,19,1858,108,1858,108,,,,,,,,,,,,
16005,,,,,,,,,,,,,1240,172,1240,172,934,134,934,134,1496,191,1496,191,,,,,,,,,,,,,,,,,,,,,,,,,,,,,,,,
25469,,,,,,,,,,,,,1249,52,1249,52,,,,,,,,,1686,76,1686,76,,,,,,,,,,,,,,,,,1533,79,1533,79,985,56,985,56,2532,135,2532,135
52291,,,,,,,,,,,,,1249,175,1249,175,591,72,591,72,33,7,33,7,1812,257,1812,257,756,107,756,107,227,39,227,39,1000,151,1000,151,246,35,246,35,1899,245,1899,245,1421,187,1421,187,871,110,871,110
60372,,,,,,,,,,,,,47,2,10,2,25,2,13,2,,,,,,,,,,,,,,,,,,,,,,,,,,,,,,,,,,,,
24805,,,,,,,,,,,,,1249,86,1249,86,366,15,366,15,359,22,359,22,1786,87,1786,87,740,35,740,35,999,65,999,65,1219,66,1219,66,462,22,462,22,1836,93,1836,93,1675,91,1675,91,207,9,207,9
58134,,,,,,,,,,,,,1249,52,1249,52,494,22,494,22,122,8,122,8,1971,91,1971,91,588,33,588,33,1664,76,1664,76,117,8,117,8,2137,109,2137,109,2161,103,2161,103,388,18,388,18,1706,95,1706,95
47770,,,,,,,,,,,,,1249,80,1249,80,1717,96,1717,96,161,17,161,17,1202,71,1202,71,414,26,414,26,1450,81,1450,81,1028,61,1028,61,1196,70,1196,70,859,61,859,61,1539,91,1539,91,503,23,503,23
36681,,,,,,,,,,,,,1266,54,1266,54,1194,53,1194,53,,,,,541,28,541,28,1295,52,1295,52,,,,,,,,,1227,41,1227,41,798,31,798,31,2050,80,2050,80,2048,74,2048,74
49379,,,,,,,,,,,,,1266,151,152,13,,,,,,,,,,,,,1100,123,1100,123,1166,134,1166,134,1074,129,1074,129,1714,208,1714,208,,,,,,,,,,,,
8271,,,,,,,,,,,,,1266,67,1266,67,,,,,,,,,,,,,,,,,,,,,,,,,,,,,1043,79,1043,79,2039,125,2039,125,1301,81,1301,81
46203,,,,,,,,,,,,,1290,81,107,9,1434,80,162,8,,,,,1151,67,1151,67,,,,,,,,,,,,,,,,,,,,,,,,,,,,
31290,,,,,,,,,,,,,1290,57,1290,57,1660,74,1660,74,,,,,,,,,,,,,,,,,,,,,,,,,,,,,,,,,,,,
42840,,,,,,,,,,,,,1304,87,1304,87,1573,81,1573,81,,,,,1737,82,1737,82,,,,,1034,69,1034,69,350,17,350,17,702,41,702,41,1118,56,1118,56,2187,116,2187,116,1870,105,1870,105
26791,,,,,,,,,,,,,1322,58,1322,58,,,,,1929,85,1929,85,,,,,,,,,,,,,,,,,,,,,,,,,,,,,,,,
13734,,,,,,,,,,,,,1322,54,1322,54,,,,,,,,,1001,47,1001,47,2104,106,2104,106,1282,69,1282,69,,,,,968,57,968,57,1975,113,1975,113,664,39,664,39,1638,107,1638,107
30663,,,,,,,,,,,,,1338,60,1338,60,,,,,1068,54,1068,54,483,22,483,22,1591,87,1591,87,458,26,458,26,1377,68,1377,68,900,48,900,48,597,34,597,34,1241,72,1241,72,2374,150,2374,150
48743,,,,,,,,,,,,,1338,82,1338,82,349,26,349,26,150,14,150,14,864,51,864,51,1997,128,1997,128,1412,79,1412,79,440,24,440,24,1508,96,1508,96,2193,137,2193,137,1363,79,1363,79,,,,
26400,,,,,,,,,,,,,1338,184,1338,184,,,,,,,,,1509,190,1509,190,,,,,458,57,458,57,1201,145,1201,145,666,87,666,87,2247,275,2247,275,,,,,1941,228,1941,228
47362,,,,,,,,,,,,,50,2,12,1,55,3,22,1,28,3,13,1,30,2,30,2,56,3,56,3,,,,,,,,,20,1,20,1,99,2,99,2,33,4,33,4,37,5,37,5
4219,,,,,,,,,,,,,1349,83,1349,83,518,36,518,36,1068,59,1068,59,2010,114,2010,114,121,9,121,9,1518,86,1518,86,,,,,,,,,,,,,,,,,,,,
11886,,,,,,,,,,,,,1361,85,1361,85,,,,,,,,,1462,88,1462,88,886,55,886,55,,,,,,,,,,,,,1810,119,1810,119,,,,,,,,
4159,,,,,,,,,,,,,1361,88,1361,88,1671,87,1671,87,,,,,1686,79,1686,79,,,,,,,,,,,,,,,,,,,,,,,,,,,,
52108,,,,,,,,,,,,,1361,194,1361,194,,,,,,,,,,,,,,,,,856,135,856,135,1682,259,1682,259,,,,,,,,,,,,,,,,
64270,,,,,,,,,,,,,1361,61,1361,61,677,32,677,32,672,29,672,29,1956,90,1956,90,1100,54,1100,54,495,25,495,25,1201,63,1201,63,1508,75,1508,75,,,,,2142,120,2142,120,,,,
42502,,,,,,,,,,,,,1361,88,59,2,332,14,70,2,1193,67,133,4,1107,53,173,7,70,1,43,1,59,3,59,3,1449,80,1449,80,683,39,683,39,1750,89,1750,89,192,10,192,10,667,31,667,31
10209,,,,,,,,,,,,,1361,85,1361,85,442,30,442,30,157,16,157,16,2035,116,2035,116,138,10,138,10,588,34,588,34,1561,83,1561,83,1267,73,1267,73,2161,135,2161,135,763,34,763,34,1187,70,1187,70
40224,,,,,,,,,,,,,1382,89,1382,89,1815,103,1815,103,,,,,,,,,,,,,,,,,,,,,,,,,,,,,1620,96,1620,96,,,,
744,,,,,,,,,,,,,1382,62,1382,62,,,,,,,,,,,,,,,,,,,,,,,,,,,,,,,,,,,,,,,,
33737,,,,,,,,,,,,,1382,90,1382,90,1505,79,1505,79,,,,,1960,95,1960,95,,,,,,,,,,,,,423,20,423,20,444,25,444,25,2422,128,2422,128,701,33,701,33
7228,,,,,,,,,,,,,1382,78,1382,78,457,25,457,25,743,36,743,36,286,17,286,17,2058,107,2058,107,1070,50,1070,50,673,37,673,37,1508,93,1508,93,311,14,311,14,1055,63,1055,63,2491,128,2491,128
64403,,,,,,,,,,,,,1382,131,162,20,692,58,692,58,1461,159,1461,159,1151,142,1151,142,,,,,,,,,,,,,,,,,,,,,,,,,,,,
60777,,,,,,,,,,,,,1398,77,1398,77,,,,,1166,76,1166,76,1001,60,1001,60,1975,122,1975,122,,,,,913,59,913,59,994,59,994,59,2314,149,2314,149,,,,,,,,
9696,,,,,,,,,,,,,1417,90,1417,90,,,,,,,,,,,,,1442,92,1442,92,,,,,,,,,2233,137,2233,137,,,,,2406,143,2406,143,,,,
47774,,,,,,,,,,,,,1417,90,1417,90,1660,91,1660,91,,,,,1842,104,1842,104,414,26,414,26,59,2,59,2,1074,65,1074,65,1063,61,1063,61,636,49,636,49,1826,110,1826,110,624,28,624,28
50545,,,,,,,,,,,,,1423,65,1423,65,1286,56,1286,56,111,5,111,5,1926,88,1926,88,1295,62,1295,62,187,8,187,8,270,18,270,18,1537,77,1537,77,1043,55,1043,55,2187,124,2187,124,845,48,845,48
6821,,,,,,,,,,,,,1451,107,1451,107,,,,,,,,,1700,128,1700,128,499,44,499,44,1034,87,1034,87,1201,106,1201,106,1113,87,1113,87,1674,119,1674,119,1292,105,1292,105,1913,123,1913,123
32027,,,,,,,,,,,,,1451,138,1451,138,,,,,,,,,,,,,,,,,,,,,,,,,,,,,,,,,,,,,,,,
11896,,,,,,,,,,,,,1451,92,1451,92,1218,71,1218,71,,,,,,,,,,,,,,,,,,,,,,,,,,,,,,,,,,,,
11612,,,,,,,,,,,,,1469,172,1469,172,715,92,715,92,729,89,729,89,1574,195,1574,195,2191,263,2191,263,,,,,,,,,,,,,,,,,,,,,,,,
46833,,,,,,,,,,,,,1481,111,1481,111,,,,,1357,94,1357,94,1107,88,1107,88,1819,139,1819,139,458,47,458,47,913,85,913,85,856,65,856,65,1533,106,1533,106,960,77,960,77,1989,129,1989,129
26481,,,,,,,,,,,,,1481,207,1481,207,,,,,,,,,595,78,595,78,2135,290,2135,290,,,,,,,,,,,,,,,,,,,,,,,,
3151,,,,,,,,,,,,,1491,68,1491,68,,,,,,,,,,,,,,,,,,,,,,,,,,,,,,,,,,,,,,,,
30778,,,,,,,,,,,,,1491,177,1491,177,518,65,518,65,380,42,380,42,1926,244,1926,244,195,18,195,18,1576,194,1576,194,944,100,944,100,650,69,650,69,2179,269,2179,269,1207,126,1207,126,2255,255,2255,255
1302,,,,,,,,,,,,,1491,204,1491,204,,,,,,,,,356,46,356,46,611,79,611,79,1198,142,1198,142,149,20,149,20,181,28,181,28,2217,270,2217,270,1002,108,1002,108,305,45,305,45
60776,,,,,,,,,,,,,1505,85,1505,85,256,17,256,17,469,25,469,25,1524,98,1524,98,994,67,994,67,,,,,,,,,,,,,,,,,,,,,,,,
44120,,,,,,,,,,,,,57,10,57,10,,,,,,,,,,,,,90,13,90,13,,,,,,,,,,,,,,,,,,,,,,,,
38324,,,,,,,,,,,,,1518,85,1518,85,,,,,,,,,1202,68,1202,68,,,,,,,,,,,,,,,,,,,,,,,,,,,,
7788,,,,,,,,,,,,,1528,187,1528,187,294,40,294,40,469,53,469,53,1081,127,1081,127,1328,147,1328,147,1311,162,1311,162,897,95,897,95,856,99,856,99,985,113,985,113,763,81,763,81,2526,287,2526,287
44057,,,,,,,,,,,,,1528,86,1528,86,,,,,1914,99,1914,99,,,,,,,,,,,,,,,,,,,,,,,,,746,45,746,45,2115,101,2115,101
24532,,,,,,,,,,,,,1528,117,1528,117,,,,,323,24,323,24,824,71,824,71,2045,162,2045,162,187,19,187,19,1405,130,1405,130,900,70,900,70,843,54,843,54,931,74,931,74,2480,177,2480,177
29891,,,,,,,,,,,,,1538,190,1538,190,,,,,,,,,,,,,,,,,,,,,,,,,,,,,,,,,,,,,,,,
22685,,,,,,,,,,,,,1546,95,1546,95,143,11,143,11,411,27,411,27,1550,93,1550,93,994,63,994,63,532,29,532,29,1637,89,1637,89,496,31,496,31,1173,80,1173,80,1896,113,1896,113,1562,87,1562,87
16596,,,,,,,,,,,,,1553,96,1553,96,177,13,177,13,1870,102,1870,102,1686,96,1686,96,1459,94,1459,94,,,,,,,,,,,,,,,,,257,13,257,13,1585,90,1585,90
41104,,,,,,,,,,,,,1553,92,1553,92,,,,,,,,,,,,,,,,,,,,,,,,,,,,,,,,,285,15,285,15,701,33,701,33
32855,,,,,,,,,,,,,1553,194,1553,194,,,,,,,,,,,,,,,,,,,,,,,,,,,,,,,,,,,,,2560,292,2560,292
42851,,,,,,,,,,,,,1553,92,1553,92,1839,96,1839,96,,,,,1863,91,1863,91,,,,,,,,,,,,,,,,,,,,,,,,,,,,
41473,,,,,,,,,,,,,1564,97,1564,97,884,54,884,54,1377,72,1377,72,,,,,,,,,,,,,,,,,941,137,941,137,1096,132,1096,132,1363,177,1363,177,2255,296,2255,296
47526,,,,,,,,,,,,,1564,97,60,6,1449,81,62,3,880,51,120,10,455,32,99,9,588,41,140,10,626,36,121,9,350,17,350,17,722,44,722,44,580,44,580,44,1592,95,1592,95,1870,112,1870,112
2330,,,,,,,,,,,,,1564,94,1564,94,65,2,65,2,346,21,346,21,775,31,775,31,1767,83,1767,83,,,,,,,,,1484,72,1484,72,1401,68,1401,68,1027,58,1027,58,,,,
40209,,,,,,,,,,,,,1574,85,1574,85,,,,,,,,,,,,,,,,,,,,,,,,,,,,,,,,,,,,,,,,
23122,,,,,,,,,,,,,1574,219,1574,219,,,,,,,,,,,,,,,,,,,,,,,,,,,,,,,,,,,,,1094,140,1094,140
21710,,,,,,,,,,,,,1574,99,1574,99,36,4,36,4,83,9,83,9,1245,74,1245,74,1122,69,1122,69,495,27,495,27,539,28,539,28,2078,123,2078,123,320,23,320,23,763,34,763,34,1187,70,1187,70
35799,,,,,,,,,,,,,1585,72,1585,72,,,,,,,,,,,,,,,,,,,,,,,,,,,,,,,,,,,,,,,,
60255,,,,,,,,,,,,,1590,122,1590,122,168,14,168,14,1140,74,1140,74,1260,98,1260,98,243,19,243,19,260,27,260,27,1604,146,1604,146,,,,,,,,,2360,180,2360,180,,,,
43935,,,,,,,,,,,,,1603,27,1603,27,,,,,,,,,,,,,,,,,,,,,,,,,,,,,,,,,,,,,,,,
45901,,,,,,,,,,,,,1603,73,1603,73,,,,,,,,,,,,,173,16,173,16,1636,204,1636,204,588,64,588,64,2189,264,2189,264,1774,209,1774,209,,,,,,,,
1196,,,,,,,,,,,,,1620,125,1620,125,920,74,920,74,61,6,61,6,1926,145,1926,145,611,51,611,51,,,,,,,,,1508,116,1508,116,2269,171,2269,171,,,,,,,,
42913,,,,,,,,,,,,,1625,95,1625,95,562,27,562,27,370,24,370,24,2022,101,2022,101,373,14,373,14,458,27,458,27,1609,92,1609,92,305,12,305,12,2386,123,2386,123,247,11,247,11,77,4,77,4
11860,,,,,,,,,,,,,1625,220,1625,220,,,,,,,,,,,,,,,,,,,,,,,,,,,,,,,,,,,,,,,,
5799,,,,,,,,,,,,,1645,96,1645,96,821,42,821,42,959,55,959,55,1107,53,1107,53,,,,,,,,,,,,,1735,84,1735,84,529,27,529,27,1438,78,1438,78,892,50,892,50
1347,,,,,,,,,,,,,1650,97,1650,97,1042,56,1042,56,1870,97,1870,97,,,,,,,,,,,,,,,,,,,,,,,,,,,,,,,,
46231,,,,,,,,,,,,,1650,129,1650,129,,,,,,,,,,,,,640,54,640,54,436,44,436,44,1219,107,1219,107,767,57,767,57,2400,183,2400,183,,,,,,,,
47030,,,,,,,,,,,,,1659,101,1659,101,53,5,53,5,1238,66,1238,66,793,49,793,49,1351,86,1351,86,856,49,856,49,657,41,657,41,1508,96,1508,96,1333,92,1333,92,1241,72,1241,72,90,3,90,3
6614,,,,,,,,,,,,,1659,227,1659,227,,,,,,,,,,,,,,,,,,,,,,,,,,,,,,,,,,,,,,,,
42966,,,,,,,,,,,,,1687,98,1687,98,,,,,,,,,,,,,1805,87,1805,87,669,39,669,39,913,55,913,55,767,47,767,47,1750,89,1750,89,643,41,643,41,892,50,892,50
8565,,,,,,,,,,,,,65,1,65,1,45,1,45,1,30,1,30,1,73,1,73,1,101,4,101,4,,,,,,,,,,,,,,,,,,,,,1,1,1,1
13972,,,,,,,,,,,,,1708,101,1708,101,,,,,,,,,,,,,,,,,823,54,823,54,1201,65,1201,65,,,,,1141,57,1141,57,2187,116,2187,116,,,,
48991,,,,,,,,,,,,,1708,94,1708,94,,,,,1783,99,1783,99,,,,,,,,,971,26,971,26,208,11,208,11,2268,139,2268,139,1069,82,1069,82,643,38,643,38,251,26,251,26
8324,,,,,,,,,,,,,1708,103,1708,103,,,,,,,,,1132,64,1132,64,756,47,756,47,1126,70,1126,70,350,17,350,17,2252,138,2252,138,390,30,390,30,1137,62,1137,62,2527,146,2527,146
42455,,,,,,,,,,,,,1708,101,1708,101,,,,,,,,,,,,,,,,,,,,,,,,,,,,,,,,,,,,,,,,
47865,,,,,,,,,,,,,1708,96,1708,96,,,,,,,,,635,35,635,35,841,53,841,53,703,44,703,44,1074,67,1074,67,1781,101,1781,101,359,22,359,22,1363,95,1363,95,871,73,871,73
42656,,,,,,,,,,,,,1717,103,1717,103,390,16,390,16,1424,71,1424,71,1842,89,1842,89,611,26,611,26,377,21,377,21,785,45,785,45,994,54,994,54,,,,,,,,,1989,115,1989,115
52374,,,,,,,,,,,,,1724,231,1724,231,,,,,,,,,1019,145,1019,145,1100,161,1100,161,1311,205,1311,205,1000,151,1000,151,1169,160,1169,160,2001,262,2001,262,,,,,,,,
8809,,,,,,,,,,,,,1726,83,1726,83,,,,,,,,,,,,,,,,,1070,61,1070,61,,,,,,,,,,,,,,,,,,,,
12121,,,,,,,,,,,,,1737,104,1737,104,177,13,177,13,1603,83,1603,83,1900,110,1900,110,54,3,54,3,856,49,856,49,1690,94,1690,94,2198,134,2198,134,,,,,,,,,,,,
25581,,,,,,,,,,,,,1740,132,1740,132,,,,,959,55,959,55,915,41,915,41,1328,104,1328,104,400,42,400,42,1364,126,1364,126,900,70,900,70,843,54,843,54,1868,142,1868,142,1160,125,1160,125
35757,,,,,,,,,,,,,1742,105,1742,105,,,,,455,31,455,31,2016,115,2016,115,,,,,,,,,,,,,,,,,,,,,,,,,,,,
45333,,,,,,,,,,,,,1751,75,1751,75,,,,,,,,,,,,,,,,,1368,61,1368,61,1201,43,1201,43,,,,,2238,87,2238,87,359,11,359,11,981,33,981,33
43564,,,,,,,,,,,,,1763,235,1763,235,,,,,,,,,,,,,,,,,1576,253,1576,253,,,,,,,,,,,,,,,,,,,,
10491,,,,,,,,,,,,,1768,217,1768,217,,,,,,,,,,,,,,,,,,,,,,,,,,,,,1043,126,1043,126,2493,284,2493,284,,,,
56398,,,,,,,,,,,,,,,,,3,1,1,1,42,2,10,1,147,9,14,1,208,9,39,1,2,1,2,1,87,4,48,3,344,20,77,9,163,10,68,4,1984,73,209,9,216,28,216,28
30156,,,,,,,,,,,,,,,,,4,1,3,1,24,4,6,1,114,20,36,12,15,5,10,5,173,28,44,16,198,26,59,14,514,73,118,21,428,53,116,16,830,84,830,84,845,96,845,96
56575,,,,,,,,,,,,,,,,,7,1,4,1,20,5,5,1,217,30,50,15,717,93,53,14,73,18,31,11,30,6,22,6,237,39,84,15,2140,259,220,37,266,30,266,30,1160,142,1160,142
58802,,,,,,,,,,,,,,,,,8,2,7,2,346,44,52,11,33,9,23,8,1789,224,135,26,,,,,,,,,1247,68,1247,68,655,39,655,39,528,42,528,42,1615,128,1615,128
58441,,,,,,,,,,,,,,,,,10,3,6,2,54,6,28,2,114,6,36,2,866,44,110,5,,,,,,,,,921,47,156,10,1899,95,1899,95,1241,72,1241,72,2480,157,2480,157
52120,,,,,,,,,,,,,,,,,10,4,6,3,39,9,23,4,129,21,40,13,588,75,97,18,1070,124,113,25,198,26,82,17,1645,206,189,32,1724,207,1724,207,285,34,285,34,1728,199,1728,199
54097,,,,,,,,,,,,,,,,,12,1,12,1,52,5,34,2,432,18,116,7,551,26,131,7,703,39,703,39,944,45,944,45,821,42,821,42,258,16,258,16,1896,107,1896,107,2477,156,2477,156
57648,,,,,,,,,,,,,,,,,15,1,8,1,91,2,33,1,,,,,,,,,,,,,,,,,,,,,,,,,,,,,,,,
46274,,,,,,,,,,,,,,,,,17,1,13,1,208,15,43,3,181,17,74,7,428,34,85,14,1311,111,174,19,493,41,123,16,741,55,741,55,2200,166,2200,166,1896,144,1896,144,2487,178,2487,178
60313,,,,,,,,,,,,,,,,,20,2,20,2,241,28,241,28,899,96,899,96,89,15,89,15,1562,166,1562,166,551,69,551,69,941,103,941,103,1141,120,1141,120,,,,,,,,
56677,,,,,,,,,,,,,,,,,20,1,9,1,228,19,15,2,192,14,49,3,58,4,27,1,202,8,52,2,944,56,94,5,374,22,110,8,566,41,131,10,2163,126,2163,126,1670,97,1670,97
52711,,,,,,,,,,,,,,,,,22,2,16,2,1587,72,142,5,483,24,101,6,499,24,130,9,69,4,33,1,1553,58,1553,58,1267,45,1267,45,230,6,230,6,25,3,25,3,1781,60,1781,60
60902,,,,,,,,,,,,,,,,,22,1,16,1,1166,64,72,3,,,,,,,,,,,,,,,,,,,,,,,,,,,,,,,,
59901,,,,,,,,,,,,,,,,,24,3,18,2,228,18,44,4,375,35,94,9,385,31,79,11,626,61,121,15,461,38,118,14,401,32,401,32,754,47,754,47,613,48,613,48,1670,176,1670,176
45691,,,,,,,,,,,,,,,,,25,2,19,1,262,12,72,7,60,5,36,4,414,22,114,12,1344,63,176,13,339,50,339,50,2121,227,2121,227,566,63,566,63,1807,184,1807,184,1204,65,1204,65
44551,,,,,,,,,,,,,,,,,1,1,1,1,23,3,5,1,14,4,4,2,23,4,10,2,46,10,20,4,32,6,15,2,81,14,81,14,27,6,27,6,85,11,85,11,64,11,64,11
44787,,,,,,,,,,,,,,,,,40,10,22,7,1100,133,127,26,286,36,87,21,162,26,69,16,1478,184,185,39,627,72,627,72,821,113,821,113,621,79,621,79,2288,276,2288,276,1728,199,1728,199
45646,,,,,,,,,,,,,,,,,40,5,11,2,21,2,16,1,978,82,72,7,66,5,38,5,1686,153,141,17,75,6,53,4,1417,147,180,29,1224,126,1224,126,1002,111,1002,111,1187,127,1187,127
67361,,,,,,,,,,,,,,,,,47,4,47,4,851,83,851,83,1081,113,1081,113,,,,,,,,,691,91,691,91,,,,,,,,,,,,,,,,
17179,,,,,,,,,,,,,,,,,49,6,49,6,1783,130,1783,130,147,13,147,13,353,27,353,27,1433,131,1433,131,360,30,360,30,1087,85,1087,85,2152,160,2152,160,298,20,298,20,1941,126,1941,126
54670,,,,,,,,,,,,,,,,,49,12,13,4,161,24,40,9,1260,75,74,4,1044,69,119,8,377,11,75,6,330,19,105,9,741,41,139,12,329,22,329,22,705,40,705,40,2211,248,2211,248
65179,,,,,,,,,,,,,,,,,57,5,57,5,672,66,672,66,522,54,522,54,287,38,287,38,788,86,788,86,251,36,251,36,1623,175,1623,175,1931,194,1931,194,877,97,877,97,2229,233,2229,233
53257,,,,,,,,,,,,,,,,,60,6,60,6,1441,156,1441,156,1700,168,1700,168,740,82,740,82,349,38,349,38,551,69,551,69,1063,117,1063,117,928,100,928,100,931,104,931,104,251,29,251,29
67206,,,,,,,,,,,,,,,,,86,6,86,6,1950,275,1950,275,1663,231,1663,231,,,,,,,,,,,,,,,,,,,,,,,,,,,,
59529,,,,,,,,,,,,,,,,,90,7,16,3,254,20,48,5,67,10,29,4,1553,117,131,16,330,33,68,7,136,16,71,7,838,64,149,18,962,64,962,64,580,44,580,44,1827,113,1827,113
7823,,,,,,,,,,,,,,,,,97,11,97,11,1632,202,1632,202,1574,195,1574,195,955,103,955,103,532,60,532,60,1139,140,1139,140,389,40,389,40,512,57,512,57,2245,256,2245,256,1728,190,1728,190
46030,,,,,,,,,,,,,,,,,102,9,46,6,729,50,138,12,1876,140,1876,140,,,,,,,,,,,,,,,,,,,,,,,,,,,,
40381,,,,,,,,,,,,,,,,,102,9,102,9,980,69,980,69,483,43,483,43,797,65,797,65,1621,147,1621,147,1478,139,1478,139,2285,172,2285,172,1333,92,1333,92,372,29,372,29,2288,157,2288,157
27028,,,,,,,,,,,,,,,,,114,11,114,11,1603,237,1603,237,1401,201,1401,201,261,32,261,32,788,119,788,119,1536,234,1536,234,1339,185,1339,185,2030,267,2030,267,,,,,,,,
1111,,,,,,,,,,,,,,,,,114,9,114,9,1657,85,1657,85,1750,99,1750,99,1754,113,1754,113,304,16,304,16,627,40,627,40,2078,123,2078,123,1423,97,1423,97,336,17,336,17,845,45,845,45
33366,,,,,,,,,,,,,,,,,3,1,3,1,,,,,,,,,29,7,29,7,84,16,84,16,38,9,38,9,,,,,,,,,,,,,,,,
67077,,,,,,,,,,,,,,,,,129,13,129,13,851,124,851,124,20,3,20,3,428,60,428,60,856,135,856,135,,,,,,,,,209,31,209,31,,,,,,,,
45780,,,,,,,,,,,,,,,,,135,12,52,5,1959,203,148,22,522,54,123,21,1044,105,170,24,330,37,330,37,1553,178,1553,178,968,106,968,106,2075,205,2075,205,2234,225,2234,225,,,,
37459,,,,,,,,,,,,,,,,,143,20,143,20,173,13,173,13,800,89,800,89,,,,,,,,,1201,147,1201,147,,,,,,,,,95,14,95,14,1781,195,1781,195
47586,,,,,,,,,,,,,,,,,148,12,148,12,1721,89,1721,89,261,19,261,19,1637,102,1637,102,,,,,,,,,1935,117,1935,117,1197,84,1197,84,1115,60,1115,60,,,,
11478,,,,,,,,,,,,,,,,,4,2,2,1,83,25,26,9,13,3,5,1,60,21,60,21,64,14,64,14,65,11,65,11,,,,,,,,,,,,,,,,
52610,,,,,,,,,,,,,,,,,151,7,39,4,517,29,60,2,76,3,42,1,929,60,111,5,532,31,111,6,1492,97,182,9,26,3,26,3,1353,64,1353,64,336,29,336,29,1039,111,1039,111
26024,,,,,,,,,,,,,,,,,5,2,5,2,82,13,82,13,45,10,45,10,,,,,,,,,,,,,,,,,,,,,,,,,,,,
67802,,,,,,,,,,,,,,,,,159,28,159,28,1645,215,1645,215,204,29,204,29,1591,203,1591,203,1433,173,1433,173,1230,149,1230,149,1049,139,1049,139,1141,146,1141,146,1732,200,1732,200,2097,251,2097,251
45601,,,,,,,,,,,,,,,,,159,20,159,20,1914,270,1914,270,509,68,509,68,116,12,116,12,1546,246,1546,246,925,139,925,139,374,52,374,52,1641,219,1641,219,2085,272,2085,272,643,75,643,75
67299,,,,,,,,,,,,,,,,,6,3,3,2,53,16,15,4,41,13,18,5,16,7,9,4,16,7,16,7,,,,,,,,,,,,,,,,,,,,
67698,,,,,,,,,,,,,,,,,199,28,199,28,370,63,370,63,418,55,418,55,,,,,,,,,,,,,,,,,,,,,,,,,,,,
41372,,,,,,,,,,,,,,,,,216,11,216,11,1216,57,1216,57,1367,56,1367,56,611,35,611,35,243,10,243,10,1149,60,1149,60,191,12,191,12,529,28,529,28,1855,102,1855,102,590,31,590,31
60937,,,,,,,,,,,,,,,,,230,12,18,1,8,2,3,2,899,44,70,6,29,2,19,2,1282,61,121,6,992,50,95,5,2111,107,214,14,34,1,21,1,725,42,725,42,1420,83,1420,83
47978,,,,,,,,,,,,,,,,,230,13,230,13,1337,85,1337,85,296,17,296,17,1505,98,1505,98,1478,84,1478,84,136,6,136,6,374,20,374,20,2200,139,2200,139,285,26,285,26,565,44,565,44
60972,,,,,,,,,,,,,,,,,242,37,242,37,1166,159,1166,159,432,59,432,59,717,98,717,98,1166,185,1166,185,848,120,848,120,2152,282,2152,282,70,12,70,12,1732,231,1732,231,2321,306,2321,306
1882,,,,,,,,,,,,,,,,,256,20,256,20,901,53,901,53,1484,90,1484,90,216,19,216,19,1670,94,1670,94,1615,86,1615,86,797,46,797,46,1423,97,1423,97,168,7,168,7,1094,63,1094,63
35598,,,,,,,,,,,,,,,,,256,13,256,13,517,19,517,19,541,30,541,30,779,41,779,41,856,45,856,45,1492,73,1492,73,1247,61,1247,61,,,,,,,,,,,,
60195,,,,,,,,,,,,,,,,,262,20,262,20,1100,112,1100,112,387,40,387,40,1272,122,1272,122,1433,156,1433,156,74,15,74,15,1714,188,1714,188,209,29,209,29,2484,248,2484,248,1266,135,1266,135
49625,,,,,,,,,,,,,,,,,262,34,76,5,1216,149,171,10,,,,,,,,,,,,,,,,,1756,218,1756,218,,,,,,,,,,,,
54738,,,,,,,,,,,,,,,,,272,39,66,6,346,56,94,16,1306,190,181,21,385,58,385,58,458,73,458,73,1270,199,1270,199,1019,143,1019,143,1787,234,1787,234,,,,,,,,
7784,,,,,,,,,,,,,,,,,283,37,283,37,1895,230,1895,230,1081,127,1081,127,1678,199,1678,199,,,,,,,,,1019,119,1019,119,,,,,,,,,2033,226,2033,226
48595,,,,,,,,,,,,,,,,,306,41,306,41,411,45,411,45,1260,156,1260,156,,,,,,,,,,,,,,,,,,,,,,,,,,,,
58255,,,,,,,,,,,,,,,,,315,45,315,45,380,64,380,64,1984,284,1984,284,1867,260,1867,260,,,,,,,,,,,,,,,,,1163,123,1163,123,,,,
39426,,,,,,,,,,,,,,,,,315,25,315,25,914,88,914,88,541,57,541,57,1480,143,1480,143,400,43,400,43,1669,187,1669,187,921,98,921,98,1224,126,1224,126,1207,127,1207,127,845,93,845,93
67699,,,,,,,,,,,,,,,,,332,49,332,49,,,,,,,,,,,,,,,,,,,,,,,,,,,,,,,,,,,,
50500,,,,,,,,,,,,,,,,,340,27,340,27,1424,153,1424,153,181,18,181,18,1328,126,1328,126,1394,150,1394,150,1478,165,1478,165,1087,121,1087,121,351,45,351,45,359,44,359,44,1753,182,1753,182
62163,,,,,,,,,,,,,,,,,340,50,340,50,380,64,380,64,2062,291,2062,291,,,,,,,,,,,,,,,,,,,,,,,,,,,,
51782,,,,,,,,,,,,,,,,,340,50,45,14,10,2,8,1,1059,133,128,25,1726,217,132,25,893,104,141,28,771,97,144,26,314,49,314,49,428,53,428,53,1868,217,1868,217,233,31,233,31
61833,,,,,,,,,,,,,,,,,349,52,46,15,9,1,9,1,110,18,53,14,273,38,94,19,1394,168,180,36,236,32,236,32,214,34,214,34,,,,,,,,,,,,
45767,,,,,,,,,,,,,,,,,366,28,74,9,501,53,118,17,16,2,14,2,2190,213,2190,213,89,14,89,14,115,24,115,24,1019,113,1019,113,282,39,282,39,336,41,336,41,785,88,785,88
48868,,,,,,,,,,,,,,,,,377,21,75,5,485,25,113,4,20,1,17,1,2141,131,2141,131,,,,,,,,,1508,89,1508,89,2377,148,2377,148,2018,123,2018,123,2444,150,2444,150
54759,,,,,,,,,,,,,,,,,377,54,377,54,,,,,,,,,233,33,233,33,,,,,,,,,,,,,,,,,,,,,,,,
45680,,,,,,,,,,,,,,,,,390,15,47,3,398,16,89,10,61,6,37,5,1420,69,194,16,1629,75,200,16,461,24,461,24,1678,86,1678,86,1614,83,1614,83,2039,112,2039,112,1989,103,1989,103
42613,,,,,,,,,,,,,,,,,401,18,401,18,262,13,262,13,261,10,261,10,1726,80,1726,80,626,37,626,37,1644,185,1644,185,1735,190,1735,190,1476,153,1476,153,,,,,,,,
41674,,,,,,,,,,,,,,,,,15,8,2,1,19,7,8,3,36,10,11,2,31,11,14,5,1,1,1,1,74,15,74,15,99,17,99,17,89,17,89,17,104,21,104,21,102,19,102,19
44886,,,,,,,,,,,,,,,,,401,16,20,2,692,31,19,4,165,9,46,3,23,1,15,1,,,,,,,,,451,25,116,8,1724,89,203,10,2234,128,2234,128,,,,
55469,,,,,,,,,,,,,,,,,411,64,97,24,1710,224,200,40,,,,,,,,,243,31,243,31,131,16,131,16,440,64,440,64,621,79,621,79,1868,217,1868,217,2321,276,2321,276
44091,,,,,,,,,,,,,,,,,411,64,411,64,222,33,222,33,1509,190,1509,190,85,15,85,15,999,112,999,112,1270,153,1270,153,637,84,637,84,2179,267,2179,267,1137,119,1137,119,2491,294,2491,294
39649,,,,,,,,,,,,,,,,,425,56,425,56,398,67,398,67,824,120,824,120,499,67,499,67,1311,205,1311,205,771,108,771,108,305,45,305,45,1333,170,1333,170,1390,181,1390,181,1585,218,1585,218
4122,,,,,,,,,,,,,,,,,425,23,425,23,1645,91,1645,91,824,47,824,47,224,17,224,17,,,,,,,,,767,43,767,43,2179,134,2179,134,359,25,359,25,549,43,549,43
46584,,,,,,,,,,,,,,,,,425,70,425,70,117,18,117,18,1038,129,1038,129,797,102,797,102,1282,157,1282,157,1478,180,1478,180,968,127,968,127,182,21,182,21,806,82,806,82,1160,142,1160,142
25077,,,,,,,,,,,,,,,,,442,30,442,30,,,,,,,,,929,60,929,60,,,,,,,,,,,,,,,,,,,,,,,,
3217,,,,,,,,,,,,,,,,,457,72,457,72,1396,179,1396,179,1423,175,1423,175,1885,238,1885,238,,,,,,,,,,,,,,,,,,,,,,,,
2437,,,,,,,,,,,,,,,,,457,31,457,31,588,33,588,33,978,59,978,59,471,30,471,30,856,49,856,49,,,,,,,,,,,,,,,,,,,,
35082,,,,,,,,,,,,,,,,,457,72,457,72,1042,123,1042,123,1737,219,1737,219,929,117,929,117,,,,,,,,,741,96,741,96,486,64,486,64,1777,204,1777,204,1495,178,1495,178
45519,,,,,,,,,,,,,,,,,470,21,470,21,1632,90,1632,90,1446,83,1446,83,216,16,216,16,,,,,,,,,1714,87,1714,87,472,26,472,26,528,27,528,27,1328,76,1328,76
12908,,,,,,,,,,,,,,,,,18,1,18,1,48,4,48,4,28,1,28,1,44,2,44,2,,,,,,,,,84,7,84,7,44,5,44,5,,,,,,,,
66225,,,,,,,,,,,,,,,,,479,27,479,27,303,13,303,13,1202,68,1202,68,566,30,566,30,893,42,893,42,925,51,925,51,2233,134,2233,134,1787,101,1787,101,,,,,,,,
5304,,,,,,,,,,,,,,,,,494,64,494,64,1688,243,1688,243,82,8,82,8,886,130,886,130,,,,,,,,,1392,188,1392,188,1096,132,1096,132,247,28,247,28,2195,285,2195,285
38151,,,,,,,,,,,,,,,,,505,33,505,33,411,20,411,20,934,56,934,56,1100,74,1100,74,933,57,933,57,944,56,944,56,1884,113,1884,113,,,,,,,,,164,6,164,6
45533,,,,,,,,,,,,,,,,,505,44,505,44,1688,176,1688,176,1173,127,1173,127,341,44,341,44,436,48,436,48,848,105,848,105,876,97,876,97,636,73,636,73,2296,262,2296,262,1420,151,1420,151
49798,,,,,,,,,,,,,,,,,505,63,505,63,,,,,,,,,,,,,,,,,,,,,1583,190,1583,190,,,,,1592,167,1592,167,,,,
12609,,,,,,,,,,,,,,,,,505,25,505,25,254,15,254,15,1343,77,1343,77,,,,,,,,,,,,,,,,,,,,,,,,,,,,
3576,,,,,,,,,,,,,,,,,518,45,518,45,187,22,187,22,1081,113,1081,113,1219,116,1219,116,260,33,260,33,806,101,806,101,1227,133,1227,133,2253,225,2253,225,1002,111,1002,111,2450,251,2450,251
40825,,,,,,,,,,,,,,,,,534,67,534,67,199,32,199,32,606,81,606,81,566,77,566,77,89,13,89,13,578,79,578,79,2214,291,2214,291,2269,303,2269,303,336,42,336,42,1728,231,1728,231
41015,,,,,,,,,,,,,,,,,22,11,10,7,63,18,23,7,69,20,69,20,,,,,,,,,,,,,,,,,,,,,,,,,,,,
59332,,,,,,,,,,,,,,,,,534,25,84,3,208,10,72,3,2076,103,226,9,208,25,208,25,1034,166,1034,166,131,12,131,12,821,118,821,118,2337,317,2337,317,59,5,59,5,133,20,133,20
56466,,,,,,,,,,,,,,,,,562,38,562,38,1508,94,1508,94,1279,79,1279,79,320,19,320,19,1394,79,1394,79,1201,78,1201,78,,,,,,,,,,,,,,,,
49725,,,,,,,,,,,,,,,,,23,1,4,1,3,1,2,1,50,4,14,4,48,16,20,7,28,3,14,2,35,5,35,5,38,8,38,8,97,12,97,12,64,9,64,9,30,4,30,4
16043,,,,,,,,,,,,,,,,,562,31,562,31,1238,61,1238,61,1863,104,1863,104,,,,,,,,,,,,,,,,,820,43,820,43,1207,73,1207,73,1753,82,1753,82
53260,,,,,,,,,,,,,,,,,562,74,562,74,1863,227,1863,227,,,,,,,,,,,,,,,,,1832,228,1832,228,547,61,547,61,,,,,,,,
61736,,,,,,,,,,,,,,,,,562,47,562,47,1956,202,1956,202,,,,,539,61,539,61,999,107,999,107,1524,191,1524,191,,,,,2346,281,2346,281,,,,,,,,
476,,,,,,,,,,,,,,,,,562,27,562,27,575,32,575,32,1059,51,1059,51,149,4,149,4,788,48,788,48,1405,78,1405,78,741,45,741,45,,,,,,,,,2412,129,2412,129
14285,,,,,,,,,,,,,,,,,562,74,562,74,1216,149,1216,149,418,46,418,46,414,38,414,38,,,,,,,,,1484,174,1484,174,859,98,859,98,,,,,,,,
62323,,,,,,,,,,,,,,,,,580,28,21,2,,,,,,,,,,,,,,,,,,,,,,,,,,,,,,,,,,,,
16232,,,,,,,,,,,,,,,,,591,29,591,29,1523,73,1523,73,408,18,408,18,1591,74,1591,74,1562,93,1562,93,1626,94,1626,94,,,,,2247,118,2247,118,,,,,,,,
8823,,,,,,,,,,,,,,,,,591,22,591,22,455,27,455,27,1796,88,1796,88,886,45,886,45,1546,81,1546,81,510,28,510,28,1227,71,1227,71,1141,67,1141,67,2125,118,2125,118,1670,109,1670,109
43064,,,,,,,,,,,,,,,,,591,49,591,49,1100,112,1100,112,844,35,844,35,105,18,105,18,971,102,971,102,173,32,173,32,1678,181,1678,181,985,52,985,52,1002,56,1002,56,1989,115,1989,115
61829,,,,,,,,,,,,,,,,,607,80,607,80,1826,218,1826,218,1107,132,1107,132,1767,210,1767,210,,,,,1017,117,1017,117,2181,263,2181,263,,,,,,,,,,,,
60717,,,,,,,,,,,,,,,,,607,42,607,42,743,42,743,42,368,22,368,22,138,9,138,9,565,33,565,33,691,45,691,45,360,19,360,19,1836,111,1836,111,1514,105,1514,105,764,59,764,59
11245,,,,,,,,,,,,,,,,,607,52,607,52,455,46,455,46,1750,173,1750,173,1219,116,1219,116,,,,,,,,,1169,127,1169,127,1750,175,1750,175,,,,,,,,
45627,,,,,,,,,,,,,,,,,620,76,620,76,1733,248,1733,248,729,104,729,104,866,125,866,125,823,128,823,128,101,8,101,8,2280,303,2280,303,1043,124,1043,124,2314,298,2314,298,1266,163,1266,163
327,,,,,,,,,,,,,,,,,25,12,9,6,,,,,,,,,,,,,,,,,,,,,,,,,,,,,,,,,,,,
52791,,,,,,,,,,,,,,,,,631,31,631,31,1396,82,1396,82,1663,97,1663,97,,,,,,,,,,,,,,,,,,,,,,,,,,,,
44489,,,,,,,,,,,,,,,,,647,98,647,98,914,111,914,111,,,,,,,,,,,,,,,,,,,,,,,,,,,,,,,,
34742,,,,,,,,,,,,,,,,,659,24,659,24,606,37,606,37,1001,47,1001,47,2010,102,2010,102,748,45,748,45,374,15,374,15,797,41,797,41,1810,104,1810,104,686,45,686,45,1039,72,1039,72
4879,,,,,,,,,,,,,,,,,677,34,677,34,541,30,541,30,1343,63,1343,63,566,23,566,23,495,30,495,30,1581,89,1581,89,650,37,650,37,2353,122,2353,122,725,46,725,46,1187,63,1187,63
62080,,,,,,,,,,,,,,,,,677,56,677,56,1298,137,1298,137,824,91,824,91,1505,147,1505,147,202,26,202,26,,,,,,,,,,,,,,,,,,,,
48403,,,,,,,,,,,,,,,,,692,43,692,43,87,11,87,11,653,46,653,46,2110,134,2110,134,,,,,,,,,462,29,462,29,461,35,461,35,,,,,,,,
36739,,,,,,,,,,,,,,,,,715,92,715,92,434,48,434,48,326,33,326,33,972,107,972,107,1166,134,1166,134,91,9,91,9,2308,283,2308,283,,,,,,,,,,,,
31524,,,,,,,,,,,,,,,,,715,46,715,46,455,31,455,31,1001,57,1001,57,1249,79,1249,79,187,6,187,6,416,22,416,22,1019,59,1019,59,1173,80,1173,80,1675,101,1675,101,807,42,807,42
28132,,,,,,,,,,,,,,,,,736,38,736,38,1193,74,1193,74,1596,92,1596,92,,,,,,,,,,,,,,,,,,,,,,,,,,,,
52096,,,,,,,,,,,,,,,,,736,92,94,8,1587,233,142,21,1019,145,168,19,,,,,,,,,,,,,,,,,,,,,,,,,,,,
57388,,,,,,,,,,,,,,,,,736,38,736,38,501,27,501,27,775,44,775,44,516,33,516,33,,,,,,,,,,,,,,,,,,,,,,,,
57686,,,,,,,,,,,,,,,,,736,92,736,92,1216,166,1216,166,775,112,775,112,353,54,353,54,669,102,669,102,173,16,173,16,2102,274,2102,274,2120,280,2120,280,1807,243,1807,243,1204,156,1204,156
56659,,,,,,,,,,,,,,,,,736,64,55,4,5,3,5,3,573,62,108,15,47,11,34,9,999,107,152,20,287,41,287,41,2277,171,2277,171,,,,,,,,,,,,
44869,,,,,,,,,,,,,,,,,736,34,736,34,1100,51,1100,51,864,42,864,42,640,37,640,37,703,36,703,36,1087,54,1087,54,1063,52,1063,52,428,22,428,22,960,54,960,54,1328,76,1328,76
43594,,,,,,,,,,,,,,,,,755,27,755,27,1377,70,1377,70,160,12,160,12,1392,75,1392,75,1282,69,1282,69,461,24,461,24,1063,64,1063,64,1641,94,1641,94,2152,121,2152,121,871,62,871,62
47939,,,,,,,,,,,,,,,,,755,113,56,17,1337,85,134,4,170,13,69,2,,,,,,,,,1053,66,1053,66,440,28,440,28,2238,141,2238,141,33,4,33,4,1615,128,1615,128
58334,,,,,,,,,,,,,,,,,773,11,773,11,334,5,334,5,,,,,,,,,,,,,,,,,,,,,,,,,,,,,,,,
16284,,,,,,,,,,,,,,,,,795,73,795,73,,,,,,,,,,,,,,,,,,,,,,,,,,,,,,,,,,,,
56096,,,,,,,,,,,,,,,,,809,52,809,52,1783,109,1783,109,775,45,775,45,373,23,373,23,,,,,,,,,38,4,38,4,2337,152,2337,152,1137,85,1137,85,118,5,118,5
35833,,,,,,,,,,,,,,,,,821,53,821,53,1496,93,1496,93,1509,97,1509,97,588,39,588,39,,,,,,,,,1087,64,1087,64,985,57,985,57,1855,130,1855,130,453,34,453,34
5562,,,,,,,,,,,,,,,,,821,53,821,53,,,,,,,,,1678,105,1678,105,,,,,,,,,,,,,,,,,,,,,,,,
28418,,,,,,,,,,,,,,,,,821,44,821,44,1441,67,1441,67,,,,,,,,,,,,,,,,,1019,32,1019,32,1810,73,1810,73,,,,,565,21,565,21
47037,,,,,,,,,,,,,,,,,846,51,846,51,1931,111,1931,111,,,,,,,,,,,,,,,,,,,,,,,,,,,,,,,,
42844,,,,,,,,,,,,,,,,,846,46,846,46,1632,82,1632,82,1524,72,1524,72,2125,104,2125,104,,,,,,,,,,,,,,,,,,,,,,,,
13751,,,,,,,,,,,,,,,,,846,38,846,38,1817,82,1817,82,,,,,,,,,,,,,,,,,,,,,,,,,,,,,,,,
67209,,,,,,,,,,,,,,,,,846,109,846,109,1508,222,1508,222,1663,231,1663,231,,,,,,,,,,,,,,,,,,,,,,,,,,,,
26379,,,,,,,,,,,,,,,,,846,32,846,32,1337,67,1337,67,29,1,29,1,2128,107,2128,107,748,45,748,45,1243,60,1243,60,1196,69,1196,69,877,54,877,54,1539,84,1539,84,83,5,83,5
31462,,,,,,,,,,,,,,,,,864,105,864,105,1140,142,1140,142,77,6,77,6,2145,256,2145,256,1282,153,1282,153,1478,185,1478,185,,,,,1882,229,1882,229,,,,,,,,
67952,,,,,,,,,,,,,,,,,864,67,864,67,434,35,434,35,1081,84,1081,84,566,50,566,50,999,84,999,84,1353,123,1353,123,,,,,,,,,,,,,,,,
43224,,,,,,,,,,,,,,,,,864,81,864,81,,,,,,,,,,,,,,,,,,,,,,,,,,,,,,,,,,,,
42616,,,,,,,,,,,,,,,,,884,49,884,49,606,34,606,34,147,6,147,6,1899,93,1899,93,1166,79,1166,79,397,24,397,24,1603,78,1603,78,1787,91,1787,91,621,40,621,40,1966,114,1966,114
20975,,,,,,,,,,,,,,,,,884,49,884,49,1817,100,1817,100,,,,,,,,,1465,231,1465,231,,,,,,,,,1787,234,1787,234,481,32,481,32,845,59,845,59
52445,,,,,,,,,,,,,,,,,39,7,12,3,77,11,25,4,19,5,8,4,1,1,1,1,,,,,,,,,40,7,40,7,,,,,,,,,,,,
7091,,,,,,,,,,,,,,,,,900,62,900,62,398,18,398,18,1786,115,1786,115,341,20,341,20,,,,,,,,,1063,63,1063,63,2378,157,2378,157,51,7,51,7,2097,158,2097,158
4008,,,,,,,,,,,,,,,,,900,108,900,108,,,,,,,,,1919,193,1919,193,,,,,,,,,,,,,,,,,,,,,,,,
67437,,,,,,,,,,,,,,,,,900,70,900,70,,,,,,,,,,,,,,,,,,,,,,,,,,,,,,,,,,,,
62259,,,,,,,,,,,,,,,,,900,108,900,108,194,16,194,16,1524,188,1524,188,2145,256,2145,256,,,,,1641,208,1641,208,,,,,,,,,,,,,,,,
40307,,,,,,,,,,,,,,,,,43,7,43,7,66,13,66,13,,,,,35,4,35,4,49,9,49,9,10,4,10,4,65,7,65,7,106,15,106,15,90,12,90,12,17,6,17,6
37475,,,,,,,,,,,,,,,,,920,15,920,15,1024,21,1024,21,1132,16,1132,16,1789,29,1789,29,,,,,,,,,,,,,,,,,,,,,,,,
57318,,,,,,,,,,,,,,,,,920,63,920,63,1238,82,1238,82,,,,,,,,,,,,,,,,,,,,,,,,,,,,,,,,
5229,,,,,,,,,,,,,,,,,45,16,45,16,38,10,38,10,,,,,,,,,,,,,,,,,,,,,,,,,,,,,,,,
52063,,,,,,,,,,,,,,,,,920,41,100,6,269,13,73,8,1984,92,220,17,566,30,135,13,1664,76,1664,76,173,13,173,13,138,10,138,10,1597,82,1597,82,1539,89,1539,89,2402,125,2402,125
9496,,,,,,,,,,,,,,,,,934,47,934,47,880,42,880,42,635,29,635,29,471,21,471,21,,,,,,,,,2071,75,2071,75,1882,77,1882,77,763,29,763,29,981,33,981,33
68523,,,,,,,,,,,,,,,,,956,78,956,78,,,,,,,,,,,,,,,,,,,,,,,,,,,,,,,,,,,,
30956,,,,,,,,,,,,,,,,,956,114,956,114,323,33,323,33,296,29,296,29,1480,168,1480,168,823,95,823,95,1230,151,1230,151,1698,206,1698,206,1476,169,1476,169,2224,253,2224,253,1328,140,1328,140
30316,,,,,,,,,,,,,,,,,979,53,979,53,1120,55,1120,55,1173,67,1173,67,797,41,797,41,1166,55,1166,55,136,8,136,8,1019,56,1019,56,486,24,486,24,1185,70,1185,70,475,17,475,17
43197,,,,,,,,,,,,,,,,,979,140,979,140,1557,203,1557,203,606,83,606,83,162,26,162,26,304,39,304,39,1230,149,1230,149,1583,199,1583,199,1533,184,1533,184,1997,231,1997,231,453,61,453,61
29976,,,,,,,,,,,,,,,,,979,140,979,140,1657,217,1657,217,,,,,1420,177,1420,177,893,104,893,104,981,120,981,120,1972,242,1972,242,1333,165,1333,165,1826,211,1826,211,,,,
13426,,,,,,,,,,,,,,,,,1001,147,1001,147,792,92,792,92,2082,260,2082,260,,,,,,,,,,,,,,,,,,,,,,,,,,,,
5227,,,,,,,,,,,,,,,,,1001,129,1001,129,411,68,411,68,,,,,,,,,,,,,,,,,,,,,,,,,,,,,,,,
62081,,,,,,,,,,,,,,,,,1017,98,1017,98,1496,164,1496,164,,,,,,,,,,,,,,,,,,,,,,,,,,,,,,,,
49738,,,,,,,,,,,,,,,,,1017,123,1017,123,1826,218,1826,218,87,8,87,8,817,83,817,83,73,7,73,7,251,29,251,29,1247,134,1247,134,224,26,224,26,543,58,543,58,95,13,95,13
65243,,,,,,,,,,,,,,,,,1017,123,1017,123,380,42,380,42,455,49,455,49,9,1,9,1,227,23,227,23,204,22,204,22,,,,,,,,,,,,,,,,
53844,,,,,,,,,,,,,,,,,1042,132,59,6,346,56,52,10,606,81,110,10,994,146,117,9,1282,200,169,16,1243,195,168,16,,,,,,,,,,,,,,,,
56771,,,,,,,,,,,,,,,,,50,2,13,1,42,5,12,3,56,8,24,3,71,6,25,3,,,,,,,,,,,,,,,,,,,,,,,,
31507,,,,,,,,,,,,,,,,,1042,55,1042,55,485,25,485,25,573,33,573,33,1678,100,1678,100,856,25,856,25,198,10,198,10,968,55,968,55,820,56,820,56,1943,118,1943,118,2274,137,2274,137
54317,,,,,,,,,,,,,,,,,1042,102,1042,102,1768,188,1768,188,463,47,463,47,1789,181,1789,181,748,84,748,84,785,100,785,100,994,109,994,109,1563,159,1563,159,1751,177,1751,177,1137,121,1137,121
18,,,,,,,,,,,,,,,,,50,2,50,2,4,1,4,1,76,3,76,3,88,4,88,4,,,,,,,,,89,8,89,8,,,,,,,,,,,,
18879,,,,,,,,,,,,,,,,,1066,45,1066,45,469,17,469,17,2078,94,2078,94,,,,,,,,,,,,,722,39,722,39,384,16,384,16,907,51,907,51,1237,67,1237,67
51823,,,,,,,,,,,,,,,,,1074,132,1074,132,,,,,606,66,606,66,516,57,516,57,145,21,145,21,218,34,218,34,2095,223,2095,223,1141,120,1141,120,643,71,643,71,845,93,845,93
53607,,,,,,,,,,,,,,,,,1074,76,1074,76,,,,,,,,,,,,,,,,,,,,,,,,,,,,,,,,,,,,
43608,,,,,,,,,,,,,,,,,53,1,14,1,53,2,19,1,,,,,88,3,88,3,13,2,13,2,58,8,58,8,3,2,3,2,20,4,20,4,92,13,92,13,121,20,121,20
32347,,,,,,,,,,,,,,,,,1074,132,1074,132,1283,162,1283,162,,,,,817,83,817,83,260,28,260,28,1167,142,1167,142,181,20,181,20,1882,229,1882,229,1115,116,1115,116,999,108,999,108
49067,,,,,,,,,,,,,,,,,1119,62,1119,62,1283,64,1283,64,698,41,698,41,,,,,,,,,,,,,423,28,423,28,1248,69,1248,69,,,,,,,,
43924,,,,,,,,,,,,,,,,,1132,59,1132,59,,,,,,,,,588,37,588,37,1104,28,1104,28,244,16,244,16,2189,134,2189,134,282,19,282,19,336,22,336,22,999,64,999,64
22,,,,,,,,,,,,,,,,,1132,66,1132,66,1004,55,1004,55,1260,76,1260,76,1505,97,1505,97,,,,,,,,,1169,68,1169,68,241,19,241,19,1620,96,1620,96,1870,112,1870,112
3333,,,,,,,,,,,,,,,,,1132,82,1132,82,,,,,,,,,1272,84,1272,84,893,52,893,52,806,52,806,52,2173,135,2173,135,,,,,,,,,2148,161,2148,161
23557,,,,,,,,,,,,,,,,,1157,61,1157,61,1265,76,1265,76,240,11,240,11,1657,99,1657,99,1034,27,1034,27,1615,37,1615,37,,,,,1787,120,1787,120,2296,138,2296,138,,,,
53295,,,,,,,,,,,,,,,,,1194,90,1194,90,,,,,,,,,2141,133,2141,133,626,36,626,36,270,15,270,15,1299,70,1299,70,2378,157,2378,157,,,,,2187,164,2187,164
19384,,,,,,,,,,,,,,,,,1218,91,1218,91,1100,73,1100,73,1596,124,1596,124,797,65,797,65,669,64,669,64,61,4,61,4,389,31,389,31,636,40,636,40,506,39,506,39,2211,150,2211,150
48098,,,,,,,,,,,,,,,,,1238,67,1238,67,1921,100,1921,100,,,,,,,,,,,,,,,,,,,,,,,,,,,,,,,,
43535,,,,,,,,,,,,,,,,,1238,157,1238,157,1669,242,1669,242,,,,,,,,,532,80,532,80,913,136,913,136,1654,218,1654,218,636,81,636,81,2389,309,2389,309,,,,
55131,,,,,,,,,,,,,,,,,1238,54,114,6,959,47,124,7,1646,81,198,11,116,6,60,4,22,1,22,1,771,7,771,7,1227,71,1227,71,175,2,175,2,,,,,,,,
22080,,,,,,,,,,,,,,,,,1254,183,1254,183,1424,184,1424,184,522,70,522,70,1219,150,1219,150,,,,,,,,,1623,202,1623,202,,,,,,,,,,,,
16180,,,,,,,,,,,,,,,,,1273,58,1273,58,,,,,,,,,,,,,,,,,,,,,,,,,,,,,,,,,,,,
911,,,,,,,,,,,,,,,,,1273,63,1273,63,,,,,,,,,,,,,,,,,,,,,,,,,,,,,,,,,,,,
53903,,,,,,,,,,,,,,,,,1286,164,116,13,1424,203,136,20,670,92,139,15,1152,171,181,16,400,63,400,63,510,67,510,67,1063,151,1063,151,2331,315,2331,315,423,57,423,57,2547,335,2547,335
6299,,,,,,,,,,,,,,,,,1286,69,1286,69,1768,92,1768,92,,,,,1505,70,1505,70,,,,,,,,,344,16,344,16,1313,62,1313,62,1620,87,1620,87,1094,60,1094,60
68032,,,,,,,,,,,,,,,,,1296,165,1296,165,254,45,254,45,2016,285,2016,285,702,95,702,95,377,57,377,57,296,32,296,32,2033,265,2033,265,1916,249,1916,249,2101,275,2101,275,1562,212,1562,212
64607,,,,,,,,,,,,,,,,,1311,23,1311,23,,,,,,,,,,,,,,,,,,,,,,,,,,,,,180,6,180,6,807,17,807,17
7186,,,,,,,,,,,,,,,,,1311,169,1311,169,,,,,,,,,499,67,499,67,1223,192,1223,192,771,108,771,108,1800,232,1800,232,1674,222,1674,222,558,78,558,78,2169,283,2169,283
46057,,,,,,,,,,,,,,,,,1328,96,1328,96,,,,,,,,,670,57,670,57,330,33,330,33,981,91,981,91,941,75,941,75,1724,123,1724,123,543,42,543,42,1670,107,1670,107
5565,,,,,,,,,,,,,,,,,1328,96,1328,96,1068,69,1068,69,1737,113,1737,113,,,,,,,,,,,,,,,,,,,,,,,,,,,,
46037,,,,,,,,,,,,,,,,,1328,96,1328,96,,,,,,,,,,,,,,,,,,,,,,,,,,,,,,,,,,,,
56222,,,,,,,,,,,,,,,,,1350,76,1350,76,,,,,,,,,,,,,,,,,,,,,,,,,,,,,,,,,,,,
57991,,,,,,,,,,,,,,,,,1350,174,1350,174,1496,219,1496,219,,,,,,,,,,,,,,,,,,,,,,,,,,,,,,,,
8195,,,,,,,,,,,,,,,,,1350,133,1350,133,940,93,940,93,1328,143,1328,143,1351,130,1351,130,,,,,,,,,1781,195,1781,195,820,91,820,91,2018,206,2018,206,1541,164,1541,164
39299,,,,,,,,,,,,,,,,,1368,166,1368,166,1848,225,1848,225,,,,,,,,,,,,,,,,,,,,,,,,,,,,,,,,
43506,,,,,,,,,,,,,,,,,1368,59,1368,59,,,,,1719,79,1719,79,,,,,,,,,,,,,246,18,246,18,912,49,912,49,481,25,481,25,2048,105,2048,105
11203,,,,,,,,,,,,,,,,,1385,60,1385,60,,,,,,,,,,,,,,,,,,,,,,,,,,,,,,,,,,,,
5097,,,,,,,,,,,,,,,,,1385,74,1385,74,,,,,1019,62,1019,62,1678,83,1678,83,,,,,,,,,360,24,360,24,1353,76,1353,76,2085,113,2085,113,410,13,410,13
5265,,,,,,,,,,,,,,,,,1385,169,1385,169,,,,,,,,,,,,,,,,,,,,,,,,,,,,,,,,,,,,
50703,,,,,,,,,,,,,,,,,1449,69,1449,69,,,,,,,,,779,31,779,31,1674,69,1674,69,,,,,1484,51,1484,51,,,,,2367,95,2367,95,2374,88,2374,88
40380,,,,,,,,,,,,,,,,,1449,111,1449,111,1880,138,1880,138,,,,,1196,94,1196,94,173,17,173,17,1405,130,1405,130,1884,148,1884,148,,,,,2018,152,2018,152,1094,70,1094,70
31036,,,,,,,,,,,,,,,,,1449,76,1449,76,,,,,1842,89,1842,89,686,30,686,30,1394,88,1394,88,244,13,244,13,2160,104,2160,104,1401,68,1401,68,336,21,336,21,928,52,928,52
43991,,,,,,,,,,,,,,,,,1449,211,1449,211,1523,194,1523,194,129,21,129,21,1678,213,1678,213,1641,208,1641,208,841,105,841,105,189,32,189,32,843,107,843,107,960,99,960,99,1473,177,1473,177
5494,,,,,,,,,,,,,,,,,1470,66,1470,66,129,9,129,9,1306,58,1306,58,2137,108,2137,108,1223,65,1223,65,409,19,409,19,1339,79,1339,79,1118,66,1118,66,664,39,664,39,2399,151,2399,151
67297,,,,,,,,,,,,,,,,,1470,193,1470,193,,,,,,,,,,,,,,,,,,,,,,,,,,,,,,,,,,,,
21860,,,,,,,,,,,,,,,,,1483,79,1483,79,434,20,434,20,1202,68,1202,68,397,20,397,20,,,,,,,,,1583,95,1583,95,798,42,798,42,725,42,725,42,722,32,722,32
16220,,,,,,,,,,,,,,,,,1497,103,1497,103,,,,,1219,76,1219,76,1779,111,1779,111,,,,,,,,,374,20,374,20,820,49,820,49,2441,164,2441,164,2048,154,2048,154
13831,,,,,,,,,,,,,,,,,1497,69,1497,69,,,,,,,,,,,,,,,,,,,,,,,,,,,,,,,,,,,,
47565,,,,,,,,,,,,,,,,,1505,83,1505,83,,,,,23,2,23,2,1933,122,1933,122,1034,61,1034,61,330,15,330,15,1339,80,1339,80,1118,76,1118,76,788,36,788,36,2016,122,2016,122
10513,,,,,,,,,,,,,,,,,1505,184,1505,184,,,,,800,89,800,89,2082,246,2082,246,,,,,,,,,741,85,741,85,1724,204,1724,204,580,60,580,60,2169,242,2169,242
18341,,,,,,,,,,,,,,,,,1525,71,1525,71,729,41,729,41,2016,102,2016,102,,,,,,,,,,,,,,,,,,,,,,,,,,,,
43922,,,,,,,,,,,,,,,,,1525,149,1525,149,1283,134,1283,134,204,20,204,20,2010,200,2010,200,400,43,400,43,1657,186,1657,186,,,,,,,,,,,,,,,,
25341,,,,,,,,,,,,,,,,,1525,67,1525,67,,,,,,,,,,,,,823,43,823,43,785,41,785,41,1392,69,1392,69,774,42,774,42,423,21,423,21,764,42,764,42
5357,,,,,,,,,,,,,,,,,1525,71,1525,71,,,,,,,,,,,,,,,,,,,,,,,,,,,,,,,,,,,,
44617,,,,,,,,,,,,,,,,,1548,225,1548,225,,,,,,,,,,,,,,,,,,,,,,,,,,,,,2389,288,2389,288,,,,
60046,,,,,,,,,,,,,,,,,1555,87,1555,87,1120,62,1120,62,77,9,77,9,311,23,311,23,588,34,588,34,1553,82,1553,82,1537,99,1537,99,,,,,,,,,,,,
67208,,,,,,,,,,,,,,,,,1555,203,1555,203,1914,270,1914,270,1550,218,1550,218,,,,,,,,,,,,,,,,,,,,,,,,,,,,
57558,,,,,,,,,,,,,,,,,1573,85,170,6,,,,,65,2,65,2,,,,,,,,,,,,,,,,,,,,,,,,,,,,
32235,,,,,,,,,,,,,,,,,1573,76,1573,76,95,7,95,7,1509,74,1509,74,628,29,628,29,113,4,113,4,381,16,381,16,856,46,856,46,1750,100,1750,100,580,37,580,37,1753,118,1753,118
58161,,,,,,,,,,,,,,,,,1573,116,1573,116,,,,,,,,,138,22,138,22,1502,189,1502,189,1652,79,1652,79,135,9,135,9,,,,,,,,,,,,
13328,,,,,,,,,,,,,,,,,1594,77,1594,77,,,,,,,,,,,,,703,39,703,39,760,37,760,37,1461,87,1461,87,1445,87,1445,87,1732,93,1732,93,764,58,764,58
48750,,,,,,,,,,,,,,,,,1594,83,1594,83,,,,,,,,,,,,,,,,,,,,,,,,,,,,,,,,,,,,
5892,,,,,,,,,,,,,,,,,1608,210,1608,210,,,,,,,,,,,,,1034,166,1034,166,1571,240,1571,240,,,,,1353,172,1353,172,1826,248,1826,248,1204,156,1204,156
66619,,,,,,,,,,,,,,,,,1620,158,1620,158,,,,,1887,183,1887,183,,,,,,,,,,,,,,,,,1401,143,1401,143,481,56,481,56,2255,235,2255,235
7481,,,,,,,,,,,,,,,,,1620,79,1620,79,,,,,,,,,,,,,,,,,,,,,2045,117,2045,117,,,,,,,,,2459,154,2459,154
11033,,,,,,,,,,,,,,,,,1620,85,1620,85,,,,,,,,,,,,,1691,97,1691,97,,,,,,,,,,,,,,,,,,,,
48266,,,,,,,,,,,,,,,,,1620,87,174,10,,,,,1812,104,1812,104,462,29,462,29,,,,,,,,,1323,79,1323,79,,,,,,,,,,,,
11651,,,,,,,,,,,,,,,,,1633,80,1633,80,,,,,,,,,,,,,,,,,,,,,,,,,,,,,,,,,,,,
64099,,,,,,,,,,,,,,,,,1633,212,1633,212,208,34,208,34,192,27,192,27,2026,278,2026,278,971,157,971,157,691,94,691,94,921,135,921,135,1724,227,1724,227,2427,314,2427,314,490,64,490,64
50149,,,,,,,,,,,,,,,,,1642,201,1642,201,,,,,1663,214,1663,214,1078,119,1078,119,1613,200,1613,200,771,81,771,81,838,97,838,97,1224,138,1224,138,2245,256,2245,256,,,,
2506,,,,,,,,,,,,,,,,,1642,201,1642,201,,,,,,,,,1100,123,1100,123,495,55,495,55,806,85,806,85,1735,214,1735,214,1614,186,1614,186,,,,,,,,
12355,,,,,,,,,,,,,,,,,1660,216,1660,216,182,30,182,30,1423,203,1423,203,1044,151,1044,151,933,148,933,148,562,74,562,74,1756,229,1756,229,1197,149,1197,149,,,,,,,,
457,,,,,,,,,,,,,,,,,1660,86,1660,86,,,,,,,,,,,,,,,,,,,,,,,,,,,,,,,,,,,,
51475,,,,,,,,,,,,,,,,,1660,216,1660,216,,,,,,,,,1885,261,1885,261,,,,,,,,,,,,,,,,,,,,,,,,
56242,,,,,,,,,,,,,,,,,73,23,73,23,68,19,68,19,,,,,56,20,56,20,70,17,70,17,78,18,78,18,,,,,3,2,3,2,,,,,,,,
53788,,,,,,,,,,,,,,,,,1679,83,122,7,120,8,52,4,132,7,66,3,97,5,53,3,495,27,495,27,1292,62,1292,62,900,48,900,48,165,4,165,4,1558,85,1558,85,2033,132,2033,132
11159,,,,,,,,,,,,,,,,,1679,163,1679,163,,,,,,,,,,,,,,,,,,,,,,,,,672,77,672,77,1868,188,1868,188,1094,117,1094,117
8322,,,,,,,,,,,,,,,,,1689,94,1689,94,,,,,,,,,817,50,817,50,,,,,,,,,1339,80,1339,80,311,22,311,22,1461,85,1461,85,2513,145,2513,145
39602,,,,,,,,,,,,,,,,,1699,208,1699,208,,,,,,,,,,,,,,,,,1449,180,1449,180,153,17,153,17,486,54,486,54,54,5,54,5,1801,197,1801,197
23527,,,,,,,,,,,,,,,,,1699,78,1699,78,,,,,463,21,463,21,1420,58,1420,58,495,27,495,27,1630,59,1630,59,1781,61,1781,61,,,,,,,,,,,,
20885,,,,,,,,,,,,,,,,,1699,125,1699,125,,,,,1219,93,1219,93,1962,150,1962,150,,,,,,,,,1781,139,1781,139,,,,,,,,,,,,
9225,,,,,,,,,,,,,,,,,1699,208,1699,208,,,,,,,,,,,,,,,,,897,95,897,95,1714,208,1714,208,,,,,,,,,,,,
48299,,,,,,,,,,,,,,,,,1699,89,1699,89,,,,,879,53,879,53,2099,127,2099,127,,,,,,,,,,,,,1931,127,1931,127,1002,61,1002,61,371,38,371,38
35251,,,,,,,,,,,,,,,,,1710,165,1710,165,,,,,,,,,,,,,,,,,,,,,,,,,,,,,,,,,,,,
22259,,,,,,,,,,,,,,,,,1717,211,1717,211,940,122,940,122,1524,188,1524,188,,,,,,,,,,,,,702,76,702,76,985,113,985,113,2234,128,2234,128,,,,
22650,,,,,,,,,,,,,,,,,1717,79,1717,79,,,,,,,,,,,,,,,,,,,,,,,,,,,,,,,,,,,,
35504,,,,,,,,,,,,,,,,,1717,31,1717,31,,,,,,,,,,,,,,,,,,,,,,,,,,,,,788,17,788,17,2321,37,2321,37
23357,,,,,,,,,,,,,,,,,1717,86,1717,86,,,,,1423,66,1423,66,1637,90,1637,90,,,,,,,,,1417,82,1417,82,2253,124,2253,124,,,,,,,,
19905,,,,,,,,,,,,,,,,,1740,98,1740,98,,,,,,,,,,,,,1502,84,1502,84,1671,91,1671,91,,,,,,,,,,,,,,,,
20861,,,,,,,,,,,,,,,,,1740,87,1740,87,,,,,,,,,,,,,,,,,,,,,,,,,,,,,,,,,,,,
17084,,,,,,,,,,,,,,,,,1777,235,1777,235,,,,,,,,,,,,,,,,,,,,,,,,,,,,,,,,,,,,
5327,,,,,,,,,,,,,,,,,1777,33,1777,33,,,,,,,,,,,,,,,,,,,,,,,,,,,,,,,,,,,,
62815,,,,,,,,,,,,,,,,,78,25,78,25,72,22,72,22,,,,,,,,,,,,,,,,,,,,,,,,,,,,,,,,
52121,,,,,,,,,,,,,,,,,1789,256,179,42,,,,,,,,,,,,,,,,,,,,,2160,260,2160,260,144,14,144,14,543,55,543,55,164,23,164,23
52207,,,,,,,,,,,,,,,,,1789,114,1789,114,,,,,899,55,899,55,1726,107,1726,107,,,,,236,12,236,12,2152,130,2152,130,390,23,390,23,2163,146,2163,146,740,54,740,54
67298,,,,,,,,,,,,,,,,,1804,243,180,22,199,32,199,32,1786,253,1786,253,,,,,,,,,578,79,578,79,941,125,941,125,529,69,529,69,,,,,,,,
27040,,,,,,,,,,,,,,,,,1815,244,1815,244,,,,,,,,,,,,,,,,,,,,,,,,,1423,182,1423,182,2349,305,2349,305,105,16,105,16
52002,,,,,,,,,,,,,,,,,1839,247,1839,247,,,,,,,,,,,,,,,,,,,,,,,,,,,,,,,,,,,,
21399,,,,,,,,,,,,,,,,,1846,96,1846,96,,,,,,,,,,,,,,,,,,,,,,,,,,,,,,,,,,,,
46976,,,,,,,,,,,,,,,,,1851,104,124,6,,,,,,,,,,,,,,,,,,,,,,,,,,,,,,,,,,,,
31365,,,,,,,,,,,,,,,,,1864,176,1864,176,,,,,,,,,,,,,,,,,,,,,,,,,1313,137,1313,137,1461,153,1461,153,928,101,928,101
15381,,,,,,,,,,,,,,,,,1871,252,1871,252,,,,,,,,,,,,,,,,,,,,,,,,,,,,,,,,,,,,
63290,,,,,,,,,,,,,,,,,,,,,1,1,1,1,8,1,7,1,566,30,49,5,532,16,90,8,189,8,58,5,1654,83,190,13,1563,200,196,20,322,39,322,39,999,108,999,108
50848,,,,,,,,,,,,,,,,,,,,,2,1,2,1,1719,241,77,5,1351,194,130,11,1478,235,128,10,730,102,141,13,856,124,150,11,2397,324,2397,324,168,19,168,19,,,,
60431,,,,,,,,,,,,,,,,,,,,,3,1,3,1,226,24,52,7,462,54,90,17,933,94,107,15,16,2,14,2,416,51,113,20,339,43,339,43,,,,,,,,
57137,,,,,,,,,,,,,,,,,,,,,4,2,2,1,39,4,21,3,54,13,26,8,5,3,5,3,339,50,71,14,147,22,67,12,,,,,,,,,,,,
62328,,,,,,,,,,,,,,,,,,,,,6,4,5,3,70,7,40,6,195,26,61,13,933,94,145,18,16,2,14,2,1918,210,1918,210,1118,116,1118,116,,,,,,,,
56685,,,,,,,,,,,,,,,,,,,,,7,1,6,1,47,1,25,1,173,6,57,2,856,40,104,4,360,30,110,11,271,16,92,9,655,76,655,76,1326,137,1326,137,2115,101,2115,101
56808,,,,,,,,,,,,,,,,,,,,,10,2,8,2,1245,178,129,13,,,,,,,,,,,,,,,,,,,,,,,,,,,,
62062,,,,,,,,,,,,,,,,,,,,,13,1,10,1,879,38,68,6,,,,,,,,,,,,,,,,,,,,,,,,,,,,
55408,,,,,,,,,,,,,,,,,,,,,14,3,13,3,1932,238,213,44,261,37,92,18,748,87,748,87,657,80,657,80,1063,142,1063,142,230,28,230,28,580,61,580,61,2386,285,2386,285
59454,,,,,,,,,,,,,,,,,,,,,18,5,4,2,240,27,55,8,1078,110,61,10,1562,166,133,20,1260,144,99,19,621,74,131,25,,,,,,,,,,,,
58028,,,,,,,,,,,,,,,,,,,,,19,3,14,3,1038,49,126,13,302,16,71,8,532,26,111,7,161,11,76,8,1299,65,1299,65,1899,79,1899,79,856,32,856,32,98,5,98,5
56675,,,,,,,,,,,,,,,,,,,,,22,2,17,2,595,40,109,10,1196,76,127,10,,,,,,,,,838,49,838,49,17,3,17,3,830,38,830,38,1827,110,1827,110
11819,,,,,,,,,,,,,,,,,,,,,28,1,28,1,56,3,56,3,1962,100,1962,100,748,45,748,45,270,10,270,10,1461,87,1461,87,1445,87,1445,87,1868,105,1868,105,251,19,251,19
58639,,,,,,,,,,,,,,,,,,,,,34,8,20,5,170,23,47,3,1219,175,129,10,1104,178,115,8,287,31,96,5,196,26,75,5,1614,213,1614,213,285,35,285,35,1541,209,1541,209
62079,,,,,,,,,,,,,,,,,,,,,34,2,7,1,23,2,15,2,1805,87,63,4,,,,,,,,,,,,,,,,,,,,,,,,
64627,,,,,,,,,,,,,,,,,,,,,36,4,8,3,141,8,13,1,414,33,46,7,1518,138,59,8,37,2,26,1,423,23,82,3,529,28,128,6,1984,109,209,9,410,18,410,18
59845,,,,,,,,,,,,,,,,,,,,,40,9,1,1,15,2,2,1,717,98,20,3,94,20,7,2,14,3,10,2,56,6,28,6,486,60,95,12,359,39,82,10,191,26,82,13
59823,,,,,,,,,,,,,,,,,,,,,45,8,32,6,522,56,103,4,1044,116,170,9,349,39,84,6,68,8,68,8,174,19,174,19,2323,279,2323,279,,,,,,,,
56327,,,,,,,,,,,,,,,,,,,,,45,4,11,1,44,6,23,2,48,3,24,3,377,39,75,10,161,17,57,6,1049,81,163,19,113,9,53,8,725,57,725,57,1364,91,1364,91
60071,,,,,,,,,,,,,,,,,,,,,52,2,12,1,18,1,7,1,551,54,48,3,282,32,35,2,87,19,48,9,324,39,73,13,2093,209,219,29,830,89,152,21,1187,63,1187,63
54728,,,,,,,,,,,,,,,,,,,,,1,1,1,1,33,9,5,1,5,2,2,1,33,11,9,2,40,6,11,3,43,4,19,1,25,3,11,1,,,,,,,,
37503,,,,,,,,,,,,,,,,,,,,,58,11,58,11,1343,164,1343,164,2058,258,2058,258,856,100,856,100,704,89,704,89,337,53,337,53,1502,183,1502,183,2288,276,2288,276,527,66,527,66
59537,,,,,,,,,,,,,,,,,,,,,61,6,13,1,217,17,15,1,841,52,56,3,,,,,,,,,2137,129,121,8,,,,,,,,,,,,
54459,,,,,,,,,,,,,,,,,,,,,66,11,39,7,1820,258,208,25,1637,234,205,21,330,49,330,49,213,22,213,22,555,74,555,74,1858,242,1858,242,1592,207,1592,207,2169,283,2169,283
47480,,,,,,,,,,,,,,,,,,,,,66,7,66,7,1832,103,1832,103,195,15,195,15,1433,80,1433,80,562,30,562,30,1339,80,1339,80,1750,117,1750,117,1091,57,1091,57,,,,
36447,,,,,,,,,,,,,,,,,,,,,2,1,2,1,54,12,54,12,60,12,60,12,32,8,32,8,26,3,26,3,78,12,78,12,108,19,108,19,13,2,13,2,101,18,101,18
70812,,,,,,,,,,,,,,,,,,,,,73,8,73,8,375,35,375,35,1392,113,1392,113,458,47,458,47,1419,133,1419,133,2033,161,2033,161,472,28,472,28,1137,89,1137,89,1870,118,1870,118
57961,,,,,,,,,,,,,,,,,,,,,79,2,42,1,1876,87,144,8,233,15,87,7,893,38,141,8,126,6,126,6,1439,50,1439,50,414,15,414,15,931,38,931,38,1913,68,1913,68
56678,,,,,,,,,,,,,,,,,,,,,79,8,32,4,42,6,22,2,1044,66,119,8,565,32,92,5,1620,88,186,9,1323,76,171,11,113,11,113,11,1708,103,1708,103,2229,132,2229,132
53026,,,,,,,,,,,,,,,,,,,,,83,13,83,13,432,44,432,44,2089,209,2089,209,173,25,173,25,94,20,94,20,994,109,994,109,,,,,,,,,1473,154,1473,154
61054,,,,,,,,,,,,,,,,,,,,,87,15,87,15,1764,246,1764,246,261,32,261,32,933,148,933,148,1653,254,1653,254,994,139,994,139,1899,245,1899,245,,,,,,,,
51404,,,,,,,,,,,,,,,,,,,,,95,15,47,7,729,75,116,6,929,98,160,8,458,52,104,7,981,108,981,108,1323,154,1323,154,,,,,,,,,,,,
71334,,,,,,,,,,,,,,,,,,,,,95,18,47,9,698,98,142,16,116,12,60,2,,,,,,,,,,,,,,,,,,,,,,,,
54831,,,,,,,,,,,,,,,,,,,,,95,18,95,18,934,135,934,135,57,3,57,3,1450,227,1450,227,126,11,126,11,1583,212,1583,212,2278,307,2278,307,528,70,528,70,845,104,845,104
58526,,,,,,,,,,,,,,,,,,,,,95,18,34,7,147,21,42,2,302,41,71,4,77,9,32,3,870,125,152,15,767,110,143,9,731,91,731,91,877,116,877,116,2115,273,2115,273
35793,,,,,,,,,,,,,,,,,,,,,107,5,107,5,1484,85,1484,85,1152,75,1152,75,,,,,,,,,,,,,1011,73,1011,73,1438,89,1438,89,384,39,384,39
59164,,,,,,,,,,,,,,,,,,,,,111,5,35,5,94,7,49,6,60,3,36,3,400,19,97,5,94,6,60,5,2198,113,2198,113,754,40,754,40,372,17,372,17,539,29,539,29
59079,,,,,,,,,,,,,,,,,,,,,125,4,125,4,1796,81,1796,81,,,,,,,,,,,,,821,24,821,24,1173,48,1173,48,309,9,309,9,1473,49,1473,49
55929,,,,,,,,,,,,,,,,,,,,,129,20,37,7,1550,197,137,29,2170,274,146,29,933,109,145,29,627,72,131,24,605,80,605,80,962,121,962,121,686,71,686,71,701,86,701,86
52724,,,,,,,,,,,,,,,,,,,,,5,2,2,1,43,3,12,3,26,4,11,2,16,1,8,1,19,2,10,2,34,3,34,3,13,1,13,1,106,14,106,14,81,13,81,13
63236,,,,,,,,,,,,,,,,,,,,,140,9,140,9,1820,233,1820,233,1078,119,1078,119,227,23,227,23,270,35,270,35,2265,275,2265,275,1476,169,1476,169,135,20,135,20,177,23,177,23
65253,,,,,,,,,,,,,,,,,,,,,143,10,143,10,1446,181,1446,181,138,12,138,12,43,3,43,3,461,51,461,51,621,63,621,63,2217,219,2217,219,153,21,153,21,347,40,347,40
55027,,,,,,,,,,,,,,,,,,,,,150,11,39,6,1574,66,76,7,97,4,46,4,304,14,65,2,106,7,62,6,46,3,30,2,1858,93,1858,93,180,24,180,24,701,38,701,38
62647,,,,,,,,,,,,,,,,,,,,,169,20,59,8,400,41,114,20,2032,202,231,32,933,94,933,94,1419,157,1419,157,,,,,,,,,,,,,,,,
56674,,,,,,,,,,,,,,,,,,,,,169,18,42,5,375,26,61,5,,,,,,,,,,,,,,,,,,,,,,,,,,,,
2141,,,,,,,,,,,,,,,,,,,,,173,29,173,29,1974,280,1974,280,1899,266,1899,266,,,,,60,4,60,4,138,17,138,17,2314,311,2314,311,2187,286,2187,286,330,47,330,47
34778,,,,,,,,,,,,,,,,,,,,,187,9,187,9,1984,98,1984,98,1044,50,1044,50,400,23,400,23,136,8,136,8,1299,68,1299,68,200,13,200,13,1826,100,1826,100,2148,122,2148,122
1802,,,,,,,,,,,,,,,,,,,,,199,8,199,8,1945,107,1945,107,1480,75,1480,75,748,34,748,34,1405,74,1405,74,,,,,,,,,,,,,,,,
47832,,,,,,,,,,,,,,,,,,,,,208,34,208,34,1019,145,1019,145,,,,,,,,,,,,,,,,,,,,,,,,,,,,
31767,,,,,,,,,,,,,,,,,,,,,208,19,208,19,1279,158,1279,158,,,,,,,,,1149,141,1149,141,666,71,666,71,1614,186,1614,186,,,,,,,,
57138,,,,,,,,,,,,,,,,,,,,,7,1,1,1,27,3,1,1,12,2,1,1,5,1,2,1,2,1,2,1,44,5,12,3,86,13,15,4,80,10,24,6,80,12,25,4
70035,,,,,,,,,,,,,,,,,,,,,8,2,8,2,83,14,83,14,,,,,79,15,79,15,27,4,27,4,,,,,,,,,,,,,,,,
31241,,,,,,,,,,,,,,,,,,,,,228,12,228,12,1173,53,1173,53,1249,67,1249,67,1252,66,1252,66,760,37,760,37,941,52,941,52,512,28,512,28,230,15,230,15,2412,276,2412,276
43964,,,,,,,,,,,,,,,,,,,,,241,28,241,28,2089,262,2089,262,,,,,,,,,,,,,,,,,80,7,80,7,806,61,806,61,490,37,490,37
57969,,,,,,,,,,,,,,,,,,,,,241,9,16,1,509,25,16,2,929,37,58,3,,,,,,,,,,,,,,,,,,,,,,,,
58183,,,,,,,,,,,,,,,,,,,,,262,12,262,12,1038,44,1038,44,,,,,,,,,,,,,,,,,,,,,,,,,,,,
58724,,,,,,,,,,,,,,,,,,,,,276,4,17,1,7,2,6,1,138,1,36,1,1198,18,118,1,673,4,84,1,921,98,156,28,163,1,68,1,92,5,92,5,2402,40,2402,40
12559,,,,,,,,,,,,,,,,,,,,,276,30,276,30,2010,195,2010,195,,,,,43,10,43,10,1243,141,1243,141,621,74,621,74,2233,221,2233,221,2411,240,2411,240,,,,
71452,,,,,,,,,,,,,,,,,,,,,284,32,284,32,226,24,226,24,1219,116,1219,116,,,,,,,,,1439,149,1439,149,1069,112,1069,112,1777,181,1777,181,1781,184,1781,184
56506,,,,,,,,,,,,,,,,,,,,,298,51,50,9,296,41,89,6,243,29,65,3,,,,,,,,,941,137,941,137,70,12,70,12,1732,231,1732,231,2425,320,2425,320
45777,,,,,,,,,,,,,,,,,,,,,303,34,77,11,1386,148,134,17,1953,196,226,30,1223,132,166,22,627,79,627,79,,,,,,,,,,,,,,,,
56139,,,,,,,,,,,,,,,,,,,,,303,13,51,2,800,46,67,2,80,5,41,1,187,11,48,3,771,41,144,7,1247,68,167,7,928,45,928,45,2349,129,2349,129,2148,104,2148,104
58120,,,,,,,,,,,,,,,,,,,,,303,52,77,13,326,45,105,8,121,15,62,3,1198,188,1198,188,312,36,312,36,1087,154,1087,154,655,84,655,84,558,78,558,78,37,7,37,7
57630,,,,,,,,,,,,,,,,,,,,,315,36,80,12,94,10,53,10,,,,,,,,,1364,153,1364,153,,,,,,,,,,,,,2354,242,2354,242
69644,,,,,,,,,,,,,,,,,,,,,14,4,14,4,6,2,6,2,17,8,17,8,11,4,11,4,,,,,,,,,67,12,67,12,,,,,,,,
49408,,,,,,,,,,,,,,,,,,,,,334,36,91,4,408,44,408,44,907,95,907,95,1126,127,1126,127,279,36,279,36,856,95,856,95,131,14,131,14,89,12,89,12,2412,276,2412,276
47377,,,,,,,,,,,,,,,,,,,,,359,15,359,15,1900,106,1900,106,2099,111,2099,111,,,,,,,,,,,,,2364,131,2364,131,,,,,,,,
44792,,,,,,,,,,,,,,,,,,,,,370,48,55,13,99,17,34,11,1851,233,138,27,1311,161,123,27,305,42,99,21,2198,268,217,41,820,100,820,100,68,6,68,6,2419,288,2419,288
69900,,,,,,,,,,,,,,,,,,,,,17,6,17,6,17,5,17,5,43,15,43,15,76,18,76,18,63,10,63,10,67,10,67,10,36,7,36,7,95,19,95,19,,,,
29056,,,,,,,,,,,,,,,,,,,,,380,16,380,16,356,19,356,19,1997,105,1997,105,138,9,138,9,381,23,381,23,1019,56,1019,56,1043,55,1043,55,1055,63,1055,63,952,38,952,38
55269,,,,,,,,,,,,,,,,,,,,,398,18,89,3,99,4,50,2,588,31,140,7,,,,,,,,,485,32,485,32,67,5,67,5,1777,99,1777,99,1913,92,1913,92
48628,,,,,,,,,,,,,,,,,,,,,424,22,424,22,,,,,,,,,,,,,409,24,409,24,876,50,876,50,311,21,311,21,1896,134,1896,134,1025,79,1025,79
48343,,,,,,,,,,,,,,,,,,,,,434,45,93,13,240,27,91,15,686,77,146,21,823,88,823,88,1440,159,1440,159,,,,,,,,,,,,,,,,
57918,,,,,,,,,,,,,,,,,,,,,455,46,57,5,334,38,59,9,428,49,85,15,349,38,70,10,944,117,155,27,,,,,,,,,,,,,,,,
12333,,,,,,,,,,,,,,,,,,,,,469,27,469,27,934,42,934,42,756,38,756,38,588,35,588,35,992,56,992,56,496,25,496,25,2238,117,2238,117,1185,66,1185,66,177,7,177,7
47988,,,,,,,,,,,,,,,,,,,,,469,25,112,4,1509,80,1509,80,659,34,659,34,51,3,51,3,204,9,204,9,1858,228,1858,228,1423,176,1423,176,204,24,204,24,136,7,136,7
62327,,,,,,,,,,,,,,,,,,,,,485,50,58,6,52,6,34,5,740,82,105,18,1412,152,181,27,183,33,80,15,337,42,337,42,1353,139,1353,139,,,,,,,,
53003,,,,,,,,,,,,,,,,,,,,,485,35,58,7,879,52,68,6,439,29,88,3,823,46,103,6,409,21,114,5,2102,125,213,13,461,35,461,35,2245,132,2245,132,2187,129,2187,129
54657,,,,,,,,,,,,,,,,,,,,,23,3,5,2,54,7,6,2,9,1,4,1,51,10,13,2,,,,,,,,,,,,,,,,,,,,
70282,,,,,,,,,,,,,,,,,,,,,517,36,517,36,1001,57,1001,57,1705,109,1705,109,,,,,,,,,,,,,,,,,,,,,,,,
38277,,,,,,,,,,,,,,,,,,,,,530,37,530,37,400,27,400,27,516,36,516,36,,,,,,,,,797,46,797,46,754,58,754,58,1091,57,1091,57,1301,76,1301,76
46139,,,,,,,,,,,,,,,,,,,,,530,30,530,30,522,30,522,30,1170,76,1170,76,1070,69,1070,69,657,42,657,42,2045,123,2045,123,2016,123,2016,123,1675,114,1675,114,,,,
61149,,,,,,,,,,,,,,,,,,,,,541,21,104,12,36,3,24,3,2094,103,234,20,7,1,7,1,189,16,189,16,1247,61,1247,61,288,11,288,11,664,37,664,37,952,54,952,54
58026,,,,,,,,,,,,,,,,,,,,,559,23,106,13,175,10,71,9,1805,87,216,19,,,,,,,,,158,11,158,11,985,53,985,53,558,29,558,29,1237,67,1237,67
59101,,,,,,,,,,,,,,,,,,,,,27,6,7,2,4,1,2,1,52,7,16,3,58,6,16,1,73,9,26,3,15,4,11,3,40,5,40,5,49,5,49,5,57,6,57,6
7584,,,,,,,,,,,,,,,,,,,,,559,81,559,81,1777,250,1777,250,256,30,256,30,1252,197,1252,197,785,111,785,111,298,44,298,44,1043,124,1043,124,388,49,388,49,251,38,251,38
54556,,,,,,,,,,,,,,,,,,,,,559,33,559,33,455,21,455,21,566,27,566,27,349,20,349,20,760,37,760,37,2293,127,2293,127,1401,83,1401,83,,,,,,,,
58139,,,,,,,,,,,,,,,,,,,,,559,31,559,31,573,25,573,25,1805,87,1805,87,,,,,,,,,1087,58,1087,58,1476,74,1476,74,2303,121,2303,121,453,20,453,20
54986,,,,,,,,,,,,,,,,,,,,,575,25,575,25,1646,72,1646,72,109,5,109,5,1070,56,1070,56,374,21,374,21,46,3,46,3,2307,109,2307,109,1207,70,1207,70,1204,65,1204,65
19042,,,,,,,,,,,,,,,,,,,,,588,33,588,33,800,45,800,45,1122,72,1122,72,,,,,,,,,2285,141,2285,141,2291,143,2291,143,,,,,,,,
36028,,,,,,,,,,,,,,,,,,,,,588,85,588,85,2025,287,2025,287,,,,,1034,166,1034,166,588,83,588,83,683,101,683,101,1724,227,1724,227,931,122,931,122,807,97,807,97
50093,,,,,,,,,,,,,,,,,,,,,588,69,588,69,793,87,793,87,1962,228,1962,228,,,,,,,,,1439,168,1439,168,1641,194,1641,194,1931,210,1931,210,1989,221,1989,221
31954,,,,,,,,,,,,,,,,,,,,,588,36,588,36,1994,99,1994,99,,,,,,,,,,,,,,,,,512,28,512,28,2207,123,2207,123,,,,
53217,,,,,,,,,,,,,,,,,,,,,588,33,107,4,356,20,109,7,1420,88,194,13,,,,,,,,,1247,74,1247,74,655,40,655,40,1868,113,1868,113,1941,119,1941,119
64596,,,,,,,,,,,,,,,,,,,,,606,59,606,59,1059,111,1059,111,89,15,89,15,,,,,,,,,389,49,389,49,1724,172,1724,172,247,33,247,33,565,63,565,63
41776,,,,,,,,,,,,,,,,,,,,,620,71,620,71,356,40,356,40,1867,216,1867,216,400,47,400,47,,,,,,,,,,,,,,,,,,,,
28942,,,,,,,,,,,,,,,,,,,,,620,26,620,26,261,14,261,14,1152,56,1152,56,,,,,,,,,440,24,440,24,2179,105,2179,105,1943,106,1943,106,,,,
54325,,,,,,,,,,,,,,,,,,,,,620,71,620,71,1484,184,1484,184,233,21,233,21,,,,,,,,,1113,126,1113,126,444,52,444,52,960,99,960,99,2354,270,2354,270
33657,,,,,,,,,,,,,,,,,,,,,642,61,642,61,1343,145,1343,145,1505,147,1505,147,,,,,,,,,,,,,,,,,,,,,,,,
58229,,,,,,,,,,,,,,,,,,,,,642,76,642,76,1876,233,1876,233,,,,,,,,,,,,,,,,,,,,,,,,,,,,
14058,,,,,,,,,,,,,,,,,,,,,642,95,642,95,1173,166,1173,166,717,98,717,98,703,107,703,107,1028,161,1028,161,2223,293,2223,293,444,53,444,53,1777,240,1777,240,2195,285,2195,285
57603,,,,,,,,,,,,,,,,,,,,,642,61,62,8,204,20,76,9,1953,196,142,22,,,,,,,,,9,4,9,4,731,82,731,82,2050,209,2050,209,1383,147,1383,147
48372,,,,,,,,,,,,,,,,,,,,,642,95,62,11,32,4,22,2,1754,247,134,12,1587,254,196,21,416,47,115,8,401,56,401,56,288,38,288,38,1708,224,1708,224,2374,314,2374,314
46719,,,,,,,,,,,,,,,,,,,,,661,46,661,46,864,75,864,75,1985,156,1985,156,1653,150,1653,150,,,,,,,,,,,,,,,,,,,,
16489,,,,,,,,,,,,,,,,,,,,,661,76,661,76,1524,188,1524,188,1122,128,1122,128,856,99,856,99,1478,185,1478,185,,,,,,,,,,,,,,,,
57193,,,,,,,,,,,,,,,,,,,,,672,40,64,2,247,13,84,4,243,19,65,5,,,,,,,,,305,18,305,18,843,60,843,60,1592,97,1592,97,1966,122,1966,122
8847,,,,,,,,,,,,,,,,,,,,,692,40,692,40,899,41,899,41,702,35,702,35,,,,,,,,,1756,99,1756,99,912,58,912,58,1055,65,1055,65,251,19,251,19
43223,,,,,,,,,,,,,,,,,,,,,692,40,692,40,1306,81,1306,81,397,24,397,24,1613,96,1613,96,1317,88,1317,88,2137,129,2137,129,,,,,830,66,830,66,764,59,764,59
63361,,,,,,,,,,,,,,,,,,,,,709,49,709,49,52,7,52,7,208,17,208,17,703,68,703,68,1292,118,1292,118,374,30,374,30,1882,142,1882,142,705,55,705,55,1615,102,1615,102
12376,,,,,,,,,,,,,,,,,,,,,709,41,709,41,170,13,170,13,2104,130,2104,130,971,59,971,59,448,26,448,26,534,35,534,35,1353,72,1353,72,1868,131,1868,131,1204,95,1204,95
50714,,,,,,,,,,,,,,,,,,,,,743,87,66,14,1279,154,131,26,640,81,99,20,1465,180,184,38,1541,186,184,35,,,,,,,,,,,,,,,,
10813,,,,,,,,,,,,,,,,,,,,,772,46,772,46,698,39,698,39,1459,89,1459,89,,,,,,,,,,,,,,,,,,,,,,,,
37878,,,,,,,,,,,,,,,,,,,,,772,45,772,45,,,,,,,,,,,,,,,,,702,43,702,43,1069,73,1069,73,746,33,746,33,,,,
65695,,,,,,,,,,,,,,,,,,,,,792,48,792,48,1764,102,1764,102,439,27,439,27,,,,,,,,,1678,96,1678,96,1313,95,1313,95,,,,,,,,
51266,,,,,,,,,,,,,,,,,,,,,816,38,816,38,2006,110,2006,110,,,,,,,,,,,,,,,,,,,,,,,,,,,,
60200,,,,,,,,,,,,,,,,,,,,,816,74,116,18,,,,,,,,,,,,,,,,,,,,,,,,,,,,,,,,
59063,,,,,,,,,,,,,,,,,,,,,816,105,816,105,1750,226,1750,226,,,,,,,,,,,,,,,,,,,,,,,,,,,,
47461,,,,,,,,,,,,,,,,,,,,,838,48,838,48,635,44,635,44,1657,103,1657,103,,,,,,,,,,,,,1724,115,1724,115,1390,80,1390,80,,,,
24995,,,,,,,,,,,,,,,,,,,,,851,52,851,52,1132,71,1132,71,1295,83,1295,83,,,,,,,,,2268,139,2268,139,,,,,,,,,,,,
47511,,,,,,,,,,,,,,,,,,,,,867,49,867,49,2046,117,2046,117,,,,,,,,,,,,,,,,,,,,,,,,,,,,
49975,,,,,,,,,,,,,,,,,,,,,867,111,867,111,1832,234,1832,234,1899,220,1899,220,,,,,,,,,,,,,1975,241,1975,241,,,,,,,,
67697,,,,,,,,,,,,,,,,,,,,,880,41,880,41,635,35,635,35,1637,82,1637,82,304,14,304,14,562,32,562,32,1714,87,1714,87,402,18,402,18,985,56,985,56,952,54,952,54
35743,,,,,,,,,,,,,,,,,,,,,880,126,880,126,1132,157,1132,157,1295,184,1295,184,400,63,400,63,992,148,992,148,374,52,374,52,1502,193,1502,193,2163,283,2163,283,233,35,233,35
9232,,,,,,,,,,,,,,,,,,,,,880,114,880,114,1001,119,1001,119,2186,262,2186,262,,,,,,,,,,,,,,,,,,,,,,,,
70271,,,,,,,,,,,,,,,,,,,,,901,107,901,107,314,40,314,40,797,102,797,102,,,,,,,,,821,113,821,113,1882,225,1882,225,423,45,423,45,,,,
17317,,,,,,,,,,,,,,,,,,,,,901,127,901,127,,,,,,,,,,,,,,,,,,,,,,,,,,,,,,,,
54003,,,,,,,,,,,,,,,,,,,,,914,111,20,3,44,10,11,4,27,8,17,7,400,50,41,10,1087,131,97,18,1989,244,116,21,1069,134,168,23,2245,268,219,34,283,40,283,40
46164,,,,,,,,,,,,,,,,,,,,,914,64,914,64,2010,153,2010,153,,,,,,,,,1167,103,1167,103,555,44,555,44,1333,92,1333,92,372,29,372,29,2132,140,2132,140
17173,,,,,,,,,,,,,,,,,,,,,914,118,914,118,1777,229,1777,229,,,,,626,73,626,73,161,17,161,17,21,2,21,2,1916,192,1916,192,1292,133,1292,133,503,57,503,57
4957,,,,,,,,,,,,,,,,,,,,,914,111,914,111,1219,149,1219,149,1170,142,1170,142,,,,,,,,,,,,,,,,,,,,,,,,
12413,,,,,,,,,,,,,,,,,,,,,940,52,940,52,1279,61,1279,61,756,38,756,38,1070,71,1070,71,287,14,287,14,1918,93,1918,93,1533,78,1533,78,2406,127,2406,127,425,17,425,17
902,,,,,,,,,,,,,,,,,,,,,940,52,940,52,1343,63,1343,63,1459,67,1459,67,,,,,,,,,,,,,,,,,,,,,,,,
47800,,,,,,,,,,,,,,,,,,,,,959,135,959,135,729,104,729,104,929,136,929,136,1587,254,1587,254,1666,256,1666,256,,,,,,,,,1270,166,1270,166,1495,202,1495,202
21823,,,,,,,,,,,,,,,,,,,,,959,68,959,68,483,43,483,43,149,11,149,11,1450,133,1450,133,531,47,531,47,1800,140,1800,140,1750,125,1750,125,1965,150,1965,150,952,65,952,65
416,,,,,,,,,,,,,,,,,,,,,980,48,980,48,1629,79,1629,79,686,33,686,33,,,,,,,,,,,,,,,,,,,,,1966,128,1966,128
69569,,,,,,,,,,,,,,,,,,,,,980,119,980,119,,,,,,,,,,,,,,,,,,,,,,,,,,,,,,,,
34645,,,,,,,,,,,,,,,,,,,,,1004,50,1004,50,1001,47,1001,47,1576,83,1576,83,788,50,788,50,425,22,425,22,767,38,767,38,2001,114,2001,114,1777,98,1777,98,807,61,807,61
22326,,,,,,,,,,,,,,,,,,,,,1024,104,1024,104,1917,185,1917,185,,,,,1126,114,1126,114,913,114,913,114,605,73,605,73,1836,183,1836,183,2085,213,2085,213,785,88,785,88
45196,,,,,,,,,,,,,,,,,,,,,1024,48,1024,48,432,20,432,20,1962,78,1962,78,,,,,,,,,1169,36,1169,36,1380,57,1380,57,,,,,,,,
47109,,,,,,,,,,,,,,,,,,,,,1024,57,1024,57,1446,87,1446,87,2128,136,2128,136,,,,,,,,,,,,,1173,80,1173,80,830,38,830,38,2148,127,2148,127
29723,,,,,,,,,,,,,,,,,,,,,1042,134,1042,134,1059,124,1059,124,929,98,929,98,282,32,282,32,381,45,381,45,2198,266,2198,266,731,38,731,38,1207,73,1207,73,2069,232,2069,232
39788,,,,,,,,,,,,,,,,,,,,,1042,58,1042,58,483,33,483,33,1249,79,1249,79,1502,84,1502,84,944,56,944,56,337,20,337,20,731,57,731,57,,,,,,,,
5914,,,,,,,,,,,,,,,,,,,,,1042,123,1042,123,,,,,,,,,,,,,,,,,,,,,,,,,,,,,1941,228,1941,228
6841,,,,,,,,,,,,,,,,,,,,,1068,66,1068,66,1960,113,1960,113,,,,,,,,,,,,,,,,,,,,,,,,,,,,
49726,,,,,,,,,,,,,,,,,,,,,48,8,14,4,19,2,6,2,74,9,26,4,,,,,,,,,,,,,,,,,,,,,,,,
51472,,,,,,,,,,,,,,,,,,,,,1068,151,1068,151,1401,201,1401,201,,,,,,,,,,,,,,,,,,,,,,,,,,,,
7526,,,,,,,,,,,,,,,,,,,,,1100,112,1100,112,824,91,824,91,287,38,287,38,588,68,588,68,287,41,287,41,1858,203,1858,203,215,31,215,31,1965,200,1965,200,565,63,565,63
52771,,,,,,,,,,,,,,,,,,,,,1100,68,1100,68,51,3,51,3,1617,96,1617,96,,,,,,,,,2024,120,2024,120,501,32,501,32,1514,93,1514,93,1114,70,1114,70
49390,,,,,,,,,,,,,,,,,,,,,1100,112,1100,112,217,22,217,22,1351,130,1351,130,1502,161,1502,161,106,22,106,22,1019,113,1019,113,1810,180,1810,180,1390,145,1390,145,,,,
2717,,,,,,,,,,,,,,,,,,,,,1120,140,1120,140,698,72,698,72,1933,225,1933,225,,,,,,,,,1508,177,1508,177,2093,261,2093,261,,,,,,,,
65947,,,,,,,,,,,,,,,,,,,,,1120,156,1120,156,1306,190,1306,190,89,5,89,5,77,9,77,9,1201,186,1201,186,838,119,838,119,1614,213,1614,213,788,105,788,105,701,86,701,86
61631,,,,,,,,,,,,,,,,,,,,,1120,52,1120,52,962,46,962,46,2032,100,2032,100,,,,,,,,,298,19,298,19,1931,96,1931,96,1751,100,1751,100,1114,62,1114,62
49093,,,,,,,,,,,,,,,,,,,,,1140,119,1140,119,432,44,432,44,659,73,659,73,,,,,,,,,,,,,,,,,,,,,,,,
18688,,,,,,,,,,,,,,,,,,,,,1140,119,1140,119,1038,107,1038,107,1420,138,1420,138,113,18,113,18,806,101,806,101,1461,154,1461,154,1224,126,1224,126,238,30,238,30,1728,180,1728,180
64785,,,,,,,,,,,,,,,,,,,,,1166,64,1166,64,217,7,217,7,1529,72,1529,72,1223,83,1223,83,870,52,870,52,2012,98,2012,98,402,23,402,23,1292,74,1292,74,1670,91,1670,91
47531,,,,,,,,,,,,,,,,,,,,,1166,63,72,8,175,12,71,3,972,59,115,7,,,,,,,,,571,40,571,40,144,12,144,12,960,48,960,48,1266,74,1266,74
44174,,,,,,,,,,,,,,,,,,,,,1166,159,1166,159,,,,,,,,,,,,,,,,,838,119,838,119,2016,265,2016,265,1751,236,1751,236,2471,327,2471,327
48237,,,,,,,,,,,,,,,,,,,,,1166,73,1166,73,573,33,573,33,994,65,994,65,,,,,,,,,1989,118,1989,118,754,48,754,48,2349,141,2349,141,1266,76,1266,76
58217,,,,,,,,,,,,,,,,,,,,,1193,125,1193,125,978,102,978,102,628,69,628,69,1576,168,1576,168,1478,165,1478,165,1603,172,1603,172,,,,,,,,,,,,
21719,,,,,,,,,,,,,,,,,,,,,1193,57,1193,57,,,,,1997,80,1997,80,788,33,788,33,409,17,409,17,767,22,767,22,774,29,774,29,1997,75,1997,75,892,32,892,32
20660,,,,,,,,,,,,,,,,,,,,,1216,166,1216,166,,,,,,,,,,,,,,,,,1678,221,1678,221,,,,,,,,,,,,
43743,,,,,,,,,,,,,,,,,,,,,1216,75,1216,75,1945,112,1945,112,,,,,,,,,,,,,,,,,,,,,,,,,,,,
58615,,,,,,,,,,,,,,,,,,,,,1238,172,1238,172,1367,197,1367,197,,,,,1344,212,1344,212,,,,,,,,,,,,,2427,314,2427,314,,,,
43266,,,,,,,,,,,,,,,,,,,,,1258,83,1258,83,160,10,160,10,,,,,,,,,,,,,,,,,,,,,,,,,,,,
58187,,,,,,,,,,,,,,,,,,,,,1265,132,1265,132,635,71,635,71,929,98,929,98,1587,201,1587,201,510,64,510,64,1858,228,1858,228,1197,149,1197,149,1592,179,1592,179,1585,185,1585,185
52525,,,,,,,,,,,,,,,,,,,,,55,7,8,2,,,,,67,9,17,2,40,6,17,4,56,9,21,3,51,10,51,10,107,14,107,14,71,9,71,9,,,,
7484,,,,,,,,,,,,,,,,,,,,,1283,64,1283,64,,,,,,,,,,,,,,,,,,,,,1580,92,1580,92,2460,135,2460,135,,,,
54583,,,,,,,,,,,,,,,,,,,,,1298,181,173,25,1038,149,1038,149,2045,280,2045,280,,,,,,,,,,,,,,,,,,,,,,,,
15171,,,,,,,,,,,,,,,,,,,,,1319,91,1319,91,,,,,866,69,866,69,999,84,999,84,1219,107,1219,107,1196,95,1196,95,1641,115,1641,115,,,,,,,,
39413,,,,,,,,,,,,,,,,,,,,,1319,184,1319,184,1151,161,1151,161,1392,198,1392,198,377,57,377,57,551,72,551,72,246,35,246,35,655,84,655,84,2445,323,2445,323,1827,242,1827,242
10498,,,,,,,,,,,,,,,,,,,,,1319,166,1319,166,463,58,463,58,2099,265,2099,265,,,,,,,,,,,,,,,,,,,,,,,,
9284,,,,,,,,,,,,,,,,,,,,,1337,168,1337,168,1081,137,1081,137,1789,224,1789,224,1603,204,1603,204,,,,,,,,,,,,,,,,,,,,
8746,,,,,,,,,,,,,,,,,,,,,1337,168,1337,168,,,,,,,,,,,,,,,,,,,,,,,,,2085,249,2085,249,2169,260,2169,260
8165,,,,,,,,,,,,,,,,,,,,,1337,144,1337,144,1974,194,1974,194,,,,,,,,,,,,,,,,,,,,,,,,,,,,
14008,,,,,,,,,,,,,,,,,,,,,1337,189,1337,189,635,86,635,86,516,71,516,71,1546,246,1546,246,1201,186,1201,186,1972,253,1972,253,,,,,444,59,444,59,1025,130,1025,130
23132,,,,,,,,,,,,,,,,,,,,,1357,145,1357,145,,,,,,,,,,,,,,,,,,,,,,,,,,,,,,,,
19269,,,,,,,,,,,,,,,,,,,,,1357,71,1357,71,,,,,,,,,,,,,,,,,,,,,,,,,,,,,,,,
33064,,,,,,,,,,,,,,,,,,,,,1396,101,1396,101,,,,,486,41,486,41,,,,,,,,,1148,94,1148,94,859,57,859,57,,,,,,,,
27980,,,,,,,,,,,,,,,,,,,,,1396,148,1396,148,,,,,1328,126,1328,126,,,,,,,,,,,,,,,,,,,,,,,,
14002,,,,,,,,,,,,,,,,,,,,,1396,198,1396,198,483,65,483,65,1272,181,1272,181,823,128,823,128,425,49,425,49,1417,192,1417,192,798,95,798,95,1027,130,1027,130,1615,221,1615,221
13944,,,,,,,,,,,,,,,,,,,,,61,11,61,11,,,,,,,,,,,,,,,,,,,,,,,,,,,,,,,,
51911,,,,,,,,,,,,,,,,,,,,,1424,203,1424,203,1446,207,1446,207,,,,,,,,,,,,,1299,180,1299,180,1931,253,1931,253,415,56,415,56,2348,309,2348,309
38281,,,,,,,,,,,,,,,,,,,,,1424,153,1424,153,,,,,,,,,,,,,,,,,,,,,,,,,,,,,,,,
60576,,,,,,,,,,,,,,,,,,,,,1424,173,74,3,1832,234,143,9,,,,,,,,,,,,,,,,,,,,,,,,,,,,
31530,,,,,,,,,,,,,,,,,,,,,1441,176,1441,176,2030,258,2030,258,486,51,486,51,626,73,626,73,1478,185,1478,185,1267,147,1267,147,1533,177,1533,177,1855,201,1855,201,,,,
59942,,,,,,,,,,,,,,,,,,,,,1461,76,1461,76,132,7,132,7,1726,92,1726,92,971,57,971,57,1377,68,1377,68,941,52,941,52,731,44,731,44,1091,66,1091,66,223,17,223,17
14411,,,,,,,,,,,,,,,,,,,,,1496,184,1496,184,,,,,1805,212,1805,212,,,,,,,,,,,,,,,,,,,,,,,,
31539,,,,,,,,,,,,,,,,,,,,,1508,87,1508,87,,,,,,,,,,,,,,,,,,,,,,,,,,,,,,,,
31141,,,,,,,,,,,,,,,,,,,,,1523,191,1523,191,,,,,,,,,,,,,,,,,,,,,,,,,,,,,,,,
7124,,,,,,,,,,,,,,,,,,,,,1523,108,1523,108,314,25,314,25,1919,145,1919,145,1070,91,1070,91,730,63,730,63,1537,118,1537,118,1279,86,1279,86,664,51,664,51,2169,144,2169,144
45568,,,,,,,,,,,,,,,,,,,,,1557,227,1557,227,,,,,95,8,95,8,436,68,436,68,1592,243,1592,243,153,19,153,19,2233,296,2233,296,359,45,359,45,2315,304,2315,304
51837,,,,,,,,,,,,,,,,,,,,,1557,203,141,31,,,,,,,,,,,,,,,,,,,,,,,,,,,,,,,,
2129,,,,,,,,,,,,,,,,,,,,,1557,196,1557,196,1132,139,1132,139,2128,251,2128,251,,,,,,,,,,,,,1224,138,1224,138,2325,267,2325,267,,,,
10459,,,,,,,,,,,,,,,,,,,,,1571,81,1571,81,,,,,,,,,,,,,,,,,,,,,,,,,,,,,,,,
51478,,,,,,,,,,,,,,,,,,,,,1587,233,1587,233,,,,,,,,,,,,,,,,,,,,,,,,,,,,,,,,
44109,,,,,,,,,,,,,,,,,,,,,1587,82,190,8,,,,,385,16,385,16,626,25,626,25,279,17,279,17,2218,131,2218,131,1141,61,1141,61,314,13,314,13,2412,121,2412,121
58158,,,,,,,,,,,,,,,,,,,,,70,20,70,20,22,6,22,6,21,9,21,9,85,20,85,20,,,,,,,,,,,,,,,,,,,,
46128,,,,,,,,,,,,,,,,,,,,,1603,113,1603,113,1980,148,1980,148,,,,,,,,,,,,,,,,,,,,,,,,,,,,
52171,,,,,,,,,,,,,,,,,,,,,1603,237,1603,237,1764,246,1764,246,,,,,,,,,,,,,,,,,,,,,,,,,,,,
26327,,,,,,,,,,,,,,,,,,,,,1622,80,1622,80,,,,,,,,,,,,,,,,,1508,90,1508,90,1787,101,1787,101,,,,,1039,72,1039,72
5609,,,,,,,,,,,,,,,,,,,,,1632,202,1632,202,,,,,1553,179,1553,179,227,23,227,23,173,18,173,18,271,35,271,35,1956,195,1956,195,1292,133,1292,133,2532,254,2532,254
44615,,,,,,,,,,,,,,,,,,,,,1632,211,1632,211,,,,,,,,,,,,,,,,,,,,,,,,,,,,,,,,
54025,,,,,,,,,,,,,,,,,,,,,1632,117,144,11,558,50,131,12,195,15,79,8,1344,117,1344,117,704,59,704,59,1537,118,1537,118,1975,145,1975,145,108,10,108,10,2097,137,2097,137
50603,,,,,,,,,,,,,,,,,,,,,1632,211,144,32,1462,182,135,28,153,24,66,14,,,,,,,,,941,125,941,125,428,53,428,53,161,18,161,18,1364,164,1364,164
7379,,,,,,,,,,,,,,,,,,,,,1645,101,1645,101,,,,,,,,,217,11,217,11,1581,100,1581,100,1698,94,1698,94,414,25,414,25,1896,134,1896,134,2419,175,2419,175
52524,,,,,,,,,,,,,,,,,,,,,1645,84,1645,84,,,,,,,,,,,,,,,,,,,,,,,,,,,,,,,,
54286,,,,,,,,,,,,,,,,,,,,,1657,85,1657,85,,,,,,,,,,,,,,,,,,,,,,,,,,,,,,,,
52184,,,,,,,,,,,,,,,,,,,,,1657,102,1657,102,1401,88,1401,88,2038,126,2038,126,,,,,,,,,,,,,928,51,928,51,2469,165,2469,165,,,,
7919,,,,,,,,,,,,,,,,,,,,,1678,121,1678,121,,,,,1899,143,1899,143,158,15,158,15,1243,112,1243,112,968,77,968,77,1333,92,1333,92,528,41,528,41,1913,123,1913,123
61531,,,,,,,,,,,,,,,,,,,,,1678,86,1678,86,,,,,,,,,,,,,,,,,666,38,666,38,1931,97,1931,97,266,12,266,12,432,19,432,19
37239,,,,,,,,,,,,,,,,,,,,,1700,88,1700,88,824,34,824,34,1953,94,1953,94,,,,,,,,,,,,,,,,,,,,,,,,
11975,,,,,,,,,,,,,,,,,,,,,1700,244,1700,244,1524,214,1524,214,119,14,119,14,,,,,,,,,650,90,650,90,672,87,672,87,1997,267,1997,267,1364,174,1364,174
12124,,,,,,,,,,,,,,,,,,,,,1700,88,1700,88,,,,,,,,,,,,,,,,,,,,,,,,,,,,,,,,
65725,,,,,,,,,,,,,,,,,,,,,1700,210,1700,210,,,,,1529,176,1529,176,,,,,,,,,,,,,,,,,,,,,,,,
55593,,,,,,,,,,,,,,,,,,,,,1710,224,1710,224,1001,122,1001,122,566,72,566,72,495,63,495,63,1589,192,1589,192,1918,237,1918,237,,,,,,,,,740,89,740,89
31269,,,,,,,,,,,,,,,,,,,,,77,2,77,2,,,,,,,,,,,,,,,,,,,,,,,,,,,,,,,,
52195,,,,,,,,,,,,,,,,,,,,,1721,105,1721,105,463,28,463,28,1657,103,1657,103,,,,,,,,,1417,75,1417,75,1810,109,1810,109,1390,99,1390,99,1137,89,1137,89
30124,,,,,,,,,,,,,,,,,,,,,1721,94,1721,94,,,,,2104,128,2104,128,,,,,,,,,,,,,359,24,359,24,788,45,788,45,262,27,262,27
43851,,,,,,,,,,,,,,,,,,,,,1721,94,1721,94,,,,,138,9,138,9,,,,,,,,,2137,130,2137,130,2286,142,2286,142,1620,99,1620,99,57,5,57,5
67254,,,,,,,,,,,,,,,,,,,,,1741,227,1741,227,,,,,,,,,,,,,,,,,797,107,797,107,1641,193,1641,193,1943,225,1943,225,,,,
43207,,,,,,,,,,,,,,,,,,,,,1741,106,1741,106,,,,,,,,,,,,,,,,,1735,97,1735,97,,,,,,,,,,,,
47484,,,,,,,,,,,,,,,,,,,,,1741,93,1741,93,,,,,,,,,,,,,,,,,,,,,,,,,,,,,,,,
53493,,,,,,,,,,,,,,,,,,,,,1747,90,146,5,,,,,,,,,,,,,,,,,,,,,,,,,,,,,701,33,701,33
5797,,,,,,,,,,,,,,,,,,,,,1760,91,1760,91,,,,,414,18,414,18,999,65,999,65,461,31,461,31,1781,85,1781,85,689,35,689,35,1438,78,1438,78,1670,91,1670,91
62874,,,,,,,,,,,,,,,,,,,,,1783,79,1783,79,,,,,,,,,,,,,,,,,,,,,,,,,,,,,,,,
48437,,,,,,,,,,,,,,,,,,,,,1791,97,1791,97,1219,73,1219,73,2082,133,2082,133,1478,83,1478,83,,,,,2033,122,2033,122,,,,,,,,,,,,
26918,,,,,,,,,,,,,,,,,,,,,1806,257,1806,257,,,,,1836,256,1836,256,,,,,,,,,485,68,485,68,928,108,928,108,686,92,686,92,2513,329,2513,329
41499,,,,,,,,,,,,,,,,,,,,,1817,91,1817,91,,,,,,,,,,,,,,,,,,,,,,,,,,,,,,,,
48863,,,,,,,,,,,,,,,,,,,,,1826,101,1826,101,,,,,907,58,907,58,,,,,,,,,485,24,485,24,1423,72,1423,72,1855,102,1855,102,722,36,722,36
15093,,,,,,,,,,,,,,,,,,,,,1842,260,1842,260,,,,,,,,,,,,,,,,,,,,,,,,,,,,,,,,
11585,,,,,,,,,,,,,,,,,,,,,1855,114,1855,114,,,,,,,,,,,,,,,,,,,,,,,,,,,,,,,,
35593,,,,,,,,,,,,,,,,,,,,,1863,263,1863,263,,,,,,,,,,,,,,,,,,,,,,,,,2389,309,2389,309,,,,
20959,,,,,,,,,,,,,,,,,,,,,1870,137,1870,137,,,,,,,,,1502,137,1502,137,,,,,,,,,,,,,,,,,,,,
15935,,,,,,,,,,,,,,,,,,,,,1870,106,1870,106,,,,,439,27,439,27,,,,,,,,,423,22,423,22,2001,130,2001,130,1115,69,1115,69,1473,92,1473,92
21789,,,,,,,,,,,,,,,,,,,,,1880,108,1880,108,,,,,,,,,,,,,,,,,,,,,,,,,,,,,,,,
46511,,,,,,,,,,,,,,,,,,,,,1895,106,1895,106,,,,,,,,,893,53,893,53,251,10,251,10,1049,60,1049,60,2403,148,2403,148,,,,,,,,
59696,,,,,,,,,,,,,,,,,,,,,1904,108,1904,108,,,,,,,,,,,,,,,,,1508,96,1508,96,1248,89,1248,89,2485,150,2485,150,,,,
19594,,,,,,,,,,,,,,,,,,,,,1914,31,1914,31,,,,,,,,,,,,,,,,,,,,,,,,,,,,,2394,39,2394,39
19192,,,,,,,,,,,,,,,,,,,,,1914,86,1914,86,,,,,,,,,,,,,,,,,,,,,,,,,,,,,,,,
37392,,,,,,,,,,,,,,,,,,,,,1936,200,1936,200,1202,130,1202,130,1351,130,1351,130,,,,,,,,,,,,,,,,,,,,,,,,
5478,,,,,,,,,,,,,,,,,,,,,1965,100,1965,100,,,,,,,,,,,,,,,,,,,,,,,,,,,,,,,,
69570,,,,,,,,,,,,,,,,,,,,,1967,144,1967,144,,,,,,,,,,,,,,,,,,,,,,,,,,,,,,,,
38273,,,,,,,,,,,,,,,,,,,,,1970,103,1970,103,,,,,,,,,,,,,,,,,,,,,,,,,,,,,,,,
58020,,,,,,,,,,,,,,,,,,,,,1977,207,1977,207,,,,,,,,,,,,,,,,,,,,,33,9,33,9,,,,,,,,
45859,,,,,,,,,,,,,,,,,,,,,1978,208,149,23,,,,,,,,,,,,,,,,,1800,225,1800,225,1836,219,1836,219,,,,,,,,
54871,,,,,,,,,,,,,,,,,,,,,1979,121,75,3,,,,,,,,,,,,,,,,,,,,,,,,,,,,,,,,
28154,,,,,,,,,,,,,,,,,,,,,1982,277,211,30,,,,,,,,,,,,,,,,,,,,,,,,,1241,162,1241,162,410,56,410,56
64710,,,,,,,,,,,,,,,,,,,,,,,,,1,1,1,1,702,90,19,6,19,6,12,5,22,2,14,2,1299,168,103,17,24,5,17,5,1558,173,195,29,667,78,146,25
64531,,,,,,,,,,,,,,,,,,,,,,,,,2,1,2,1,332,9,42,1,495,30,45,1,305,15,70,4,191,26,56,11,1423,147,191,26,467,31,118,6,785,43,785,43
64716,,,,,,,,,,,,,,,,,,,,,,,,,3,1,1,1,37,9,10,5,20,5,5,1,51,10,26,4,92,15,33,5,428,52,90,16,285,37,75,10,2386,247,244,28
62345,,,,,,,,,,,,,,,,,,,,,,,,,4,2,4,2,19,6,15,6,377,48,75,18,1305,159,172,30,1537,207,185,14,369,45,369,45,1390,181,1390,181,2354,310,2354,310
73587,,,,,,,,,,,,,,,,,,,,,,,,,5,1,4,1,74,8,13,1,227,13,31,1,,,,,,,,,,,,,,,,,,,,
52043,,,,,,,,,,,,,,,,,,,,,,,,,10,2,9,2,1789,181,214,28,788,39,131,9,746,40,746,40,1267,64,1267,64,175,5,175,5,877,48,877,48,2302,121,2302,121
61875,,,,,,,,,,,,,,,,,,,,,,,,,10,1,5,1,85,8,15,2,1034,87,52,7,21,3,13,2,534,42,85,11,636,40,105,13,309,24,95,9,1187,79,192,21
72507,,,,,,,,,,,,,,,,,,,,,,,,,12,1,12,1,886,130,886,130,,,,,,,,,,,,,,,,,84,9,84,9,2274,297,2274,297
63169,,,,,,,,,,,,,,,,,,,,,,,,,13,1,9,1,173,12,57,2,304,16,65,4,47,5,39,3,2071,256,212,39,1353,168,1353,168,101,9,101,9,1615,189,1615,189
66047,,,,,,,,,,,,,,,,,,,,,,,,,18,2,12,2,38,4,28,4,1104,50,115,6,54,2,45,2,2260,85,219,8,359,13,359,13,2406,98,2406,98,,,,
60118,,,,,,,,,,,,,,,,,,,,,,,,,20,5,8,2,3,1,2,1,436,55,43,11,230,30,38,10,82,9,41,5,339,40,83,11,2468,328,227,20,785,94,165,23
63097,,,,,,,,,,,,,,,,,,,,,,,,,26,3,9,2,841,50,56,4,22,1,14,1,40,4,29,3,64,7,34,7,2393,149,229,23,,,,,,,,
57379,,,,,,,,,,,,,,,,,,,,,,,,,27,6,17,5,1899,241,140,28,113,23,38,14,1017,121,159,28,1935,238,201,35,1991,238,1991,238,238,28,238,28,928,110,928,110
63941,,,,,,,,,,,,,,,,,,,,,,,,,29,7,10,3,22,7,6,3,1070,124,53,13,33,7,19,6,900,120,99,15,190,23,63,10,444,48,115,18,290,42,102,17
9217,,,,,,,,,,,,,,,,,,,,,,,,,33,2,33,2,797,81,797,81,,,,,,,,,968,112,968,112,1279,145,1279,145,1489,155,1489,155,2242,254,2242,254
67339,,,,,,,,,,,,,,,,,,,,,,,,,38,3,20,2,1100,111,125,21,21,6,18,6,1500,170,183,30,767,86,143,27,1774,177,1774,177,2018,206,2018,206,,,,
52520,,,,,,,,,,,,,,,,,,,,,,,,,43,5,28,2,428,34,85,14,1412,69,181,5,52,2,44,2,35,2,35,2,2093,274,2093,274,1002,60,1002,60,,,,
60409,,,,,,,,,,,,,,,,,,,,,,,,,49,5,26,4,191,25,60,12,9,4,8,4,330,48,105,21,207,28,79,16,390,46,390,46,2050,209,2050,209,764,86,764,86
35646,,,,,,,,,,,,,,,,,,,,,,,,,52,4,52,4,1249,138,1249,138,,,,,,,,,246,31,246,31,300,35,300,35,1091,114,1091,114,1753,194,1753,194
69115,,,,,,,,,,,,,,,,,,,,,,,,,52,7,52,7,43,2,43,2,282,14,282,14,425,23,425,23,666,41,666,41,2337,144,2337,144,1207,70,1207,70,347,13,347,13
60346,,,,,,,,,,,,,,,,,,,,,,,,,59,4,27,1,208,9,62,3,123,5,39,4,126,7,70,5,702,32,135,4,,,,,,,,,,,,
57919,,,,,,,,,,,,,,,,,,,,,,,,,63,9,28,3,373,29,43,6,217,22,55,3,913,85,93,10,360,27,108,13,2193,164,221,21,705,55,705,55,53,7,53,7
58457,,,,,,,,,,,,,,,,,,,,,,,,,2,1,1,1,31,8,5,2,52,12,14,3,50,13,12,2,16,1,12,1,17,3,9,2,58,8,58,8,37,6,37,6
65556,,,,,,,,,,,,,,,,,,,,,,,,,77,4,30,3,686,28,101,6,158,9,41,1,1185,42,167,6,941,52,159,10,2109,108,2109,108,1292,53,1292,53,2487,95,2487,95
63618,,,,,,,,,,,,,,,,,,,,,,,,,89,15,33,10,107,17,34,10,626,78,95,21,1571,189,104,22,86,11,49,6,369,45,105,15,213,27,213,27,133,20,133,20
72428,,,,,,,,,,,,,,,,,,,,,,,,,92,10,92,10,1122,163,1122,163,,,,,,,,,,,,,,,,,,,,,,,,
55167,,,,,,,,,,,,,,,,,,,,,,,,,92,4,92,4,1351,88,1351,88,1465,82,1465,82,1167,68,1167,68,1781,109,1781,109,580,44,580,44,1027,51,1027,51,1913,115,1913,115
53597,,,,,,,,,,,,,,,,,,,,,,,,,103,4,35,4,273,6,70,1,1680,96,140,6,115,5,66,4,305,12,99,6,369,19,369,19,2427,99,2427,99,198,7,198,7
67820,,,,,,,,,,,,,,,,,,,,,,,,,119,15,119,15,1078,155,1078,155,893,142,893,142,493,60,493,60,1019,143,1019,143,1173,146,1173,146,2018,268,2018,268,1204,156,1204,156
55722,,,,,,,,,,,,,,,,,,,,,,,,,119,6,12,1,,,,,,,,,,,,,,,,,1580,109,197,21,423,29,110,13,1615,101,1615,101
60152,,,,,,,,,,,,,,,,,,,,,,,,,155,15,44,6,166,23,55,10,1668,182,139,23,48,9,40,8,2024,216,207,33,153,17,153,17,1421,149,1421,149,1670,182,1670,182
65434,,,,,,,,,,,,,,,,,,,,,,,,,155,25,44,14,385,54,79,16,748,87,100,23,270,37,93,20,741,96,139,24,300,37,300,37,613,62,613,62,2508,297,2508,297
53054,,,,,,,,,,,,,,,,,,,,,,,,,155,11,65,4,60,4,36,2,1478,77,185,9,1000,50,158,7,1019,61,1019,61,1956,110,1956,110,1326,74,1326,74,1870,124,1870,124
68725,,,,,,,,,,,,,,,,,,,,,,,,,160,16,160,16,166,11,166,11,,,,,,,,,941,31,941,31,529,19,529,19,746,27,746,27,1383,42,1383,42
70046,,,,,,,,,,,,,,,,,,,,,,,,,165,26,165,26,702,90,702,90,532,67,532,67,1270,153,1270,153,2212,270,2212,270,877,112,877,112,1997,231,1997,231,,,,
57861,,,,,,,,,,,,,,,,,,,,,,,,,192,9,192,9,797,41,797,41,304,15,304,15,673,37,673,37,1603,96,1603,96,339,17,339,17,359,18,359,18,684,31,684,31
53001,,,,,,,,,,,,,,,,,,,,,,,,,192,9,192,9,1637,81,1637,81,,,,,,,,,,,,,,,,,1027,82,1027,82,399,27,399,27
65206,,,,,,,,,,,,,,,,,,,,,,,,,217,22,217,22,1480,143,1480,143,145,21,145,21,1571,88,1571,88,821,48,821,48,2152,112,2152,112,481,52,481,52,,,,
57282,,,,,,,,,,,,,,,,,,,,,,,,,232,16,53,4,955,49,60,2,47,3,27,3,870,42,92,4,1417,82,180,6,190,10,74,2,2404,132,2404,132,740,55,740,55
63308,,,,,,,,,,,,,,,,,,,,,,,,,232,21,53,2,1962,228,143,5,1641,206,136,7,,,,,,,,,1476,169,1476,169,,,,,,,,
59794,,,,,,,,,,,,,,,,,,,,,,,,,240,27,82,11,972,99,115,19,113,18,44,9,117,25,67,14,571,68,571,68,34,10,34,10,257,36,257,36,1204,130,1204,130
59443,,,,,,,,,,,,,,,,,,,,,,,,,247,8,56,5,2118,103,64,5,,,,,,,,,,,,,,,,,,,,,,,,
62480,,,,,,,,,,,,,,,,,,,,,,,,,261,32,97,20,1044,134,1044,134,,,,,,,,,,,,,1043,129,1043,129,2163,259,2163,259,1137,139,1137,139
72558,,,,,,,,,,,,,,,,,,,,,,,,,273,15,98,6,,,,,,,,,,,,,,,,,,,,,,,,,,,,
63765,,,,,,,,,,,,,,,,,,,,,,,,,273,15,273,15,1170,57,1170,57,,,,,,,,,1267,70,1267,70,1580,90,1580,90,907,59,907,59,952,38,952,38
55974,,,,,,,,,,,,,,,,,,,,,,,,,286,17,57,4,261,12,69,7,330,17,68,3,531,30,126,10,374,22,110,6,2120,101,2120,101,1644,94,1644,94,,,,
62482,,,,,,,,,,,,,,,,,,,,,,,,,296,38,102,23,341,47,102,21,1252,153,1252,153,1460,179,1460,179,637,84,637,84,83,10,83,10,1137,119,1137,119,1025,125,1025,125
26581,,,,,,,,,,,,,,,,,,,,,,,,,296,17,296,17,1919,119,1919,119,,,,,,,,,1169,68,1169,68,,,,,,,,,,,,
438,,,,,,,,,,,,,,,,,,,,,,,,,308,43,308,43,2082,284,2082,284,,,,,,,,,,,,,1423,182,1423,182,1438,189,1438,189,845,104,845,104
50834,,,,,,,,,,,,,,,,,,,,,,,,,314,25,58,6,4,1,3,1,669,64,96,13,717,61,86,9,2285,136,220,11,,,,,,,,,,,,
59026,,,,,,,,,,,,,,,,,,,,,,,,,326,33,326,33,628,64,628,64,,,,,,,,,,,,,,,,,,,,,,,,
58126,,,,,,,,,,,,,,,,,,,,,,,,,343,48,343,48,1295,184,1295,184,823,128,823,128,1017,157,1017,157,650,90,650,90,2179,286,2179,286,230,24,230,24,1473,198,1473,198
50806,,,,,,,,,,,,,,,,,,,,,,,,,356,25,93,6,185,14,75,5,94,3,41,2,531,66,531,66,1299,139,1299,139,,,,,,,,,722,37,722,37
67181,,,,,,,,,,,,,,,,,,,,,,,,,368,33,368,33,195,15,195,15,999,84,999,84,1440,137,1440,137,1508,116,1508,116,2291,172,2291,172,2367,182,2367,182,1383,42,1383,42
61403,,,,,,,,,,,,,,,,,,,,,,,,,375,49,94,22,817,106,153,31,748,87,128,25,244,33,244,33,181,28,181,28,1705,202,1705,202,2314,280,2314,280,667,78,667,78
48158,,,,,,,,,,,,,,,,,,,,,,,,,375,22,375,22,1819,112,1819,112,,,,,,,,,590,34,590,34,985,71,985,71,1539,95,1539,95,1328,82,1328,82
28505,,,,,,,,,,,,,,,,,,,,,,,,,375,22,375,22,1985,96,1985,96,933,49,933,49,1167,62,1167,62,555,32,555,32,1502,76,1502,76,1292,76,1292,76,892,50,892,50
29034,,,,,,,,,,,,,,,,,,,,,,,,,400,26,400,26,1678,100,1678,100,,,,,,,,,637,39,637,39,1197,87,1197,87,1620,99,1620,99,624,48,624,48
71980,,,,,,,,,,,,,,,,,,,,,,,,,408,54,408,54,1678,213,1678,213,823,95,823,95,1419,174,1419,174,1417,185,1417,185,529,69,529,69,1708,197,1708,197,1301,157,1301,157
54668,,,,,,,,,,,,,,,,,,,,,,,,,15,1,3,1,50,1,15,1,36,1,10,1,15,1,8,1,69,6,23,2,71,8,71,8,4,2,4,2,74,8,74,8
72136,,,,,,,,,,,,,,,,,,,,,,,,,15,4,15,4,10,4,10,4,67,16,67,16,44,7,44,7,33,4,33,4,44,8,44,8,88,18,88,18,108,21,108,21
72649,,,,,,,,,,,,,,,,,,,,,,,,,473,22,473,22,486,23,486,23,,,,,,,,,147,5,147,5,1043,42,1043,42,,,,,,,,
72127,,,,,,,,,,,,,,,,,,,,,,,,,522,47,123,11,,,,,,,,,,,,,,,,,,,,,,,,,,,,
58470,,,,,,,,,,,,,,,,,,,,,,,,,522,29,17,2,153,6,17,1,400,19,41,1,121,9,34,1,360,20,79,2,1476,75,138,4,725,42,146,6,503,26,129,6
59846,,,,,,,,,,,,,,,,,,,,,,,,,522,71,63,4,841,120,107,8,,,,,,,,,,,,,,,,,,,,,,,,
72510,,,,,,,,,,,,,,,,,,,,,,,,,23,6,7,3,,,,,,,,,,,,,,,,,,,,,,,,,,,,
73938,,,,,,,,,,,,,,,,,,,,,,,,,541,38,541,38,428,28,428,28,1070,64,1070,64,1345,73,1345,73,496,31,496,31,,,,,,,,,,,,
6358,,,,,,,,,,,,,,,,,,,,,,,,,541,75,541,75,2058,258,2058,258,,,,,,,,,,,,,,,,,1461,153,1461,153,684,83,684,83
47088,,,,,,,,,,,,,,,,,,,,,,,,,558,5,558,5,1919,31,1919,31,,,,,,,,,,,,,,,,,,,,,,,,
6000,,,,,,,,,,,,,,,,,,,,,,,,,573,62,573,62,717,80,717,80,1394,150,1394,150,964,120,964,120,534,64,534,64,1445,150,1445,150,1997,204,1997,204,1071,113,1071,113
10252,,,,,,,,,,,,,,,,,,,,,,,,,573,32,573,32,1378,94,1378,94,,,,,,,,,1884,107,1884,107,2337,152,2337,152,,,,,549,42,549,42
23704,,,,,,,,,,,,,,,,,,,,,,,,,573,51,573,51,1789,136,1789,136,,,,,,,,,1583,123,1583,123,2386,180,2386,180,,,,,,,,
68424,,,,,,,,,,,,,,,,,,,,,,,,,573,32,573,32,1480,73,1480,73,,,,,,,,,2061,102,2061,102,,,,,,,,,432,21,432,21
38570,,,,,,,,,,,,,,,,,,,,,,,,,573,58,573,58,2019,234,2019,234,,,,,,,,,702,76,702,76,820,93,820,93,1185,125,1185,125,1541,165,1541,165
43601,,,,,,,,,,,,,,,,,,,,,,,,,26,8,12,6,92,17,92,17,,,,,46,12,46,12,22,3,22,3,39,8,39,8,119,15,119,15,,,,
27610,,,,,,,,,,,,,,,,,,,,,,,,,595,35,595,35,1805,90,1805,90,123,8,123,8,106,6,106,6,2095,124,2095,124,962,50,962,50,1292,78,1292,78,490,19,490,19
42513,,,,,,,,,,,,,,,,,,,,,,,,,595,27,595,27,320,7,320,7,893,59,893,59,360,18,360,18,722,43,722,43,820,44,820,44,2325,122,2325,122,146,6,146,6
8708,,,,,,,,,,,,,,,,,,,,,,,,,595,78,595,78,1657,236,1657,236,145,25,145,25,1419,215,1419,215,994,139,994,139,1380,176,1380,176,1027,130,1027,130,928,118,928,118
71597,,,,,,,,,,,,,,,,,,,,,,,,,606,61,606,61,66,7,66,7,669,78,669,78,1105,134,1105,134,1953,237,1953,237,,,,,,,,,,,,
54649,,,,,,,,,,,,,,,,,,,,,,,,,624,6,136,3,1985,33,229,3,,,,,,,,,1989,26,1989,26,2207,34,2207,34,1855,33,1855,33,,,,
29103,,,,,,,,,,,,,,,,,,,,,,,,,624,85,624,85,2058,282,2058,282,1223,192,1223,192,330,41,330,41,440,63,440,63,597,75,597,75,1207,153,1207,153,2532,332,2532,332
12166,,,,,,,,,,,,,,,,,,,,,,,,,624,55,624,55,439,37,439,37,1412,128,1412,128,964,89,964,89,1832,144,1832,144,798,50,798,50,1489,126,1489,126,,,,
60418,,,,,,,,,,,,,,,,,,,,,,,,,624,84,65,16,97,16,46,12,69,16,30,10,478,63,119,23,1698,211,191,33,529,69,529,69,467,50,467,50,1966,232,1966,232
72104,,,,,,,,,,,,,,,,,,,,,,,,,653,57,653,57,1122,87,1122,87,123,8,123,8,117,13,117,13,1678,132,1678,132,689,44,689,44,2207,170,2207,170,1114,73,1114,73
61499,,,,,,,,,,,,,,,,,,,,,,,,,670,60,670,60,1789,136,1789,136,,,,,305,25,305,25,1113,87,1113,87,1248,83,1248,83,985,79,985,79,2374,166,2374,166
57489,,,,,,,,,,,,,,,,,,,,,,,,,670,68,113,5,1378,151,193,10,113,8,44,2,1335,166,1335,166,423,45,423,45,820,93,820,93,1558,162,1558,162,384,47,384,47
34313,,,,,,,,,,,,,,,,,,,,,,,,,698,98,114,11,2184,295,147,14,123,20,47,6,305,34,99,6,114,12,114,12,2328,314,2328,314,2050,271,2050,271,1728,231,1728,231
46980,,,,,,,,,,,,,,,,,,,,,,,,,31,2,9,1,99,3,29,1,,,,,,,,,69,1,69,1,53,2,53,2,97,2,97,2,,,,
16036,,,,,,,,,,,,,,,,,,,,,,,,,698,41,698,41,1867,97,1867,97,,,,,,,,,,,,,,,,,,,,,,,,
18973,,,,,,,,,,,,,,,,,,,,,,,,,729,75,729,75,1637,194,1637,194,,,,,,,,,1989,240,1989,240,,,,,,,,,1989,115,1989,115
30397,,,,,,,,,,,,,,,,,,,,,,,,,729,48,729,48,1705,109,1705,109,626,36,626,36,1387,77,1387,77,,,,,,,,,,,,,,,,
73123,,,,,,,,,,,,,,,,,,,,,,,,,755,32,755,32,,,,,,,,,,,,,,,,,,,,,,,,,,,,
10928,,,,,,,,,,,,,,,,,,,,,,,,,755,66,755,66,2177,172,2177,172,,,,,,,,,,,,,,,,,,,,,,,,
74069,,,,,,,,,,,,,,,,,,,,,,,,,775,112,117,12,,,,,,,,,,,,,,,,,,,,,,,,,,,,
42630,,,,,,,,,,,,,,,,,,,,,,,,,793,32,793,32,1617,76,1617,76,1394,88,1394,88,824,47,824,47,1392,71,1392,71,369,19,369,19,985,55,985,55,2069,119,2069,119
2648,,,,,,,,,,,,,,,,,,,,,,,,,793,45,793,45,25,1,25,1,999,48,999,48,1305,64,1305,64,1113,63,1113,63,2093,116,2093,116,2066,112,2066,112,624,28,624,28
7632,,,,,,,,,,,,,,,,,,,,,,,,,800,48,800,48,2152,134,2152,134,,,,,198,8,198,8,1858,106,1858,106,486,31,486,31,2499,168,2499,168,,,,
53352,,,,,,,,,,,,,,,,,,,,,,,,,824,51,824,51,353,22,353,22,626,36,626,36,992,63,992,63,1537,85,1537,85,2129,134,2129,134,198,22,198,22,1585,125,1585,125
48366,,,,,,,,,,,,,,,,,,,,,,,,,824,120,824,120,1295,184,1295,184,788,119,788,119,925,139,925,139,374,52,374,52,962,114,962,114,2314,298,2314,298,,,,
49140,,,,,,,,,,,,,,,,,,,,,,,,,824,49,824,49,1576,78,1576,78,77,5,77,5,1500,77,1500,77,767,48,767,48,2269,125,2269,125,,,,,2195,108,2195,108
52539,,,,,,,,,,,,,,,,,,,,,,,,,844,40,844,40,611,28,611,28,703,39,703,39,493,27,493,27,838,44,838,44,774,49,774,49,403,27,403,27,1849,123,1849,123
8507,,,,,,,,,,,,,,,,,,,,,,,,,844,93,844,93,,,,,,,,,,,,,,,,,,,,,,,,,,,,
54665,,,,,,,,,,,,,,,,,,,,,,,,,864,101,155,8,1100,123,1100,123,588,70,588,70,149,15,149,15,1562,166,1562,166,144,16,144,16,1461,153,1461,153,1301,137,1301,137
63772,,,,,,,,,,,,,,,,,,,,,,,,,879,76,879,76,1196,94,1196,94,,,,,,,,,,,,,,,,,1207,97,1207,97,,,,
49587,,,,,,,,,,,,,,,,,,,,,,,,,915,109,915,109,1378,151,1378,151,,,,,,,,,1196,142,1196,142,1836,219,1836,219,,,,,,,,
53949,,,,,,,,,,,,,,,,,,,,,,,,,915,43,123,6,7,1,7,1,400,22,97,7,1053,55,161,8,2033,116,2033,116,1141,67,1141,67,1931,109,1931,109,37,3,37,3
48886,,,,,,,,,,,,,,,,,,,,,,,,,915,56,915,56,955,61,955,61,,,,,,,,,876,46,876,46,1248,89,1248,89,372,26,372,26,2364,144,2364,144
62431,,,,,,,,,,,,,,,,,,,,,,,,,934,56,71,1,100,5,33,2,349,21,70,4,657,42,83,4,683,43,133,7,1882,113,210,17,50,6,50,6,2471,178,2471,178
52795,,,,,,,,,,,,,,,,,,,,,,,,,934,42,934,42,1819,90,1819,90,,,,,,,,,,,,,,,,,109,7,109,7,807,47,807,47
47617,,,,,,,,,,,,,,,,,,,,,,,,,934,45,934,45,273,13,273,13,,,,,,,,,1461,87,1461,87,1858,106,1858,106,372,23,372,23,1518,98,1518,98
25387,,,,,,,,,,,,,,,,,,,,,,,,,962,47,962,47,1678,78,1678,78,703,42,703,42,,,,,,,,,655,32,655,32,,,,,,,,
58228,,,,,,,,,,,,,,,,,,,,,,,,,978,116,978,116,1480,189,1480,189,1433,173,1433,173,305,42,305,42,1196,156,1196,156,1401,174,1401,174,1055,110,1055,110,1989,236,1989,236
22630,,,,,,,,,,,,,,,,,,,,,,,,,978,59,978,59,817,43,817,43,,,,,,,,,485,32,485,32,1750,97,1750,97,,,,,,,,
37047,,,,,,,,,,,,,,,,,,,,,,,,,978,102,978,102,817,90,817,90,,,,,,,,,,,,,,,,,,,,,,,,
41127,,,,,,,,,,,,,,,,,,,,,,,,,1001,50,1001,50,551,21,551,21,1546,92,1546,92,1524,83,1524,83,,,,,,,,,,,,,,,,
68673,,,,,,,,,,,,,,,,,,,,,,,,,1001,119,1001,119,756,74,756,74,,,,,,,,,,,,,,,,,,,,,,,,
38743,,,,,,,,,,,,,,,,,,,,,,,,,43,9,43,9,36,2,36,2,9,4,9,4,32,6,32,6,34,5,34,5,100,15,100,15,92,13,92,13,44,7,44,7
49439,,,,,,,,,,,,,,,,,,,,,,,,,1001,119,167,9,1754,209,212,13,436,50,436,50,806,85,806,85,138,14,138,14,1476,169,1476,169,2066,226,2066,226,2332,266,2332,266
54719,,,,,,,,,,,,,,,,,,,,,,,,,1038,107,1038,107,,,,,,,,,,,,,,,,,,,,,788,79,788,79,643,76,643,76
42277,,,,,,,,,,,,,,,,,,,,,,,,,1038,60,1038,60,1459,94,1459,94,,,,,,,,,,,,,,,,,,,,,,,,
56913,,,,,,,,,,,,,,,,,,,,,,,,,1038,107,73,10,185,24,59,11,,,,,,,,,,,,,,,,,14,3,14,3,2195,146,2195,146
10717,,,,,,,,,,,,,,,,,,,,,,,,,1059,50,1059,50,1044,51,1044,51,1433,67,1433,67,183,14,183,14,722,39,722,39,1096,57,1096,57,1896,105,1896,105,981,56,981,56
42412,,,,,,,,,,,,,,,,,,,,,,,,,1081,137,1081,137,1637,208,1637,208,,,,,,,,,,,,,,,,,,,,,,,,
73138,,,,,,,,,,,,,,,,,,,,,,,,,1081,113,1081,113,,,,,,,,,,,,,,,,,,,,,,,,,,,,
25723,,,,,,,,,,,,,,,,,,,,,,,,,1107,140,1107,140,2058,258,2058,258,823,95,823,95,746,95,746,95,856,116,856,116,715,88,715,88,2234,266,2234,266,892,104,892,104
58186,,,,,,,,,,,,,,,,,,,,,,,,,1107,88,1107,88,1919,145,1919,145,1518,138,1518,138,1125,99,1125,99,1339,106,1339,106,1248,65,1248,65,1292,76,1292,76,892,50,892,50
54742,,,,,,,,,,,,,,,,,,,,,,,,,47,8,13,2,,,,,,,,,55,8,55,8,63,13,63,13,51,8,51,8,,,,,,,,
57775,,,,,,,,,,,,,,,,,,,,,,,,,1132,64,1132,64,74,6,74,6,,,,,,,,,534,36,534,36,912,66,912,66,322,16,322,16,2364,137,2364,137
423,,,,,,,,,,,,,,,,,,,,,,,,,1173,55,1173,55,1196,58,1196,58,703,42,703,42,1270,70,1270,70,,,,,2016,103,2016,103,,,,,,,,
72686,,,,,,,,,,,,,,,,,,,,,,,,,1173,166,1173,166,428,60,428,60,588,86,588,86,,,,,,,,,,,,,2152,280,2152,280,384,51,384,51
54815,,,,,,,,,,,,,,,,,,,,,,,,,1202,130,1202,130,1170,115,1170,115,,,,,,,,,,,,,,,,,,,,,,,,
68733,,,,,,,,,,,,,,,,,,,,,,,,,1202,169,1202,169,907,133,907,133,1282,200,1282,200,1305,202,1305,202,,,,,,,,,2427,314,2427,314,684,83,684,83
60452,,,,,,,,,,,,,,,,,,,,,,,,,1202,52,1202,52,2019,98,2019,98,,,,,425,23,425,23,2189,112,2189,112,,,,,1207,70,1207,70,1301,72,1301,72
20955,,,,,,,,,,,,,,,,,,,,,,,,,1219,93,1219,93,1805,138,1805,138,,,,,,,,,,,,,,,,,,,,,,,,
72687,,,,,,,,,,,,,,,,,,,,,,,,,1219,172,1219,172,866,125,866,125,,,,,,,,,,,,,,,,,,,,,,,,
4134,,,,,,,,,,,,,,,,,,,,,,,,,1245,152,1245,152,1100,123,1100,123,349,39,349,39,981,108,981,108,994,116,994,116,1641,194,1641,194,2066,226,2066,226,2033,226,2033,226
43815,,,,,,,,,,,,,,,,,,,,,,,,,51,1,15,1,14,1,7,1,24,10,11,3,21,5,11,3,85,13,85,13,61,2,61,2,52,9,52,9,112,22,112,22
67300,,,,,,,,,,,,,,,,,,,,,,,,,1260,135,1260,135,1459,142,1459,142,1223,132,1223,132,,,,,1989,215,1989,215,,,,,,,,,,,,
53861,,,,,,,,,,,,,,,,,,,,,,,,,1279,56,1279,56,,,,,,,,,1561,83,1561,83,,,,,1043,63,1043,63,2487,136,2487,136,,,,
23884,,,,,,,,,,,,,,,,,,,,,,,,,1279,77,1279,77,208,18,208,18,999,59,999,59,374,19,374,19,683,42,683,42,1597,109,1597,109,1421,83,1421,83,1670,97,1670,97
5359,,,,,,,,,,,,,,,,,,,,,,,,,1279,56,1279,56,2180,112,2180,112,,,,,,,,,,,,,,,,,,,,,722,54,722,54
39414,,,,,,,,,,,,,,,,,,,,,,,,,1279,186,1279,186,1044,151,1044,151,669,102,669,102,478,56,478,56,1945,248,1945,248,928,108,928,108,481,60,481,60,827,102,827,102
1984,,,,,,,,,,,,,,,,,,,,,,,,,1279,186,1279,186,1529,216,1529,216,856,135,856,135,1571,240,1571,240,,,,,2001,262,2001,262,,,,,,,,
72292,,,,,,,,,,,,,,,,,,,,,,,,,1306,142,1306,142,439,50,439,50,1587,171,1587,171,848,105,848,105,968,106,968,106,428,52,428,52,2414,243,2414,243,539,61,539,61
1110,,,,,,,,,,,,,,,,,,,,,,,,,1328,80,1328,80,,,,,,,,,,,,,,,,,,,,,,,,,,,,
46245,,,,,,,,,,,,,,,,,,,,,,,,,1328,106,1328,106,1705,129,1705,129,,,,,,,,,1815,141,1815,141,2395,182,2395,182,,,,,,,,
65051,,,,,,,,,,,,,,,,,,,,,,,,,1367,85,1367,85,,,,,1660,99,1660,99,1284,85,1284,85,,,,,,,,,,,,,,,,
59788,,,,,,,,,,,,,,,,,,,,,,,,,1367,167,75,18,7,3,6,3,,,,,,,,,168,24,72,11,116,13,55,9,1997,231,1997,231,95,13,95,13
42054,,,,,,,,,,,,,,,,,,,,,,,,,1367,167,1367,167,994,109,994,109,138,13,138,13,236,27,236,27,374,39,374,39,1899,232,1899,232,2142,238,2142,238,453,52,453,52
37649,,,,,,,,,,,,,,,,,,,,,,,,,1386,172,1386,172,1617,190,1617,190,1223,147,1223,147,562,62,562,62,1562,186,1562,186,580,65,580,65,1592,167,1592,167,1137,124,1137,124
49956,,,,,,,,,,,,,,,,,,,,,,,,,1401,176,1401,176,994,109,994,109,999,116,999,116,944,100,944,100,968,112,968,112,985,113,985,113,1115,116,1115,116,1364,146,1364,146
33505,,,,,,,,,,,,,,,,,,,,,,,,,1423,86,1423,86,,,,,,,,,,,,,,,,,,,,,,,,,,,,
7299,,,,,,,,,,,,,,,,,,,,,,,,,1446,178,1446,178,499,62,499,62,,,,,,,,,856,116,856,116,1858,222,1858,222,1826,211,1826,211,,,,
72175,,,,,,,,,,,,,,,,,,,,,,,,,1446,178,190,37,,,,,,,,,,,,,,,,,,,,,686,52,686,52,1891,119,1891,119
3571,,,,,,,,,,,,,,,,,,,,,,,,,1484,184,1484,184,,,,,748,87,748,87,1028,119,1028,119,1678,202,1678,202,2075,205,2075,205,2101,215,2101,215,952,103,952,103
8604,,,,,,,,,,,,,,,,,,,,,,,,,1509,213,1509,213,,,,,,,,,,,,,,,,,,,,,,,,,,,,
56293,,,,,,,,,,,,,,,,,,,,,,,,,63,3,63,3,25,1,25,1,53,1,53,1,77,1,77,1,,,,,43,1,43,1,77,1,77,1,,,,
29166,,,,,,,,,,,,,,,,,,,,,,,,,1550,197,1550,197,1219,150,1219,150,,,,,,,,,,,,,,,,,,,,,10,1,10,1
67075,,,,,,,,,,,,,,,,,,,,,,,,,66,19,66,19,36,12,36,12,55,13,55,13,76,17,76,17,,,,,,,,,,,,,,,,
35219,,,,,,,,,,,,,,,,,,,,,,,,,66,4,66,4,59,2,59,2,,,,,,,,,,,,,,,,,,,,,,,,
65758,,,,,,,,,,,,,,,,,,,,,,,,,1596,221,1596,221,779,114,779,114,243,41,243,41,1432,216,1432,216,153,19,153,19,2217,293,2217,293,877,116,877,116,1328,169,1328,169
26290,,,,,,,,,,,,,,,,,,,,,,,,,1629,163,1629,163,373,46,373,46,,,,,,,,,1562,166,1562,166,1787,178,1787,178,,,,,,,,
46016,,,,,,,,,,,,,,,,,,,,,,,,,1629,79,1629,79,,,,,,,,,,,,,1019,61,1019,61,2217,121,2217,121,,,,,,,,
1646,,,,,,,,,,,,,,,,,,,,,,,,,1646,95,1646,95,35,4,35,4,,,,,,,,,1972,116,1972,116,1580,109,1580,109,877,52,877,52,2016,127,2016,127
4151,,,,,,,,,,,,,,,,,,,,,,,,,1663,214,1663,214,,,,,123,10,123,10,1377,171,1377,171,2152,261,2152,261,,,,,,,,,,,,
27461,,,,,,,,,,,,,,,,,,,,,,,,,1663,110,1663,110,,,,,,,,,,,,,,,,,,,,,,,,,,,,
12064,,,,,,,,,,,,,,,,,,,,,,,,,1686,211,1686,211,,,,,626,78,626,78,1149,137,1149,137,1367,177,1367,177,2323,286,2323,286,,,,,1801,211,1801,211
51527,,,,,,,,,,,,,,,,,,,,,,,,,1686,217,199,12,138,12,138,12,1518,186,1518,186,1167,142,1167,142,1392,162,1392,162,1956,240,1956,240,1292,133,1292,133,1071,119,1071,119
58203,,,,,,,,,,,,,,,,,,,,,,,,,1686,24,1686,24,628,9,628,9,,,,,,,,,1832,25,1832,25,339,5,339,5,1390,25,1390,25,330,5,330,5
59186,,,,,,,,,,,,,,,,,,,,,,,,,1700,212,140,31,,,,,,,,,,,,,,,,,,,,,,,,,,,,
55760,,,,,,,,,,,,,,,,,,,,,,,,,1700,239,1700,239,,,,,,,,,,,,,,,,,,,,,,,,,,,,
46119,,,,,,,,,,,,,,,,,,,,,,,,,1700,128,1700,128,866,69,866,69,1034,87,1034,87,539,49,539,49,2078,162,2078,162,655,43,655,43,372,29,372,29,2132,140,2132,140
72133,,,,,,,,,,,,,,,,,,,,,,,,,71,21,71,21,,,,,,,,,,,,,25,2,25,2,84,15,84,15,111,22,111,22,,,,
53773,,,,,,,,,,,,,,,,,,,,,,,,,1737,85,205,12,397,20,397,20,,,,,,,,,,,,,,,,,,,,,,,,
11907,,,,,,,,,,,,,,,,,,,,,,,,,1737,219,1737,219,1351,170,1351,170,1587,201,1587,201,,,,,,,,,,,,,,,,,,,,
47551,,,,,,,,,,,,,,,,,,,,,,,,,1777,100,1777,100,,,,,,,,,,,,,,,,,,,,,,,,,,,,
26976,,,,,,,,,,,,,,,,,,,,,,,,,1786,134,1786,134,,,,,,,,,730,63,730,63,1196,95,1196,95,1248,83,1248,83,1137,89,1137,89,,,,
60140,,,,,,,,,,,,,,,,,,,,,,,,,1796,102,207,14,70,5,43,2,243,10,243,10,673,44,673,44,,,,,,,,,,,,,,,,
47689,,,,,,,,,,,,,,,,,,,,,,,,,1812,104,1812,104,,,,,,,,,,,,,1678,96,1678,96,843,60,843,60,2234,130,2234,130,,,,
10383,,,,,,,,,,,,,,,,,,,,,,,,,1820,258,1820,258,,,,,,,,,,,,,,,,,,,,,1558,203,1558,203,2288,301,2288,301
6388,,,,,,,,,,,,,,,,,,,,,,,,,1820,101,1820,101,,,,,,,,,,,,,,,,,,,,,,,,,,,,
35542,,,,,,,,,,,,,,,,,,,,,,,,,1832,106,1832,106,1779,110,1779,110,,,,,,,,,2045,123,2045,123,,,,,,,,,,,,
58159,,,,,,,,,,,,,,,,,,,,,,,,,1842,179,1842,179,1019,102,1019,102,1478,160,1478,160,1292,148,1292,148,,,,,,,,,,,,,1301,141,1301,141
58351,,,,,,,,,,,,,,,,,,,,,,,,,1842,27,1842,27,1328,24,1328,24,47,2,47,2,374,2,374,2,,,,,,,,,,,,,,,,
7022,,,,,,,,,,,,,,,,,,,,,,,,,1863,90,1863,90,,,,,,,,,,,,,1935,113,1935,113,,,,,,,,,,,,
1877,,,,,,,,,,,,,,,,,,,,,,,,,1863,107,1863,107,,,,,1070,64,1070,64,1115,66,1115,66,,,,,,,,,,,,,,,,
44275,,,,,,,,,,,,,,,,,,,,,,,,,1876,266,1876,266,,,,,89,13,89,13,1087,172,1087,172,1623,215,1623,215,2233,296,2233,296,,,,,,,,
44362,,,,,,,,,,,,,,,,,,,,,,,,,1900,235,1900,235,,,,,,,,,,,,,,,,,,,,,,,,,,,,
29153,,,,,,,,,,,,,,,,,,,,,,,,,1900,235,1900,235,,,,,,,,,,,,,,,,,,,,,,,,,,,,
30080,,,,,,,,,,,,,,,,,,,,,,,,,1909,143,1909,143,2089,164,2089,164,,,,,,,,,,,,,,,,,,,,,,,,
30533,,,,,,,,,,,,,,,,,,,,,,,,,1917,123,1917,123,,,,,,,,,,,,,,,,,,,,,1539,108,1539,108,1941,148,1941,148
56160,,,,,,,,,,,,,,,,,,,,,,,,,1917,92,1917,92,,,,,,,,,,,,,,,,,,,,,,,,,,,,
2723,,,,,,,,,,,,,,,,,,,,,,,,,1926,244,1926,244,,,,,,,,,,,,,,,,,,,,,,,,,,,,
67265,,,,,,,,,,,,,,,,,,,,,,,,,1937,188,1937,188,,,,,1311,139,1311,139,1260,144,1260,144,,,,,,,,,,,,,,,,
42645,,,,,,,,,,,,,,,,,,,,,,,,,1960,95,1960,95,,,,,1502,90,1502,90,1243,68,1243,68,,,,,621,30,621,30,1620,87,1620,87,1706,96,1706,96
20150,,,,,,,,,,,,,,,,,,,,,,,,,1960,96,1960,96,1122,55,1122,55,,,,,,,,,921,50,921,50,672,39,672,39,931,58,931,58,2097,136,2097,136
44618,,,,,,,,,,,,,,,,,,,,,,,,,1960,242,1960,242,,,,,,,,,,,,,289,43,289,43,2140,259,2140,259,1514,164,1514,164,590,70,590,70
15896,,,,,,,,,,,,,,,,,,,,,,,,,1969,97,1969,97,,,,,,,,,,,,,,,,,,,,,,,,,,,,
23701,,,,,,,,,,,,,,,,,,,,,,,,,1969,279,1969,279,,,,,,,,,,,,,,,,,,,,,,,,,,,,
11650,,,,,,,,,,,,,,,,,,,,,,,,,1971,98,1971,98,,,,,,,,,,,,,,,,,,,,,,,,,1891,126,1891,126
60032,,,,,,,,,,,,,,,,,,,,,,,,,1974,280,78,6,,,,,,,,,,,,,,,,,,,,,,,,,,,,
45703,,,,,,,,,,,,,,,,,,,,,,,,,1974,280,1974,280,,,,,,,,,,,,,,,,,,,,,,,,,,,,
59774,,,,,,,,,,,,,,,,,,,,,,,,,1994,113,1994,113,,,,,,,,,,,,,,,,,,,,,1777,107,1777,107,1801,109,1801,109
57097,,,,,,,,,,,,,,,,,,,,,,,,,1998,255,79,3,,,,,,,,,,,,,,,,,,,,,,,,,,,,
10100,,,,,,,,,,,,,,,,,,,,,,,,,1998,150,1998,150,,,,,,,,,,,,,,,,,,,,,,,,,,,,
45624,,,,,,,,,,,,,,,,,,,,,,,,,2016,285,2016,285,,,,,1546,246,1546,246,1115,177,1115,177,1735,227,1735,227,,,,,1390,181,1390,181,2229,291,2229,291
24117,,,,,,,,,,,,,,,,,,,,,,,,,2016,154,2016,154,,,,,1546,141,1546,141,,,,,,,,,,,,,359,27,359,27,2048,133,2048,133
46915,,,,,,,,,,,,,,,,,,,,,,,,,2022,155,2022,155,,,,,1126,95,1126,95,531,47,531,47,900,70,900,70,1614,114,1614,114,763,61,763,61,2559,180,2559,180
36074,,,,,,,,,,,,,,,,,,,,,,,,,2043,105,2043,105,,,,,,,,,,,,,,,,,2233,123,2233,123,,,,,2491,159,2491,159
59411,,,,,,,,,,,,,,,,,,,,,,,,,2047,255,149,32,,,,,,,,,,,,,,,,,1882,225,1882,225,643,65,643,65,,,,
26058,,,,,,,,,,,,,,,,,,,,,,,,,2055,196,2055,196,,,,,1450,157,1450,157,1478,165,1478,165,,,,,774,90,774,90,2279,259,2279,259,1870,206,1870,206
53078,,,,,,,,,,,,,,,,,,,,,,,,,2056,116,2056,116,,,,,,,,,,,,,,,,,,,,,1461,90,1461,90,2187,132,2187,132
57575,,,,,,,,,,,,,,,,,,,,,,,,,2062,117,224,11,,,,,,,,,,,,,571,32,571,32,580,39,580,39,128,9,128,9,1518,94,1518,94
59413,,,,,,,,,,,,,,,,,,,,,,,,,2066,256,80,19,,,,,,,,,,,,,,,,,,,,,,,,,,,,
14513,,,,,,,,,,,,,,,,,,,,,,,,,2068,257,2068,257,,,,,,,,,,,,,,,,,,,,,,,,,,,,
10897,,,,,,,,,,,,,,,,,,,,,,,,,2070,265,2070,265,,,,,,,,,,,,,,,,,,,,,,,,,,,,
13891,,,,,,,,,,,,,,,,,,,,,,,,,2078,259,2078,259,,,,,,,,,,,,,,,,,,,,,,,,,,,,
53885,,,,,,,,,,,,,,,,,,,,,,,,,2081,94,2081,94,,,,,,,,,,,,,,,,,,,,,,,,,,,,
35322,,,,,,,,,,,,,,,,,,,,,,,,,2084,120,2084,120,,,,,,,,,,,,,,,,,,,,,,,,,,,,
69250,,,,,,,,,,,,,,,,,,,,,,,,,,,,,1,1,1,1,377,22,75,3,155,7,75,3,92,4,51,2,1810,73,1810,73,198,5,198,5,233,10,233,10
62613,,,,,,,,,,,,,,,,,,,,,,,,,,,,,2,1,1,1,1368,146,55,10,539,67,46,10,29,5,21,4,390,46,85,14,,,,,,,,
68614,,,,,,,,,,,,,,,,,,,,,,,,,,,,,4,2,3,2,1478,184,58,15,26,4,16,4,1537,194,109,19,1580,188,141,21,1644,186,198,30,1420,172,207,36
63795,,,,,,,,,,,,,,,,,,,,,,,,,,,,,6,1,5,1,77,3,21,3,236,15,63,7,246,14,61,8,2394,150,230,24,1292,76,178,8,2069,106,2069,106
51355,,,,,,,,,,,,,,,,,,,,,,,,,,,,,10,2,7,1,,,,,,,,,1019,32,160,5,,,,,,,,,1094,117,1094,117
61376,,,,,,,,,,,,,,,,,,,,,,,,,,,,,11,4,8,4,15,3,9,3,58,10,40,10,683,90,92,14,1931,233,212,36,2262,271,220,35,,,,
65037,,,,,,,,,,,,,,,,,,,,,,,,,,,,,13,2,11,2,1613,175,135,21,312,46,102,20,69,10,41,6,1674,168,1674,168,1896,192,1896,192,,,,
64715,,,,,,,,,,,,,,,,,,,,,,,,,,,,,14,3,9,2,1368,146,55,10,9,1,9,1,337,42,76,14,2075,205,218,28,336,41,100,14,1585,169,1585,169
57469,,,,,,,,,,,,,,,,,,,,,,,,,,,,,16,2,14,1,933,111,145,8,1028,119,1028,119,2078,252,2078,252,928,108,928,108,37,2,37,2,539,64,539,64
61988,,,,,,,,,,,,,,,,,,,,,,,,,,,,,17,2,4,1,304,32,38,4,425,35,43,4,2299,173,122,14,,,,,,,,,,,,
42009,,,,,,,,,,,,,,,,,,,,,,,,,,,,,18,4,18,4,1166,121,1166,121,588,73,588,73,2189,231,2189,231,2093,209,2093,209,62,10,62,10,1941,200,1941,200
67398,,,,,,,,,,,,,,,,,,,,,,,,,,,,,20,5,12,3,1223,132,120,17,266,39,66,11,30,6,23,5,1069,112,168,23,143,19,143,19,283,32,283,32
63018,,,,,,,,,,,,,,,,,,,,,,,,,,,,,20,5,5,2,495,55,11,2,1105,130,48,11,,,,,,,,,,,,,,,,
61245,,,,,,,,,,,,,,,,,,,,,,,,,,,,,23,3,7,1,1704,211,61,5,113,10,32,4,1945,236,115,8,962,111,116,9,580,60,127,11,64,10,39,4
56932,,,,,,,,,,,,,,,,,,,,,,,,,,,,,25,1,25,1,,,,,,,,,,,,,,,,,,,,,,,,
63405,,,,,,,,,,,,,,,,,,,,,,,,,,,,,27,7,8,3,38,9,16,4,75,16,30,6,1508,160,108,18,18,3,14,2,1461,153,186,25,785,88,165,19
61119,,,,,,,,,,,,,,,,,,,,,,,,,,,,,32,8,1,1,588,68,12,3,41,6,9,1,702,84,50,8,276,38,43,5,1732,175,135,14,384,44,88,7
53724,,,,,,,,,,,,,,,,,,,,,,,,,,,,,32,2,26,1,669,29,669,29,62,4,62,4,324,20,324,20,2397,288,2397,288,1777,193,1777,193,1870,206,1870,206
62432,,,,,,,,,,,,,,,,,,,,,,,,,,,,,34,1,21,1,85,4,23,2,33,7,23,7,271,41,65,9,2030,125,216,18,,,,,,,,
74064,,,,,,,,,,,,,,,,,,,,,,,,,,,,,40,2,40,2,1034,59,1034,59,350,11,350,11,138,9,138,9,2331,126,2331,126,180,9,180,9,2552,161,2552,161
57029,,,,,,,,,,,,,,,,,,,,,,,,,,,,,42,10,42,10,1653,179,1653,179,106,22,106,22,31,7,31,7,2401,238,2401,238,89,15,89,15,999,108,999,108
75145,,,,,,,,,,,,,,,,,,,,,,,,,,,,,43,5,43,5,1166,134,1166,134,493,57,493,57,1169,140,1169,140,,,,,,,,,1827,201,1827,201
62112,,,,,,,,,,,,,,,,,,,,,,,,,,,,,48,2,11,1,1705,270,15,4,704,97,47,4,314,47,47,4,40,6,23,2,763,102,109,12,272,41,99,19
55196,,,,,,,,,,,,,,,,,,,,,,,,,,,,,50,4,33,4,436,44,83,11,236,21,88,9,2024,160,207,22,,,,,,,,,,,,
74608,,,,,,,,,,,,,,,,,,,,,,,,,,,,,53,3,53,3,1126,64,1126,64,230,9,230,9,,,,,,,,,,,,,,,,
75023,,,,,,,,,,,,,,,,,,,,,,,,,,,,,54,11,54,11,458,57,458,57,785,98,785,98,181,28,181,28,2045,246,2045,246,856,88,856,88,952,116,952,116
45251,,,,,,,,,,,,,,,,,,,,,,,,,,,,,60,6,60,6,31,2,31,2,,,,,,,,,912,36,912,36,1055,43,1055,43,1706,57,1706,57
48832,,,,,,,,,,,,,,,,,,,,,,,,,,,,,60,3,60,3,1198,59,1198,59,1492,76,1492,76,637,44,637,44,1197,66,1197,66,276,12,276,12,1071,44,1071,44
57381,,,,,,,,,,,,,,,,,,,,,,,,,,,,,2,2,1,1,7,3,4,1,2,1,2,1,99,15,31,5,14,2,6,1,38,5,38,5,18,2,18,2
60667,,,,,,,,,,,,,,,,,,,,,,,,,,,,,70,13,12,4,51,12,19,7,146,19,35,9,92,12,42,6,1069,134,121,16,2101,252,215,33,453,19,124,3
66157,,,,,,,,,,,,,,,,,,,,,,,,,,,,,80,6,14,1,59,2,6,1,149,6,36,3,741,41,52,7,1011,73,118,11,309,20,79,10,127,12,63,7
66232,,,,,,,,,,,,,,,,,,,,,,,,,,,,,85,7,31,3,202,6,52,4,208,11,60,6,1323,79,171,14,731,46,146,11,136,10,136,10,1638,103,1638,103
65285,,,,,,,,,,,,,,,,,,,,,,,,,,,,,85,8,43,6,243,25,58,4,673,57,136,17,38,4,26,3,1173,134,1173,134,725,77,725,77,2364,164,2364,164
68851,,,,,,,,,,,,,,,,,,,,,,,,,,,,,89,15,89,15,1126,114,1126,114,897,112,897,112,821,91,821,91,,,,,,,,,,,,
54214,,,,,,,,,,,,,,,,,,,,,,,,,,,,,3,1,2,1,80,3,19,3,31,1,14,1,85,4,27,4,103,5,103,5,11,2,11,2,102,6,102,6
49134,,,,,,,,,,,,,,,,,,,,,,,,,,,,,100,8,100,8,565,18,565,18,142,5,142,5,114,11,114,11,1787,120,1787,120,2050,127,2050,127,342,34,342,34
52625,,,,,,,,,,,,,,,,,,,,,,,,,,,,,107,8,57,3,1587,91,196,11,22,3,22,3,1339,80,1339,80,877,63,877,63,2367,140,2367,140,999,56,999,56
53713,,,,,,,,,,,,,,,,,,,,,,,,,,,,,109,7,50,3,788,48,101,5,746,50,143,6,921,54,156,8,472,30,472,30,763,57,763,57,1301,110,1301,110
63417,,,,,,,,,,,,,,,,,,,,,,,,,,,,,128,17,2,1,3,1,1,1,8,2,7,2,298,45,46,6,55,9,21,5,336,38,80,9,1420,172,137,21
74828,,,,,,,,,,,,,,,,,,,,,,,,,,,,,131,18,64,5,,,,,,,,,,,,,,,,,,,,,,,,
10527,,,,,,,,,,,,,,,,,,,,,,,,,,,,,149,14,149,14,1701,209,1701,209,440,48,440,48,,,,,,,,,543,58,543,58,2459,281,2459,281
2810,,,,,,,,,,,,,,,,,,,,,,,,,,,,,153,21,153,21,1126,180,1126,180,1405,213,1405,213,401,56,401,56,2075,271,2075,271,2101,275,2101,275,,,,
47439,,,,,,,,,,,,,,,,,,,,,,,,,,,,,153,12,153,12,158,15,158,15,824,79,824,79,666,49,666,49,2075,154,2075,154,763,47,763,47,146,5,146,5
65779,,,,,,,,,,,,,,,,,,,,,,,,,,,,,153,24,17,5,,,,,,,,,,,,,,,,,,,,,,,,
74591,,,,,,,,,,,,,,,,,,,,,,,,,,,,,7,3,4,2,,,,,,,,,40,5,40,5,23,4,23,4,80,17,80,17,,,,
38248,,,,,,,,,,,,,,,,,,,,,,,,,,,,,179,13,179,13,703,41,703,41,1185,69,1185,69,496,31,496,31,157,13,157,13,1751,106,1751,106,1562,87,1562,87
68647,,,,,,,,,,,,,,,,,,,,,,,,,,,,,185,14,185,14,,,,,,,,,900,49,900,49,1580,109,1580,109,,,,,,,,
44092,,,,,,,,,,,,,,,,,,,,,,,,,,,,,216,32,216,32,823,95,823,95,870,108,870,108,741,96,741,96,1899,229,1899,229,1675,195,1675,195,892,104,892,104
41998,,,,,,,,,,,,,,,,,,,,,,,,,,,,,216,20,216,20,565,63,565,63,704,74,704,74,1603,195,1603,195,731,84,731,84,596,63,596,63,503,57,503,57
52624,,,,,,,,,,,,,,,,,,,,,,,,,,,,,216,19,85,6,,,,,,,,,1063,61,1063,61,1674,113,1674,113,1185,67,1185,67,2132,126,2132,126
42077,,,,,,,,,,,,,,,,,,,,,,,,,,,,,233,30,233,30,1166,30,1166,30,1405,34,1405,34,1858,106,1858,106,1705,24,1705,24,,,,,,,,
58713,,,,,,,,,,,,,,,,,,,,,,,,,,,,,243,19,40,5,349,35,39,5,80,8,46,4,298,22,69,8,175,14,72,10,1675,134,200,23,371,12,371,12
58035,,,,,,,,,,,,,,,,,,,,,,,,,,,,,256,11,41,4,,,,,,,,,,,,,,,,,,,,,,,,
46060,,,,,,,,,,,,,,,,,,,,,,,,,,,,,261,12,261,12,,,,,,,,,1832,96,1832,96,547,32,547,32,2066,115,2066,115,2302,121,2302,121
23821,,,,,,,,,,,,,,,,,,,,,,,,,,,,,273,37,273,37,123,20,123,20,1087,172,1087,172,1537,207,1537,207,2161,284,2161,284,481,60,481,60,1913,255,1913,255
59176,,,,,,,,,,,,,,,,,,,,,,,,,,,,,273,17,273,17,1344,76,1344,76,97,3,97,3,2252,137,2252,137,89,9,89,9,2422,162,2422,162,1187,94,1187,94
10826,,,,,,,,,,,,,,,,,,,,,,,,,,,,,287,11,287,11,823,37,823,37,1260,62,1260,62,237,13,237,13,2390,132,2390,132,101,6,101,6,2374,120,2374,120
57252,,,,,,,,,,,,,,,,,,,,,,,,,,,,,10,4,3,2,4,2,2,1,68,13,15,4,11,1,9,1,58,10,20,2,6,1,6,1,84,14,84,14
54758,,,,,,,,,,,,,,,,,,,,,,,,,,,,,302,43,302,43,1166,137,1166,137,,,,,,,,,,,,,,,,,,,,
35960,,,,,,,,,,,,,,,,,,,,,,,,,,,,,320,46,320,46,669,102,669,102,1492,226,1492,226,1267,175,1267,175,1445,185,1445,185,2152,280,2152,280,,,,
60282,,,,,,,,,,,,,,,,,,,,,,,,,,,,,332,31,332,31,1546,193,1546,193,1053,124,1053,124,1884,231,1884,231,200,24,200,24,27,1,27,1,643,75,643,75
32458,,,,,,,,,,,,,,,,,,,,,,,,,,,,,332,25,332,25,85,4,85,4,1345,122,1345,122,1953,152,1953,152,311,20,311,20,830,67,830,67,1706,109,1706,109
458,,,,,,,,,,,,,,,,,,,,,,,,,,,,,341,11,341,11,227,15,227,15,1115,61,1115,61,,,,,,,,,,,,,,,,
59927,,,,,,,,,,,,,,,,,,,,,,,,,,,,,341,51,74,5,38,3,22,2,312,36,102,7,2225,295,218,16,270,37,270,37,1207,153,1207,153,2115,273,2115,273
37767,,,,,,,,,,,,,,,,,,,,,,,,,,,,,18,2,18,2,,,,,,,,,19,1,19,1,98,3,98,3,73,2,73,2,54,1,54,1
62523,,,,,,,,,,,,,,,,,,,,,,,,,,,,,341,18,74,9,173,6,44,1,730,38,141,11,1169,56,166,11,2372,111,2372,111,2101,116,2101,116,,,,
48788,,,,,,,,,,,,,,,,,,,,,,,,,,,,,353,18,353,18,1502,79,1502,79,63,3,63,3,821,42,821,42,1197,72,1197,72,372,23,372,23,1071,77,1071,77
52082,,,,,,,,,,,,,,,,,,,,,,,,,,,,,373,21,373,21,1223,58,1223,58,510,27,510,27,2126,108,2126,108,689,38,689,38,664,37,664,37,2518,133,2518,133
62921,,,,,,,,,,,,,,,,,,,,,,,,,,,,,385,16,44,2,14,1,12,1,771,44,88,5,741,45,139,9,1836,93,208,8,48,3,48,3,1071,59,1071,59
64001,,,,,,,,,,,,,,,,,,,,,,,,,,,,,397,35,45,2,1198,141,54,4,806,85,89,8,900,103,99,7,547,61,130,9,985,100,163,14,357,42,357,42
58421,,,,,,,,,,,,,,,,,,,,,,,,,,,,,397,32,82,12,971,82,109,14,279,23,95,10,158,11,69,7,1810,135,1810,135,1363,113,1363,113,1420,93,1420,93
72648,,,,,,,,,,,,,,,,,,,,,,,,,,,,,397,59,397,59,1533,243,1533,243,1185,184,1185,184,1989,259,1989,259,1836,239,1836,239,238,27,238,27,,,,
76192,,,,,,,,,,,,,,,,,,,,,,,,,,,,,397,18,111,8,,,,,,,,,,,,,,,,,,,,,,,,
58250,,,,,,,,,,,,,,,,,,,,,,,,,,,,,397,48,397,48,458,14,458,14,397,21,397,21,1698,99,1698,99,1173,86,1173,86,1558,96,1558,96,1870,64,1870,64
56829,,,,,,,,,,,,,,,,,,,,,,,,,,,,,414,38,414,38,1282,153,1282,153,173,18,173,18,1417,166,1417,166,2233,273,2233,273,2163,242,2163,242,,,,
54175,,,,,,,,,,,,,,,,,,,,,,,,,,,,,414,38,114,5,999,116,152,9,897,95,897,95,722,81,722,81,1224,138,1224,138,1091,114,1091,114,999,108,999,108
53610,,,,,,,,,,,,,,,,,,,,,,,,,,,,,428,34,117,15,458,47,104,13,797,76,797,76,314,23,314,23,472,28,472,28,1675,134,1675,134,827,52,827,52
57187,,,,,,,,,,,,,,,,,,,,,,,,,,,,,428,23,117,5,1394,68,1394,68,1419,75,1419,75,722,46,722,46,1810,103,1810,103,1558,87,1558,87,611,27,611,27
49721,,,,,,,,,,,,,,,,,,,,,,,,,,,,,19,2,8,1,78,11,27,5,67,8,24,2,6,3,6,3,35,4,35,4,101,14,101,14,108,11,108,11
66531,,,,,,,,,,,,,,,,,,,,,,,,,,,,,439,29,439,29,495,77,495,77,1609,246,1609,246,1714,225,1714,225,85,17,85,17,2207,149,2207,149,2033,152,2033,152
36932,,,,,,,,,,,,,,,,,,,,,,,,,,,,,439,63,439,63,330,49,330,49,1500,229,1500,229,2126,278,2126,278,339,42,339,42,1826,248,1826,248,1781,238,1781,238
54526,,,,,,,,,,,,,,,,,,,,,,,,,,,,,471,22,471,22,893,53,893,53,1541,81,1541,81,994,59,994,59,472,26,472,26,1558,85,1558,85,153,11,153,11
61966,,,,,,,,,,,,,,,,,,,,,,,,,,,,,471,48,91,3,1518,186,131,6,1387,172,178,9,,,,,,,,,204,28,204,28,242,27,242,27
58223,,,,,,,,,,,,,,,,,,,,,,,,,,,,,499,62,499,62,788,92,788,92,1492,181,1492,181,423,63,423,63,1197,149,1197,149,1326,137,1326,137,1585,185,1585,185
8115,,,,,,,,,,,,,,,,,,,,,,,,,,,,,516,33,516,33,,,,,,,,,1953,114,1953,114,,,,,,,,,2497,155,2497,155
57533,,,,,,,,,,,,,,,,,,,,,,,,,,,,,516,57,516,57,1198,127,1198,127,1541,177,1541,177,,,,,,,,,,,,,,,,
55957,,,,,,,,,,,,,,,,,,,,,,,,,,,,,551,54,551,54,565,63,565,63,944,100,944,100,1367,158,1367,158,351,44,351,44,247,33,247,33,1266,134,1266,134
27242,,,,,,,,,,,,,,,,,,,,,,,,,,,,,551,36,551,36,1126,29,1126,29,461,22,461,22,1169,68,1169,68,1313,95,1313,95,495,34,495,34,164,14,164,14
66174,,,,,,,,,,,,,,,,,,,,,,,,,,,,,566,64,135,20,77,12,77,12,146,30,146,30,232,29,232,29,1836,183,1836,183,2085,213,2085,213,272,31,272,31
63102,,,,,,,,,,,,,,,,,,,,,,,,,,,,,566,72,566,72,1533,190,1533,190,1317,162,1317,162,,,,,,,,,,,,,,,,
16761,,,,,,,,,,,,,,,,,,,,,,,,,,,,,566,23,566,23,,,,,,,,,360,18,360,18,859,45,859,45,2050,111,2050,111,2505,133,2505,133
60336,,,,,,,,,,,,,,,,,,,,,,,,,,,,,566,72,49,12,,,,,,,,,2297,281,221,42,1674,199,201,31,2262,271,2262,271,1364,164,1364,164
61796,,,,,,,,,,,,,,,,,,,,,,,,,,,,,566,40,49,2,,,,,,,,,,,,,,,,,,,,,1638,92,1638,92
65702,,,,,,,,,,,,,,,,,,,,,,,,,,,,,588,75,97,18,1282,157,169,34,86,13,57,12,821,113,821,113,461,60,461,60,2417,292,2417,292,283,40,283,40
13596,,,,,,,,,,,,,,,,,,,,,,,,,,,,,588,75,588,75,,,,,,,,,,,,,655,84,655,84,322,37,322,37,1562,182,1562,182
39236,,,,,,,,,,,,,,,,,,,,,,,,,,,,,628,80,628,80,,,,,,,,,289,43,289,43,1641,193,1641,193,558,58,558,58,999,120,999,120
8706,,,,,,,,,,,,,,,,,,,,,,,,,,,,,640,86,640,86,626,93,626,93,870,125,870,125,2252,300,2252,300,,,,,1326,173,1326,173,1420,188,1420,188
42554,,,,,,,,,,,,,,,,,,,,,,,,,,,,,640,28,640,28,788,48,788,48,1478,81,1478,81,92,15,92,15,2065,203,2065,203,1326,137,1326,137,1266,135,1266,135
74508,,,,,,,,,,,,,,,,,,,,,,,,,,,,,659,84,659,84,,,,,,,,,,,,,,,,,,,,,,,,
60572,,,,,,,,,,,,,,,,,,,,,,,,,,,,,670,31,670,31,227,11,227,11,1460,76,1460,76,214,12,214,12,672,39,672,39,686,45,686,45,159,12,159,12
326,,,,,,,,,,,,,,,,,,,,,,,,,,,,,28,6,28,6,25,7,25,7,23,2,23,2,51,9,51,9,55,10,55,10,35,4,35,4,84,15,84,15
58940,,,,,,,,,,,,,,,,,,,,,,,,,,,,,686,69,686,69,669,78,669,78,1471,184,1471,184,1087,123,1087,123,258,30,258,30,2334,236,2334,236,371,43,371,43
52712,,,,,,,,,,,,,,,,,,,,,,,,,,,,,702,46,702,46,,,,,,,,,264,16,264,16,1899,125,1899,125,1965,119,1965,119,342,34,342,34
11324,,,,,,,,,,,,,,,,,,,,,,,,,,,,,702,37,702,37,626,25,626,25,1387,68,1387,68,473,31,473,31,1380,78,1380,78,2207,118,2207,118,127,3,127,3
37024,,,,,,,,,,,,,,,,,,,,,,,,,,,,,702,37,702,37,1034,49,1034,49,1230,60,1230,60,337,23,337,23,547,29,547,29,725,42,725,42,2033,97,2033,97
54024,,,,,,,,,,,,,,,,,,,,,,,,,,,,,717,98,149,11,788,119,788,119,296,32,296,32,1698,223,1698,223,2030,267,2030,267,230,24,230,24,740,89,740,89
27434,,,,,,,,,,,,,,,,,,,,,,,,,,,,,797,81,797,81,1344,166,1344,166,964,104,964,104,86,4,86,4,351,21,351,21,372,23,372,23,1518,98,1518,98
48949,,,,,,,,,,,,,,,,,,,,,,,,,,,,,797,48,797,48,1689,34,1689,34,251,17,251,17,2003,119,2003,119,,,,,,,,,,,,
51670,,,,,,,,,,,,,,,,,,,,,,,,,,,,,797,115,797,115,458,73,458,73,562,74,562,74,1247,173,1247,173,200,28,200,28,2314,298,2314,298,207,29,207,29
30904,,,,,,,,,,,,,,,,,,,,,,,,,,,,,797,41,797,41,,,,,,,,,,,,,,,,,558,36,558,36,1801,120,1801,120
74826,,,,,,,,,,,,,,,,,,,,,,,,,,,,,36,12,16,6,,,,,,,,,,,,,,,,,,,,,,,,
66568,,,,,,,,,,,,,,,,,,,,,,,,,,,,,817,51,55,3,1368,77,124,7,824,53,91,5,196,9,75,5,1173,67,176,15,2498,167,2498,167,283,16,283,16
53204,,,,,,,,,,,,,,,,,,,,,,,,,,,,,36,2,6,1,53,2,15,2,60,3,14,2,36,2,17,2,27,2,12,2,69,4,69,4,69,2,69,2
61290,,,,,,,,,,,,,,,,,,,,,,,,,,,,,41,10,7,3,,,,,,,,,27,4,8,1,90,14,25,7,45,6,19,4,53,10,53,10
71466,,,,,,,,,,,,,,,,,,,,,,,,,,,,,841,40,841,40,158,9,158,9,230,12,230,12,1087,58,1087,58,1674,85,1674,85,543,35,543,35,2069,119,2069,119
5011,,,,,,,,,,,,,,,,,,,,,,,,,,,,,866,35,866,35,1034,45,1034,45,1105,36,1105,36,2206,83,2206,83,,,,,,,,,,,,
24803,,,,,,,,,,,,,,,,,,,,,,,,,,,,,866,46,866,46,1478,73,1478,73,97,5,97,5,1267,70,1267,70,1641,91,1641,91,1997,108,1997,108,223,7,223,7
8111,,,,,,,,,,,,,,,,,,,,,,,,,,,,,866,125,866,125,1603,256,1603,256,,,,,1756,229,1756,229,928,108,928,108,1620,213,1620,213,1071,136,1071,136
60416,,,,,,,,,,,,,,,,,,,,,,,,,,,,,886,91,886,91,,,,,,,,,1299,151,1299,151,501,55,501,55,2303,264,2303,264,1670,182,1670,182
54942,,,,,,,,,,,,,,,,,,,,,,,,,,,,,886,91,886,91,,,,,,,,,196,21,196,21,715,81,715,81,2441,282,2441,282,371,46,371,46
73901,,,,,,,,,,,,,,,,,,,,,,,,,,,,,907,97,907,97,,,,,,,,,,,,,,,,,,,,,,,,
5585,,,,,,,,,,,,,,,,,,,,,,,,,,,,,44,1,44,1,75,1,75,1,,,,,38,2,38,2,90,2,90,2,109,3,109,3,125,6,125,6
15318,,,,,,,,,,,,,,,,,,,,,,,,,,,,,907,44,907,44,1126,77,1126,77,440,29,440,29,2225,106,2225,106,1931,97,1931,97,,,,,,,,
62911,,,,,,,,,,,,,,,,,,,,,,,,,,,,,929,136,929,136,377,57,377,57,73,5,73,5,666,96,666,96,224,32,224,32,806,106,806,106,1638,223,1638,223
62947,,,,,,,,,,,,,,,,,,,,,,,,,,,,,929,46,58,3,,,,,,,,,,,,,,,,,309,18,95,4,177,7,177,7
39789,,,,,,,,,,,,,,,,,,,,,,,,,,,,,929,58,929,58,1621,92,1621,92,1149,67,1149,67,1113,66,1113,66,2016,125,2016,125,725,30,725,30,503,23,503,23
48829,,,,,,,,,,,,,,,,,,,,,,,,,,,,,955,46,955,46,173,6,173,6,416,21,416,21,941,52,941,52,402,23,402,23,2125,118,2125,118,2148,138,2148,138
23009,,,,,,,,,,,,,,,,,,,,,,,,,,,,,972,121,972,121,,,,,,,,,968,127,968,127,1836,221,1836,221,830,84,830,84,1383,168,1383,168
46847,,,,,,,,,,,,,,,,,,,,,,,,,,,,,972,76,972,76,1104,94,1104,94,1604,146,1604,146,,,,,,,,,,,,,,,,
37834,,,,,,,,,,,,,,,,,,,,,,,,,,,,,972,62,972,62,,,,,,,,,2121,128,2121,128,1724,114,1724,114,,,,,,,,
74578,,,,,,,,,,,,,,,,,,,,,,,,,,,,,972,121,972,121,458,57,458,57,,,,,,,,,1476,104,1476,104,,,,,,,,
39656,,,,,,,,,,,,,,,,,,,,,,,,,,,,,972,144,972,144,1502,240,1502,240,,,,,,,,,,,,,,,,,,,,
48480,,,,,,,,,,,,,,,,,,,,,,,,,,,,,1019,64,1019,64,,,,,,,,,374,22,374,22,512,38,512,38,1055,55,1055,55,,,,
26772,,,,,,,,,,,,,,,,,,,,,,,,,,,,,1019,78,1019,78,1252,101,1252,101,1377,127,1377,127,,,,,1724,123,1724,123,,,,,2069,135,2069,135
55905,,,,,,,,,,,,,,,,,,,,,,,,,,,,,1019,64,1019,64,,,,,,,,,,,,,,,,,725,30,725,30,1615,91,1615,91
75207,,,,,,,,,,,,,,,,,,,,,,,,,,,,,1019,67,1019,67,,,,,,,,,,,,,,,,,,,,,,,,
53539,,,,,,,,,,,,,,,,,,,,,,,,,,,,,1044,50,119,7,13,2,11,2,1317,63,173,9,,,,,,,,,,,,,251,19,251,19
25126,,,,,,,,,,,,,,,,,,,,,,,,,,,,,1078,73,1078,73,,,,,,,,,,,,,,,,,,,,,,,,
57837,,,,,,,,,,,,,,,,,,,,,,,,,,,,,1078,155,1078,155,565,82,565,82,848,120,848,120,2102,274,2102,274,,,,,,,,,,,,
37705,,,,,,,,,,,,,,,,,,,,,,,,,,,,,1100,123,1100,123,,,,,,,,,232,28,232,28,,,,,,,,,,,,
62183,,,,,,,,,,,,,,,,,,,,,,,,,,,,,1122,69,1122,69,113,4,113,4,1524,81,1524,81,534,36,534,36,1899,121,1899,121,1943,116,1943,116,,,,
51288,,,,,,,,,,,,,,,,,,,,,,,,,,,,,1122,72,179,11,158,5,158,5,578,24,578,24,534,29,534,29,2298,144,2298,144,150,12,150,12,1160,73,1160,73
60475,,,,,,,,,,,,,,,,,,,,,,,,,,,,,1122,128,1122,128,856,99,856,99,562,62,562,62,1800,225,1800,225,,,,,,,,,1025,112,1025,112
26792,,,,,,,,,,,,,,,,,,,,,,,,,,,,,1122,113,1122,113,,,,,,,,,1832,200,1832,200,,,,,,,,,,,,
76311,,,,,,,,,,,,,,,,,,,,,,,,,,,,,1122,19,1122,19,,,,,,,,,,,,,,,,,,,,,,,,
74716,,,,,,,,,,,,,,,,,,,,,,,,,,,,,1152,56,1152,56,669,39,669,39,,,,,,,,,,,,,,,,,,,,
47520,,,,,,,,,,,,,,,,,,,,,,,,,,,,,1152,74,1152,74,1126,70,1126,70,657,41,657,41,2225,136,2225,136,,,,,,,,,,,,
40882,,,,,,,,,,,,,,,,,,,,,,,,,,,,,1152,20,1152,20,565,7,565,7,1405,19,1405,19,,,,,,,,,,,,,,,,
13925,,,,,,,,,,,,,,,,,,,,,,,,,,,,,1170,58,1170,58,703,39,703,39,1105,57,1105,57,271,14,271,14,798,51,798,51,415,28,415,28,2431,153,2431,153
50984,,,,,,,,,,,,,,,,,,,,,,,,,,,,,1170,173,1170,173,1126,180,1126,180,1000,151,1000,151,401,56,401,56,672,87,672,87,1708,224,1708,224,549,70,549,70
67078,,,,,,,,,,,,,,,,,,,,,,,,,,,,,1196,79,21,2,,,,,,,,,,,,,,,,,,,,,,,,
23613,,,,,,,,,,,,,,,,,,,,,,,,,,,,,1219,78,1219,78,436,23,436,23,1589,85,1589,85,,,,,1476,99,1476,99,,,,,,,,
43039,,,,,,,,,,,,,,,,,,,,,,,,,,,,,1219,61,1219,61,145,7,145,7,478,33,478,33,,,,,,,,,,,,,2332,127,2332,127
47189,,,,,,,,,,,,,,,,,,,,,,,,,,,,,1219,150,1219,150,,,,,,,,,1267,164,1267,164,2045,246,2045,246,2177,260,2177,260,2321,276,2321,276
2927,,,,,,,,,,,,,,,,,,,,,,,,,,,,,1219,134,1219,134,36,2,36,2,1617,205,1617,205,,,,,1333,153,1333,153,1708,186,1708,186,2033,226,2033,226
72536,,,,,,,,,,,,,,,,,,,,,,,,,,,,,1219,116,1219,116,495,55,495,55,848,105,848,105,352,46,352,46,2389,237,2389,237,,,,,,,,
24007,,,,,,,,,,,,,,,,,,,,,,,,,,,,,1219,81,1219,81,304,15,304,15,824,53,824,53,1417,75,1417,75,2161,136,2161,136,168,19,168,19,432,31,432,31
41300,,,,,,,,,,,,,,,,,,,,,,,,,,,,,1249,67,1249,67,,,,,,,,,43,7,43,7,2349,282,2349,282,128,18,128,18,1966,218,1966,218
19559,,,,,,,,,,,,,,,,,,,,,,,,,,,,,1272,100,1272,100,,,,,,,,,,,,,,,,,,,,,,,,
30401,,,,,,,,,,,,,,,,,,,,,,,,,,,,,1295,162,1295,162,,,,,,,,,1645,206,1645,206,1333,165,1333,165,1997,231,1997,231,,,,
48514,,,,,,,,,,,,,,,,,,,,,,,,,,,,,1295,83,1295,83,,,,,,,,,968,56,968,56,102,10,102,10,1984,119,1984,119,2211,131,2211,131
62404,,,,,,,,,,,,,,,,,,,,,,,,,,,,,1295,162,1295,162,400,50,400,50,82,12,82,12,2003,246,2003,246,1641,193,1641,193,2101,252,2101,252,1204,149,1204,149
51752,,,,,,,,,,,,,,,,,,,,,,,,,,,,,1295,184,1295,184,1433,224,1433,224,,,,,360,50,360,50,1043,124,1043,124,830,110,830,110,2524,331,2524,331
10048,,,,,,,,,,,,,,,,,,,,,,,,,,,,,1295,144,1295,144,,,,,,,,,,,,,,,,,,,,,,,,
63591,,,,,,,,,,,,,,,,,,,,,,,,,,,,,1295,85,1295,85,1478,84,1478,84,,,,,,,,,,,,,,,,,,,,
50046,,,,,,,,,,,,,,,,,,,,,,,,,,,,,1295,144,1295,144,,,,,,,,,,,,,,,,,,,,,,,,
55947,,,,,,,,,,,,,,,,,,,,,,,,,,,,,1328,65,188,15,,,,,,,,,797,42,797,42,1641,86,1641,86,2142,120,2142,120,,,,
34109,,,,,,,,,,,,,,,,,,,,,,,,,,,,,1328,104,1328,104,703,68,703,68,260,22,260,22,1417,111,1417,111,1197,79,1197,79,985,79,985,79,1585,100,1585,100
42979,,,,,,,,,,,,,,,,,,,,,,,,,,,,,1351,66,1351,66,933,60,933,60,510,34,510,34,2078,99,2078,99,672,33,672,33,1241,70,1241,70,1450,79,1450,79
24429,,,,,,,,,,,,,,,,,,,,,,,,,,,,,1351,67,1351,67,1562,72,1562,72,,,,,,,,,,,,,2334,131,2334,131,,,,
27987,,,,,,,,,,,,,,,,,,,,,,,,,,,,,1351,88,1351,88,,,,,,,,,1735,97,1735,97,,,,,2349,158,2349,158,,,,
76153,,,,,,,,,,,,,,,,,,,,,,,,,,,,,63,22,63,22,,,,,,,,,,,,,,,,,,,,,,,,
38347,,,,,,,,,,,,,,,,,,,,,,,,,,,,,1378,111,1378,111,1613,146,1613,146,,,,,,,,,,,,,,,,,,,,
71653,,,,,,,,,,,,,,,,,,,,,,,,,,,,,1378,88,1378,88,1166,74,1166,74,1581,84,1581,84,2198,134,2198,134,,,,,,,,,,,,
67725,,,,,,,,,,,,,,,,,,,,,,,,,,,,,1378,133,1378,133,1126,114,1126,114,1243,141,1243,141,473,55,473,55,1313,137,1313,137,1965,200,1965,200,1071,113,1071,113
48118,,,,,,,,,,,,,,,,,,,,,,,,,,,,,1392,136,1392,136,202,26,202,26,1125,133,1125,133,921,98,921,98,1580,161,1580,161,1592,167,1592,167,2497,253,2497,253
75112,,,,,,,,,,,,,,,,,,,,,,,,,,,,,1392,26,1392,26,,,,,,,,,1113,9,1113,9,,,,,,,,,,,,
19876,,,,,,,,,,,,,,,,,,,,,,,,,,,,,1392,55,1392,55,,,,,,,,,1714,58,1714,58,,,,,,,,,2132,82,2132,82
23718,,,,,,,,,,,,,,,,,,,,,,,,,,,,,1392,198,1392,198,,,,,,,,,1698,223,1698,223,1810,236,1810,236,2177,284,2177,284,,,,
63076,,,,,,,,,,,,,,,,,,,,,,,,,,,,,1392,153,1392,153,,,,,,,,,237,30,237,30,230,27,230,27,1777,193,1777,193,643,75,643,75
24477,,,,,,,,,,,,,,,,,,,,,,,,,,,,,1442,71,1442,71,,,,,,,,,,,,,798,44,798,44,1943,106,1943,106,1450,86,1450,86
74829,,,,,,,,,,,,,,,,,,,,,,,,,,,,,69,23,69,23,,,,,,,,,96,16,96,16,,,,,52,9,52,9,62,12,62,12
63469,,,,,,,,,,,,,,,,,,,,,,,,,,,,,1459,72,198,18,588,29,118,8,169,12,169,12,876,45,876,45,912,49,912,49,788,45,788,45,1237,67,1237,67
42609,,,,,,,,,,,,,,,,,,,,,,,,,,,,,69,2,69,2,68,5,68,5,16,4,16,4,103,9,103,9,48,6,48,6,64,7,64,7,5,1,5,1
9221,,,,,,,,,,,,,,,,,,,,,,,,,,,,,1480,168,1480,168,1641,206,1641,206,,,,,,,,,,,,,,,,,,,,
17958,,,,,,,,,,,,,,,,,,,,,,,,,,,,,72,13,72,13,46,10,46,10,36,8,36,8,60,11,60,11,25,5,25,5,49,7,49,7,81,13,81,13
52483,,,,,,,,,,,,,,,,,,,,,,,,,,,,,1505,171,199,11,893,107,893,107,,,,,,,,,,,,,,,,,,,,
19699,,,,,,,,,,,,,,,,,,,,,,,,,,,,,1529,216,1529,216,565,82,565,82,925,139,925,139,1906,243,1906,243,,,,,2343,304,2343,304,,,,
9769,,,,,,,,,,,,,,,,,,,,,,,,,,,,,1529,81,1529,81,,,,,,,,,,,,,,,,,1027,62,1027,62,2033,132,2033,132
52215,,,,,,,,,,,,,,,,,,,,,,,,,,,,,1529,195,1529,195,,,,,1028,124,1028,124,440,64,440,64,1750,210,1750,210,2262,271,2262,271,,,,
42073,,,,,,,,,,,,,,,,,,,,,,,,,,,,,1529,195,1529,195,,,,,1028,124,1028,124,,,,,1916,231,1916,231,543,55,543,55,1941,228,1941,228
53961,,,,,,,,,,,,,,,,,,,,,,,,,,,,,1529,176,1529,176,,,,,,,,,,,,,,,,,,,,,,,,
58791,,,,,,,,,,,,,,,,,,,,,,,,,,,,,1576,120,1576,120,748,71,748,71,131,15,131,15,,,,,,,,,1489,126,1489,126,2211,150,2211,150
35644,,,,,,,,,,,,,,,,,,,,,,,,,,,,,1576,94,1576,94,,,,,,,,,,,,,1674,112,1674,112,1326,83,1326,83,1071,67,1071,67
12248,,,,,,,,,,,,,,,,,,,,,,,,,,,,,1591,79,1591,79,,,,,,,,,,,,,,,,,,,,,,,,
6057,,,,,,,,,,,,,,,,,,,,,,,,,,,,,1591,228,1591,228,123,20,123,20,1364,209,1364,209,1508,203,1508,203,,,,,1675,221,1675,221,432,59,432,59
58206,,,,,,,,,,,,,,,,,,,,,,,,,,,,,1617,89,1617,89,1674,84,1674,84,1449,74,1449,74,1227,71,1227,71,1248,75,1248,75,746,49,746,49,1301,86,1301,86
44576,,,,,,,,,,,,,,,,,,,,,,,,,,,,,1617,206,1617,206,,,,,,,,,,,,,,,,,,,,,,,,
56885,,,,,,,,,,,,,,,,,,,,,,,,,,,,,1637,162,1637,162,,,,,,,,,,,,,,,,,,,,,,,,
47527,,,,,,,,,,,,,,,,,,,,,,,,,,,,,1657,103,1657,103,243,10,243,10,578,31,578,31,1800,110,1800,110,689,52,689,52,558,27,558,27,,,,
33979,,,,,,,,,,,,,,,,,,,,,,,,,,,,,1657,103,1657,103,1070,64,1070,64,,,,,,,,,,,,,,,,,,,,
20841,,,,,,,,,,,,,,,,,,,,,,,,,,,,,1678,168,1678,168,,,,,1305,150,1305,150,,,,,,,,,,,,,,,,
25098,,,,,,,,,,,,,,,,,,,,,,,,,,,,,1678,213,1678,213,,,,,,,,,138,17,138,17,1173,147,1173,147,1489,161,1489,161,1891,223,1891,223
63458,,,,,,,,,,,,,,,,,,,,,,,,,,,,,1705,67,207,12,,,,,,,,,344,7,344,7,1069,43,1069,43,,,,,,,,
55729,,,,,,,,,,,,,,,,,,,,,,,,,,,,,1726,104,132,10,,,,,806,29,147,11,114,11,114,11,774,52,774,52,2394,142,2394,142,2431,148,2431,148
72452,,,,,,,,,,,,,,,,,,,,,,,,,,,,,1726,205,1726,205,227,23,227,23,493,57,493,57,1678,202,1678,202,689,77,689,77,2101,234,2101,234,2148,238,2148,238
58339,,,,,,,,,,,,,,,,,,,,,,,,,,,,,1738,218,1738,218,1465,180,1465,180,944,114,944,114,1169,153,1169,153,258,31,258,31,2125,254,2125,254,845,96,845,96
49840,,,,,,,,,,,,,,,,,,,,,,,,,,,,,1738,207,1738,207,,,,,,,,,1562,186,1562,186,1674,199,1674,199,1002,102,1002,102,764,83,764,83
64139,,,,,,,,,,,,,,,,,,,,,,,,,,,,,1738,112,1738,112,1126,70,1126,70,1317,71,1317,71,,,,,1476,99,1476,99,,,,,,,,
1672,,,,,,,,,,,,,,,,,,,,,,,,,,,,,1754,134,1754,134,,,,,,,,,,,,,2369,177,2369,177,,,,,,,,
48260,,,,,,,,,,,,,,,,,,,,,,,,,,,,,1767,109,1767,109,,,,,,,,,,,,,1956,129,1956,129,,,,,,,,
45125,,,,,,,,,,,,,,,,,,,,,,,,,,,,,1767,71,1767,71,,,,,,,,,,,,,,,,,,,,,1781,60,1781,60
37021,,,,,,,,,,,,,,,,,,,,,,,,,,,,,1779,135,1779,135,,,,,,,,,1049,81,1049,81,2207,167,2207,167,,,,,1094,70,1094,70
72871,,,,,,,,,,,,,,,,,,,,,,,,,,,,,1779,211,1779,211,,,,,,,,,2045,247,2045,247,,,,,,,,,,,,
48410,,,,,,,,,,,,,,,,,,,,,,,,,,,,,1789,115,1789,115,893,53,893,53,230,9,230,9,797,46,797,46,1502,102,1502,102,1163,66,1163,66,952,51,952,51
47764,,,,,,,,,,,,,,,,,,,,,,,,,,,,,1789,115,1789,115,,,,,,,,,158,9,158,9,1931,122,1931,122,168,7,168,7,643,30,643,30
44030,,,,,,,,,,,,,,,,,,,,,,,,,,,,,1789,89,1789,89,,,,,,,,,,,,,,,,,,,,,,,,
21744,,,,,,,,,,,,,,,,,,,,,,,,,,,,,1789,113,1789,113,495,27,495,27,1087,69,1087,69,1781,101,1781,101,715,43,715,43,1826,128,1826,128,399,27,399,27
6044,,,,,,,,,,,,,,,,,,,,,,,,,,,,,1805,252,1805,252,,,,,,,,,,,,,,,,,,,,,,,,
55627,,,,,,,,,,,,,,,,,,,,,,,,,,,,,1805,184,1805,184,,,,,,,,,,,,,,,,,1270,131,1270,131,1891,194,1891,194
54122,,,,,,,,,,,,,,,,,,,,,,,,,,,,,86,12,18,3,40,3,11,2,21,5,11,3,8,1,6,1,37,3,37,3,110,10,110,10,27,3,27,3
61096,,,,,,,,,,,,,,,,,,,,,,,,,,,,,1819,93,1819,93,,,,,,,,,1484,90,1484,90,,,,,,,,,,,,
35661,,,,,,,,,,,,,,,,,,,,,,,,,,,,,1819,117,1819,117,,,,,,,,,2137,129,2137,129,,,,,1137,62,1137,62,2419,138,2419,138
44574,,,,,,,,,,,,,,,,,,,,,,,,,,,,,1819,226,1819,226,,,,,,,,,571,78,571,78,897,114,897,114,,,,,,,,
40543,,,,,,,,,,,,,,,,,,,,,,,,,,,,,1836,118,1836,118,,,,,,,,,1884,113,1884,113,774,59,774,59,1620,96,1620,96,1237,73,1237,73
58192,,,,,,,,,,,,,,,,,,,,,,,,,,,,,1836,230,1836,230,893,104,893,104,691,86,691,86,702,92,702,92,1011,126,1011,126,1732,200,1732,200,2255,271,2255,271
59329,,,,,,,,,,,,,,,,,,,,,,,,,,,,,1836,91,1836,91,,,,,,,,,,,,,,,,,,,,,,,,
24077,,,,,,,,,,,,,,,,,,,,,,,,,,,,,1836,118,1836,118,823,46,823,46,944,56,944,56,168,10,168,10,1248,89,1248,89,1241,72,1241,72,701,33,701,33
33060,,,,,,,,,,,,,,,,,,,,,,,,,,,,,1851,213,1851,213,,,,,,,,,,,,,,,,,,,,,,,,
29054,,,,,,,,,,,,,,,,,,,,,,,,,,,,,1851,95,1851,95,1344,65,1344,65,493,30,493,30,423,28,423,28,928,45,928,45,444,26,444,26,1039,42,1039,42
43914,,,,,,,,,,,,,,,,,,,,,,,,,,,,,1859,96,139,3,,,,,,,,,941,53,941,53,2298,127,2298,127,1751,96,1751,96,1137,50,1137,50
28909,,,,,,,,,,,,,,,,,,,,,,,,,,,,,1867,118,1867,118,1104,71,1104,71,225,11,225,11,1049,62,1049,62,1641,101,1641,101,1592,111,1592,111,1094,88,1094,88
23565,,,,,,,,,,,,,,,,,,,,,,,,,,,,,1867,114,1867,114,,,,,,,,,,,,,,,,,,,,,,,,
3789,,,,,,,,,,,,,,,,,,,,,,,,,,,,,1867,92,1867,92,,,,,,,,,462,28,462,28,928,52,928,52,1708,96,1708,96,2431,129,2431,129
41357,,,,,,,,,,,,,,,,,,,,,,,,,,,,,1885,261,1885,261,,,,,,,,,,,,,,,,,,,,,,,,
18526,,,,,,,,,,,,,,,,,,,,,,,,,,,,,1885,261,1885,261,,,,,,,,,,,,,,,,,,,,,,,,
58147,,,,,,,,,,,,,,,,,,,,,,,,,,,,,1885,238,1885,238,1562,195,1562,195,806,100,806,100,1367,145,1367,145,,,,,,,,,,,,
45889,,,,,,,,,,,,,,,,,,,,,,,,,,,,,1899,120,1899,120,495,27,495,27,189,7,189,7,1884,107,1884,107,1836,111,1836,111,1363,95,1363,95,177,11,177,11
63035,,,,,,,,,,,,,,,,,,,,,,,,,,,,,1899,190,222,29,22,7,20,7,627,79,627,79,485,58,485,58,,,,,,,,,,,,
43863,,,,,,,,,,,,,,,,,,,,,,,,,,,,,1899,100,1899,100,,,,,493,30,493,30,1367,79,1367,79,1836,105,1836,105,1620,89,1620,89,,,,
40583,,,,,,,,,,,,,,,,,,,,,,,,,,,,,1899,220,1899,220,,,,,,,,,1953,237,1953,237,512,57,512,57,2224,253,2224,253,,,,
56546,,,,,,,,,,,,,,,,,,,,,,,,,,,,,1919,145,141,17,,,,,,,,,,,,,,,,,266,18,266,18,371,23,371,23
34850,,,,,,,,,,,,,,,,,,,,,,,,,,,,,1933,122,1933,122,,,,,760,47,760,47,237,14,237,14,1353,94,1353,94,1489,87,1489,87,1913,115,1913,115
43702,,,,,,,,,,,,,,,,,,,,,,,,,,,,,1945,32,1945,32,458,6,458,6,824,8,824,8,2071,27,2071,27,1975,28,1975,28,,,,,,,,
18069,,,,,,,,,,,,,,,,,,,,,,,,,,,,,1953,247,1953,247,,,,,,,,,,,,,,,,,,,,,,,,
54087,,,,,,,,,,,,,,,,,,,,,,,,,,,,,1962,100,1962,100,,,,,,,,,534,24,534,24,444,25,444,25,877,54,877,54,1706,114,1706,114
32481,,,,,,,,,,,,,,,,,,,,,,,,,,,,,1975,275,1975,275,1465,231,1465,231,,,,,1756,229,1756,229,547,68,547,68,2125,277,2125,277,1039,133,1039,133
54588,,,,,,,,,,,,,,,,,,,,,,,,,,,,,1997,250,1997,250,,,,,,,,,174,26,174,26,2298,279,2298,279,495,52,495,52,2148,258,2148,258
33401,,,,,,,,,,,,,,,,,,,,,,,,,,,,,1997,97,1997,97,377,21,377,21,1460,161,1460,161,,,,,672,33,672,33,1002,56,1002,56,1450,79,1450,79
63303,,,,,,,,,,,,,,,,,,,,,,,,,,,,,2010,159,2010,159,,,,,,,,,,,,,,,,,,,,,,,,
19285,,,,,,,,,,,,,,,,,,,,,,,,,,,,,2010,102,2010,102,,,,,,,,,,,,,,,,,,,,,,,,
47165,,,,,,,,,,,,,,,,,,,,,,,,,,,,,2010,254,2010,254,,,,,,,,,,,,,2372,291,2372,291,95,8,95,8,1638,191,1638,191
69101,,,,,,,,,,,,,,,,,,,,,,,,,,,,,2026,99,2026,99,51,3,51,3,1053,52,1053,52,1484,74,1484,74,715,39,715,39,1363,83,1363,83,1585,90,1585,90
37277,,,,,,,,,,,,,,,,,,,,,,,,,,,,,2045,239,2045,239,,,,,,,,,,,,,1787,211,1787,211,,,,,,,,
46078,,,,,,,,,,,,,,,,,,,,,,,,,,,,,2045,162,2045,162,532,56,532,56,730,63,730,63,571,46,571,46,1533,106,1533,106,1896,144,1896,144,1781,111,1781,111
40225,,,,,,,,,,,,,,,,,,,,,,,,,,,,,2073,132,2073,132,,,,,,,,,1989,120,1989,120,,,,,1207,70,1207,70,1071,62,1071,62
48064,,,,,,,,,,,,,,,,,,,,,,,,,,,,,96,3,28,2,,,,,49,1,49,1,104,2,104,2,,,,,,,,,73,2,73,2
64940,,,,,,,,,,,,,,,,,,,,,,,,,,,,,97,11,97,11,36,6,36,6,72,11,72,11,,,,,,,,,,,,,79,14,79,14
70732,,,,,,,,,,,,,,,,,,,,,,,,,,,,,2110,166,2110,166,,,,,,,,,,,,,985,66,985,66,2417,184,2417,184,,,,
45005,,,,,,,,,,,,,,,,,,,,,,,,,,,,,2114,87,2114,87,,,,,,,,,,,,,,,,,,,,,,,,
56887,,,,,,,,,,,,,,,,,,,,,,,,,,,,,98,12,98,12,,,,,,,,,,,,,,,,,,,,,,,,
40048,,,,,,,,,,,,,,,,,,,,,,,,,,,,,2118,250,2118,250,,,,,,,,,,,,,86,10,86,10,1270,129,1270,129,,,,
1653,,,,,,,,,,,,,,,,,,,,,,,,,,,,,2118,129,2118,129,,,,,,,,,,,,,,,,,,,,,,,,
61714,,,,,,,,,,,,,,,,,,,,,,,,,,,,,2118,129,64,6,,,,,,,,,,,,,,,,,,,,,,,,
34754,,,,,,,,,,,,,,,,,,,,,,,,,,,,,2128,136,2128,136,,,,,,,,,,,,,,,,,,,,,,,,
46042,,,,,,,,,,,,,,,,,,,,,,,,,,,,,2164,171,2164,171,47,3,47,3,510,43,510,43,50,5,50,5,2382,179,2382,179,1461,124,1461,124,118,10,118,10
14806,,,,,,,,,,,,,,,,,,,,,,,,,,,,,2164,34,2164,34,,,,,,,,,,,,,,,,,2380,39,2380,39,,,,
35424,,,,,,,,,,,,,,,,,,,,,,,,,,,,,2176,35,2176,35,,,,,,,,,,,,,,,,,,,,,,,,
64687,,,,,,,,,,,,,,,,,,,,,,,,,,,,,,,,,1,1,1,1,45,8,24,3,118,20,47,9,153,23,61,10,1489,157,191,26,164,18,75,7
64894,,,,,,,,,,,,,,,,,,,,,,,,,,,,,,,,,2,1,1,1,29,5,3,1,10,4,6,3,72,9,14,3,9,1,5,1,54,8,19,4
77100,,,,,,,,,,,,,,,,,,,,,,,,,,,,,,,,,3,1,3,1,41,10,18,3,,,,,,,,,,,,,,,,
64686,,,,,,,,,,,,,,,,,,,,,,,,,,,,,,,,,4,2,4,2,43,7,23,2,75,13,38,7,120,18,52,8,621,65,136,17,191,21,82,8
61500,,,,,,,,,,,,,,,,,,,,,,,,,,,,,,,,,6,1,2,1,113,7,32,3,138,9,38,3,1313,73,133,6,856,53,112,4,1114,49,187,4
61291,,,,,,,,,,,,,,,,,,,,,,,,,,,,,,,,,8,1,6,1,806,100,89,17,416,61,81,13,1787,215,205,33,643,65,139,19,503,64,503,64
71590,,,,,,,,,,,,,,,,,,,,,,,,,,,,,,,,,9,1,1,1,4,1,2,1,53,6,12,1,414,25,20,3,495,38,53,6,115,9,38,7
67556,,,,,,,,,,,,,,,,,,,,,,,,,,,,,,,,,9,2,7,2,29,5,18,5,271,41,65,9,1069,134,121,16,1163,123,172,22,357,50,114,19
66438,,,,,,,,,,,,,,,,,,,,,,,,,,,,,,,,,16,4,4,1,63,11,28,8,225,35,41,5,1810,218,145,23,,,,,,,,
55889,,,,,,,,,,,,,,,,,,,,,,,,,,,,,,,,,16,1,10,1,339,18,71,2,352,18,78,5,636,37,138,12,1461,103,186,14,,,,
68842,,,,,,,,,,,,,,,,,,,,,,,,,,,,,,,,,38,2,16,2,339,20,42,4,722,46,95,6,47,4,26,1,1708,94,202,8,1187,52,192,5
69896,,,,,,,,,,,,,,,,,,,,,,,,,,,,,,,,,38,11,22,8,136,17,54,12,153,20,68,10,170,19,70,11,76,4,76,4,1495,96,1495,96
67307,,,,,,,,,,,,,,,,,,,,,,,,,,,,,,,,,43,3,18,1,218,24,37,5,2012,243,118,9,,,,,,,,,,,,
67096,,,,,,,,,,,,,,,,,,,,,,,,,,,,,,,,,12,1,1,1,32,2,1,1,105,10,9,1,56,3,7,2,2,1,2,1,91,5,18,2
4058,,,,,,,,,,,,,,,,,,,,,,,,,,,,,,,,,69,16,69,16,673,83,673,83,,,,,,,,,,,,,,,,
65579,,,,,,,,,,,,,,,,,,,,,,,,,,,,,,,,,77,9,21,2,42,3,22,3,158,21,54,4,113,20,51,6,907,120,160,15,,,,
66422,,,,,,,,,,,,,,,,,,,,,,,,,,,,,,,,,94,20,24,8,25,3,15,3,1113,150,102,16,41,7,24,6,423,45,110,16,928,118,174,24
57468,,,,,,,,,,,,,,,,,,,,,,,,,,,,,,,,,99,16,99,16,173,16,173,16,876,128,876,128,597,75,597,75,2177,284,2177,284,105,16,105,16
58162,,,,,,,,,,,,,,,,,,,,,,,,,,,,,,,,,99,15,99,15,,,,,,,,,,,,,,,,,,,,
43921,,,,,,,,,,,,,,,,,,,,,,,,,,,,,,,,,99,6,99,6,1592,84,1592,84,,,,,1956,110,1956,110,,,,,1039,42,1039,42
60856,,,,,,,,,,,,,,,,,,,,,,,,,,,,,,,,,106,17,106,17,981,122,981,122,,,,,,,,,,,,,,,,
59309,,,,,,,,,,,,,,,,,,,,,,,,,,,,,,,,,123,24,39,15,1449,178,102,21,98,13,54,8,2269,276,224,38,2417,292,2417,292,1670,193,1670,193
77263,,,,,,,,,,,,,,,,,,,,,,,,,,,,,,,,,123,8,123,8,97,11,97,11,702,50,702,50,2030,147,2030,147,1027,82,1027,82,952,65,952,65
38903,,,,,,,,,,,,,,,,,,,,,,,,,,,,,,,,,138,10,138,10,1592,145,1592,145,,,,,1750,125,1750,125,580,44,580,44,1989,129,1989,129
38622,,,,,,,,,,,,,,,,,,,,,,,,,,,,,,,,,138,6,138,6,448,26,448,26,1484,82,1484,82,2140,135,2140,135,495,37,495,37,,,,
67683,,,,,,,,,,,,,,,,,,,,,,,,,,,,,,,,,158,5,26,1,588,32,82,4,237,14,59,5,,,,,,,,,1328,78,1328,78
72665,,,,,,,,,,,,,,,,,,,,,,,,,,,,,,,,,158,24,26,5,270,40,67,12,590,71,89,15,190,26,74,12,13,3,13,3,1966,205,1966,205
55660,,,,,,,,,,,,,,,,,,,,,,,,,,,,,,,,,173,17,28,2,83,10,31,3,324,25,73,9,2314,174,150,16,746,82,148,20,2450,251,246,29
60479,,,,,,,,,,,,,,,,,,,,,,,,,,,,,,,,,173,16,44,2,1460,183,181,10,534,64,121,21,75,9,75,9,2050,225,2050,225,2402,275,2402,275
11728,,,,,,,,,,,,,,,,,,,,,,,,,,,,,,,,,187,6,187,6,806,50,806,50,264,17,264,17,1533,105,1533,105,1732,105,1732,105,2048,123,2048,123
63082,,,,,,,,,,,,,,,,,,,,,,,,,,,,,,,,,187,12,48,2,643,39,133,6,514,27,118,7,636,31,636,31,1675,91,1675,91,785,43,785,43
63462,,,,,,,,,,,,,,,,,,,,,,,,,,,,,,,,,187,31,2,1,5,1,4,1,1019,143,15,2,512,66,52,5,705,94,60,9,146,22,55,14
69129,,,,,,,,,,,,,,,,,,,,,,,,,,,,,,,,,187,10,29,2,54,2,38,2,324,15,73,2,170,8,70,1,877,54,156,7,2302,145,2302,145
60055,,,,,,,,,,,,,,,,,,,,,,,,,,,,,,,,,202,35,62,8,173,16,79,4,496,70,496,70,1096,132,1096,132,192,22,192,22,503,65,503,65
68370,,,,,,,,,,,,,,,,,,,,,,,,,,,,,,,,,202,10,52,3,57,1,39,1,1756,99,192,9,1011,58,161,14,415,32,415,32,242,14,242,14
59539,,,,,,,,,,,,,,,,,,,,,,,,,,,,,,,,,21,6,4,1,50,13,12,2,36,6,11,2,,,,,,,,,99,16,99,16
53442,,,,,,,,,,,,,,,,,,,,,,,,,,,,,,,,,217,22,217,22,1449,180,1449,180,1678,202,1678,202,,,,,2380,275,2380,275,,,,
76971,,,,,,,,,,,,,,,,,,,,,,,,,,,,,,,,,217,37,217,37,101,8,101,8,1678,221,1678,221,2109,276,2109,276,506,65,506,65,590,71,590,71
65002,,,,,,,,,,,,,,,,,,,,,,,,,,,,,,,,,227,9,31,2,296,12,41,3,555,38,87,7,672,51,107,9,444,20,115,7,,,,
19781,,,,,,,,,,,,,,,,,,,,,,,,,,,,,,,,,227,9,227,9,643,35,643,35,1735,89,1735,89,,,,,,,,,,,,
62324,,,,,,,,,,,,,,,,,,,,,,,,,,,,,,,,,23,2,7,2,12,2,5,1,6,2,5,2,49,7,16,3,41,4,41,4,75,12,75,12
64711,,,,,,,,,,,,,,,,,,,,,,,,,,,,,,,,,243,31,33,6,251,36,39,7,71,11,36,5,414,49,88,15,1115,121,170,23,845,54,169,18
64877,,,,,,,,,,,,,,,,,,,,,,,,,,,,,,,,,243,25,33,3,478,40,77,8,1299,104,103,13,1353,97,189,19,763,61,149,17,1562,98,1562,98
29215,,,,,,,,,,,,,,,,,,,,,,,,,,,,,,,,,282,29,282,29,1139,101,1139,101,2078,162,2078,162,,,,,931,74,931,74,2399,169,2399,169
60619,,,,,,,,,,,,,,,,,,,,,,,,,,,,,,,,,282,35,61,17,317,45,104,22,2189,266,216,40,1705,202,1705,202,830,84,830,84,2229,266,2229,266
27266,,,,,,,,,,,,,,,,,,,,,,,,,,,,,,,,,282,17,282,17,425,27,425,27,2189,105,2189,105,1597,81,1597,81,322,19,322,19,643,27,643,27
55827,,,,,,,,,,,,,,,,,,,,,,,,,,,,,,,,,282,35,73,17,1387,172,1387,172,147,18,147,18,215,27,215,27,1091,116,1091,116,2069,249,2069,249
55515,,,,,,,,,,,,,,,,,,,,,,,,,,,,,,,,,282,35,282,35,68,13,68,13,1858,203,1858,203,1141,120,1141,120,806,84,806,84,2048,213,2048,213
68817,,,,,,,,,,,,,,,,,,,,,,,,,,,,,,,,,282,8,9,2,7,1,6,1,19,2,14,2,270,17,42,4,788,45,110,12,667,52,108,13
66167,,,,,,,,,,,,,,,,,,,,,,,,,,,,,,,,,282,32,9,1,45,6,10,1,23,3,15,1,31,3,14,3,136,18,59,7,1204,130,129,12
39446,,,,,,,,,,,,,,,,,,,,,,,,,,,,,,,,,304,16,304,16,1617,87,1617,87,,,,,444,33,444,33,1137,62,1137,62,1638,92,1638,92
66254,,,,,,,,,,,,,,,,,,,,,,,,,,,,,,,,,330,37,330,37,279,36,279,36,2024,246,2024,246,985,113,985,113,322,41,322,41,1114,120,1114,120
43226,,,,,,,,,,,,,,,,,,,,,,,,,,,,,,,,,349,21,349,21,1471,95,1471,95,1698,94,1698,94,731,46,731,46,2085,144,2085,144,785,64,785,64
54739,,,,,,,,,,,,,,,,,,,,,,,,,,,,,,,,,349,52,70,6,1270,199,171,17,,,,,,,,,,,,,1966,261,1966,261
63254,,,,,,,,,,,,,,,,,,,,,,,,,,,,,,,,,377,24,90,5,609,36,130,4,423,26,423,26,1502,86,1502,86,58,8,58,8,2402,173,2402,173
57003,,,,,,,,,,,,,,,,,,,,,,,,,,,,,,,,,27,1,8,1,13,2,6,1,49,5,22,3,,,,,,,,,,,,
64279,,,,,,,,,,,,,,,,,,,,,,,,,,,,,,,,,377,57,40,4,531,69,80,5,797,115,98,8,,,,,,,,,,,,
41315,,,,,,,,,,,,,,,,,,,,,,,,,,,,,,,,,377,39,377,39,1440,137,1440,137,,,,,,,,,,,,,,,,
55409,,,,,,,,,,,,,,,,,,,,,,,,,,,,,,,,,377,21,75,6,1661,86,106,5,,,,,,,,,,,,,1966,128,1966,128
67143,,,,,,,,,,,,,,,,,,,,,,,,,,,,,,,,,377,22,377,22,1449,54,1449,54,1858,66,1858,66,2030,84,2030,84,1868,72,1868,72,2069,75,2069,75
56865,,,,,,,,,,,,,,,,,,,,,,,,,,,,,,,,,400,23,400,23,149,9,149,9,1918,93,1918,93,2120,109,2120,109,444,27,444,27,999,56,999,56
70033,,,,,,,,,,,,,,,,,,,,,,,,,,,,,,,,,436,68,436,68,562,74,562,74,1113,155,1113,155,597,75,597,75,1390,181,1390,181,1383,179,1383,179
59895,,,,,,,,,,,,,,,,,,,,,,,,,,,,,,,,,30,4,30,4,,,,,,,,,,,,,,,,,,,,
62375,,,,,,,,,,,,,,,,,,,,,,,,,,,,,,,,,436,48,436,48,609,78,609,78,440,53,440,53,928,62,928,62,1363,113,1363,113,1615,172,1615,172
42510,,,,,,,,,,,,,,,,,,,,,,,,,,,,,,,,,458,27,458,27,1364,74,1364,74,,,,,96,3,96,3,2394,126,2394,126,1753,99,1753,99
65247,,,,,,,,,,,,,,,,,,,,,,,,,,,,,,,,,458,26,85,4,24,1,17,1,856,27,150,3,2016,83,215,4,746,27,746,27,590,23,590,23
60699,,,,,,,,,,,,,,,,,,,,,,,,,,,,,,,,,458,47,44,6,13,2,11,2,271,16,65,7,798,50,150,17,1137,89,171,21,177,14,177,14
70830,,,,,,,,,,,,,,,,,,,,,,,,,,,,,,,,,495,20,495,20,1087,55,1087,55,2307,139,2307,139,,,,,,,,,999,41,999,41
50503,,,,,,,,,,,,,,,,,,,,,,,,,,,,,,,,,495,55,495,55,1115,131,1115,131,1698,184,1698,184,1810,180,1810,180,2262,228,2262,228,,,,
68349,,,,,,,,,,,,,,,,,,,,,,,,,,,,,,,,,532,60,111,14,806,101,806,101,331,41,331,41,912,98,912,98,621,65,621,65,,,,
45068,,,,,,,,,,,,,,,,,,,,,,,,,,,,,,,,,532,28,532,28,,,,,,,,,,,,,,,,,,,,
62464,,,,,,,,,,,,,,,,,,,,,,,,,,,,,,,,,532,34,90,4,1149,62,166,8,,,,,,,,,,,,,,,,
43234,,,,,,,,,,,,,,,,,,,,,,,,,,,,,,,,,532,31,532,31,,,,,,,,,,,,,,,,,,,,
64908,,,,,,,,,,,,,,,,,,,,,,,,,,,,,,,,,532,60,532,60,730,76,730,76,289,33,289,33,1975,241,1975,241,336,42,336,42,1383,147,1383,147
58257,,,,,,,,,,,,,,,,,,,,,,,,,,,,,,,,,565,59,565,59,,,,,,,,,,,,,,,,,,,,
52891,,,,,,,,,,,,,,,,,,,,,,,,,,,,,,,,,565,65,565,65,448,60,448,60,1654,179,1654,179,1858,185,1858,185,39,7,39,7,2132,224,2132,224
77395,,,,,,,,,,,,,,,,,,,,,,,,,,,,,,,,,565,65,565,65,746,96,746,96,44,9,44,9,1476,153,1476,153,830,89,830,89,981,107,981,107
17046,,,,,,,,,,,,,,,,,,,,,,,,,,,,,,,,,588,29,588,29,1260,65,1260,65,821,44,821,44,1810,90,1810,90,,,,,,,,
60430,,,,,,,,,,,,,,,,,,,,,,,,,,,,,,,,,588,68,47,8,478,64,45,9,,,,,,,,,,,,,,,,
75162,,,,,,,,,,,,,,,,,,,,,,,,,,,,,,,,,35,5,35,5,52,6,52,6,24,6,24,6,109,15,109,15,82,11,82,11,20,1,20,1
31950,,,,,,,,,,,,,,,,,,,,,,,,,,,,,,,,,588,30,588,30,897,43,897,43,1299,77,1299,77,672,39,672,39,1514,83,1514,83,1039,72,1039,72
54489,,,,,,,,,,,,,,,,,,,,,,,,,,,,,,,,,626,36,626,36,1377,68,1377,68,,,,,1423,86,1423,86,664,39,664,39,1301,86,1301,86
7819,,,,,,,,,,,,,,,,,,,,,,,,,,,,,,,,,669,78,669,78,797,84,797,84,2012,243,2012,243,1810,216,1810,216,,,,,1187,129,1187,129
49791,,,,,,,,,,,,,,,,,,,,,,,,,,,,,,,,,669,78,669,78,657,71,657,71,2012,243,2012,243,,,,,,,,,,,,
54415,,,,,,,,,,,,,,,,,,,,,,,,,,,,,,,,,669,39,669,39,194,10,194,10,555,33,555,33,1858,95,1858,95,960,52,960,52,1849,104,1849,104
62358,,,,,,,,,,,,,,,,,,,,,,,,,,,,,,,,,669,41,669,41,1440,93,1440,93,214,11,214,11,1423,78,1423,78,285,26,285,26,740,54,740,54
45858,,,,,,,,,,,,,,,,,,,,,,,,,,,,,,,,,703,76,703,76,1149,134,1149,134,2111,224,2111,224,,,,,,,,,,,,
74381,,,,,,,,,,,,,,,,,,,,,,,,,,,,,,,,,703,76,703,76,588,73,588,73,666,76,666,76,1279,135,1279,135,2125,218,2125,218,1473,154,1473,154
53280,,,,,,,,,,,,,,,,,,,,,,,,,,,,,,,,,40,12,11,3,18,3,8,2,,,,,,,,,,,,,,,,
67617,,,,,,,,,,,,,,,,,,,,,,,,,,,,,,,,,703,76,98,14,28,4,24,4,1832,200,197,32,1423,147,1423,147,,,,,,,,
4578,,,,,,,,,,,,,,,,,,,,,,,,,,,,,,,,,748,87,748,87,251,29,251,29,1484,174,1484,174,1502,173,1502,173,2303,264,2303,264,1891,210,1891,210
48431,,,,,,,,,,,,,,,,,,,,,,,,,,,,,,,,,748,42,748,42,1353,74,1353,74,,,,,1597,109,1597,109,,,,,2321,135,2321,135
54735,,,,,,,,,,,,,,,,,,,,,,,,,,,,,,,,,748,114,128,11,218,24,218,24,666,96,666,96,597,75,597,75,506,65,506,65,845,104,845,104
58769,,,,,,,,,,,,,,,,,,,,,,,,,,,,,,,,,748,87,748,87,806,85,806,85,741,85,741,85,1011,121,1011,121,1620,173,1620,173,323,37,323,37
63838,,,,,,,,,,,,,,,,,,,,,,,,,,,,,,,,,748,114,748,114,225,26,225,26,485,68,485,68,1563,200,1563,200,1163,147,1163,147,475,63,475,63
63692,,,,,,,,,,,,,,,,,,,,,,,,,,,,,,,,,788,48,49,2,48,4,35,3,534,31,85,6,134,11,62,5,1558,85,195,12,1204,67,1204,67
60021,,,,,,,,,,,,,,,,,,,,,,,,,,,,,,,,,788,13,788,13,673,4,673,4,722,34,722,34,962,61,962,61,467,32,467,32,892,65,892,65
73885,,,,,,,,,,,,,,,,,,,,,,,,,,,,,,,,,788,119,788,119,627,87,627,87,650,90,650,90,,,,,,,,,,,,
64670,,,,,,,,,,,,,,,,,,,,,,,,,,,,,,,,,788,119,131,12,87,7,87,7,767,110,767,110,928,108,928,108,506,65,506,65,1114,144,1114,144
60471,,,,,,,,,,,,,,,,,,,,,,,,,,,,,,,,,823,24,136,10,11,2,11,2,1484,87,1484,87,1313,95,1313,95,192,13,192,13,1801,112,1801,112
56845,,,,,,,,,,,,,,,,,,,,,,,,,,,,,,,,,856,135,856,135,1149,181,1149,181,,,,,258,36,258,36,1984,264,1984,264,643,75,643,75
43227,,,,,,,,,,,,,,,,,,,,,,,,,,,,,,,,,893,52,893,52,213,10,213,10,1087,64,1087,64,2056,128,2056,128,128,14,128,14,1615,128,1615,128
65150,,,,,,,,,,,,,,,,,,,,,,,,,,,,,,,,,893,52,105,6,1449,94,102,6,,,,,,,,,,,,,,,,
66011,,,,,,,,,,,,,,,,,,,,,,,,,,,,,,,,,893,38,105,5,1017,33,159,4,876,28,152,4,597,22,597,22,506,15,506,15,1071,36,1071,36
63718,,,,,,,,,,,,,,,,,,,,,,,,,,,,,,,,,893,78,893,78,287,24,287,24,1953,152,1953,152,1141,75,1141,75,2334,178,2334,178,,,,
48566,,,,,,,,,,,,,,,,,,,,,,,,,,,,,,,,,933,57,933,57,1637,89,1637,89,,,,,,,,,2485,150,2485,150,,,,
49177,,,,,,,,,,,,,,,,,,,,,,,,,,,,,,,,,933,94,933,94,296,45,296,45,1148,124,1148,124,444,55,444,55,2279,229,2279,229,1266,135,1266,135
60740,,,,,,,,,,,,,,,,,,,,,,,,,,,,,,,,,933,49,50,2,39,4,28,3,637,37,91,4,402,18,112,4,2050,114,213,10,475,24,475,24
31636,,,,,,,,,,,,,,,,,,,,,,,,,,,,,,,,,933,41,933,41,1419,52,1419,52,1196,39,1196,39,1197,50,1197,50,2018,78,2018,78,,,,
54731,,,,,,,,,,,,,,,,,,,,,,,,,,,,,,,,,971,157,150,14,539,70,539,70,1439,195,1439,195,877,103,877,103,1514,197,1514,197,1328,169,1328,169
148,,,,,,,,,,,,,,,,,,,,,,,,,,,,,,,,,971,114,971,114,1561,198,1561,198,,,,,,,,,,,,,1541,165,1541,165
60598,,,,,,,,,,,,,,,,,,,,,,,,,,,,,,,,,971,157,971,157,1471,223,1471,223,,,,,,,,,,,,,,,,
64214,,,,,,,,,,,,,,,,,,,,,,,,,,,,,,,,,971,58,971,58,1028,61,1028,61,1461,93,1461,93,,,,,,,,,981,53,981,53
63289,,,,,,,,,,,,,,,,,,,,,,,,,,,,,,,,,999,112,13,3,1353,167,49,11,,,,,,,,,,,,,,,,
74840,,,,,,,,,,,,,,,,,,,,,,,,,,,,,,,,,999,112,999,112,,,,,,,,,,,,,,,,,,,,
55410,,,,,,,,,,,,,,,,,,,,,,,,,,,,,,,,,1034,59,111,7,101,5,61,4,105,7,56,2,1674,97,1674,97,528,34,528,34,2255,142,2255,142
19875,,,,,,,,,,,,,,,,,,,,,,,,,,,,,,,,,1034,45,1034,45,925,30,925,30,683,19,683,19,1279,52,1279,52,1390,59,1390,59,684,29,684,29
6887,,,,,,,,,,,,,,,,,,,,,,,,,,,,,,,,,1070,170,1070,170,1432,216,1432,216,,,,,461,55,461,55,2435,318,2435,318,785,94,785,94
7251,,,,,,,,,,,,,,,,,,,,,,,,,,,,,,,,,1104,63,1104,63,1432,73,1432,73,,,,,,,,,,,,,,,,
63222,,,,,,,,,,,,,,,,,,,,,,,,,,,,,,,,,59,2,5,1,1,1,1,1,102,18,17,1,27,5,8,1,69,15,22,4,114,23,31,7
39851,,,,,,,,,,,,,,,,,,,,,,,,,,,,,,,,,1104,74,1104,74,,,,,1019,56,1019,56,877,47,877,47,2334,124,2334,124,643,27,643,27
71986,,,,,,,,,,,,,,,,,,,,,,,,,,,,,,,,,1126,16,1126,16,1449,21,1449,21,2280,31,2280,31,,,,,,,,,,,,
11040,,,,,,,,,,,,,,,,,,,,,,,,,,,,,,,,,1126,77,1126,77,806,46,806,46,1832,87,1832,87,1380,67,1380,67,276,14,276,14,1827,103,1827,103
78288,,,,,,,,,,,,,,,,,,,,,,,,,,,,,,,,,1126,180,1126,180,,,,,,,,,,,,,,,,,,,,
31224,,,,,,,,,,,,,,,,,,,,,,,,,,,,,,,,,1126,127,1126,127,1676,212,1676,212,,,,,,,,,,,,,,,,
36464,,,,,,,,,,,,,,,,,,,,,,,,,,,,,,,,,1126,73,1126,73,539,33,539,33,1756,99,1756,99,1991,119,1991,119,746,55,746,55,981,78,981,78
18044,,,,,,,,,,,,,,,,,,,,,,,,,,,,,,,,,1166,134,1166,134,,,,,571,58,571,58,1173,134,1173,134,1855,201,1855,201,1585,174,1585,174
77260,,,,,,,,,,,,,,,,,,,,,,,,,,,,,,,,,1166,121,1166,121,760,98,760,98,264,32,264,32,402,48,402,48,1489,157,1489,157,1204,130,1204,130
37594,,,,,,,,,,,,,,,,,,,,,,,,,,,,,,,,,1166,137,1166,137,,,,,,,,,,,,,,,,,643,76,643,76
51381,,,,,,,,,,,,,,,,,,,,,,,,,,,,,,,,,1166,134,163,11,,,,,,,,,,,,,,,,,,,,
61195,,,,,,,,,,,,,,,,,,,,,,,,,,,,,,,,,1223,192,1223,192,,,,,,,,,,,,,,,,,,,,
45032,,,,,,,,,,,,,,,,,,,,,,,,,,,,,,,,,1252,53,1252,53,870,28,870,28,2137,80,2137,80,,,,,,,,,,,,
64617,,,,,,,,,,,,,,,,,,,,,,,,,,,,,,,,,1252,85,1252,85,,,,,,,,,,,,,,,,,,,,
21044,,,,,,,,,,,,,,,,,,,,,,,,,,,,,,,,,1252,136,1252,136,,,,,,,,,,,,,,,,,,,,
49421,,,,,,,,,,,,,,,,,,,,,,,,,,,,,,,,,1282,153,1282,153,1105,134,1105,134,,,,,1991,244,1991,244,,,,,,,,
32385,,,,,,,,,,,,,,,,,,,,,,,,,,,,,,,,,1282,200,1282,200,913,136,913,136,305,45,305,45,2269,303,2269,303,2438,321,2438,321,,,,
62106,,,,,,,,,,,,,,,,,,,,,,,,,,,,,,,,,1282,200,121,9,493,60,79,4,1019,143,160,12,2207,290,222,22,580,82,580,82,1670,226,1670,226
64067,,,,,,,,,,,,,,,,,,,,,,,,,,,,,,,,,66,8,2,1,,,,,,,,,8,2,5,2,38,3,14,1,77,6,24,2
41246,,,,,,,,,,,,,,,,,,,,,,,,,,,,,,,,,1344,166,1344,166,,,,,,,,,,,,,2177,244,2177,244,,,,
8763,,,,,,,,,,,,,,,,,,,,,,,,,,,,,,,,,1344,144,1344,144,,,,,,,,,,,,,,,,,,,,
35342,,,,,,,,,,,,,,,,,,,,,,,,,,,,,,,,,1368,120,1368,120,,,,,,,,,,,,,298,20,298,20,2459,175,2459,175
38952,,,,,,,,,,,,,,,,,,,,,,,,,,,,,,,,,1394,126,1394,126,1139,101,1139,101,1417,111,1417,111,2193,164,2193,164,,,,,,,,
40345,,,,,,,,,,,,,,,,,,,,,,,,,,,,,,,,,1394,219,1394,219,1541,237,1541,237,41,3,41,3,580,72,580,72,2314,298,2314,298,2425,320,2425,320
39607,,,,,,,,,,,,,,,,,,,,,,,,,,,,,,,,,1412,66,1412,66,,,,,,,,,,,,,,,,,105,14,105,14
22973,,,,,,,,,,,,,,,,,,,,,,,,,,,,,,,,,1412,221,1412,221,236,27,236,27,1299,180,1299,180,2392,323,2392,323,314,38,314,38,807,97,807,97
40332,,,,,,,,,,,,,,,,,,,,,,,,,,,,,,,,,1412,128,1412,128,,,,,1858,147,1858,147,,,,,763,61,763,61,2444,173,2444,173
66021,,,,,,,,,,,,,,,,,,,,,,,,,,,,,,,,,69,14,69,14,,,,,,,,,,,,,,,,,,,,
47815,,,,,,,,,,,,,,,,,,,,,,,,,,,,,,,,,1412,221,1412,221,,,,,496,70,496,70,1502,193,1502,193,806,106,806,106,2551,337,2551,337
49645,,,,,,,,,,,,,,,,,,,,,,,,,,,,,,,,,1433,177,1433,177,,,,,,,,,,,,,,,,,,,,
19282,,,,,,,,,,,,,,,,,,,,,,,,,,,,,,,,,1433,177,1433,177,1053,124,1053,124,,,,,715,81,715,81,1438,149,1438,149,432,50,432,50
46605,,,,,,,,,,,,,,,,,,,,,,,,,,,,,,,,,1450,177,1450,177,,,,,,,,,1641,193,1641,193,856,88,856,88,2097,251,2097,251
40270,,,,,,,,,,,,,,,,,,,,,,,,,,,,,,,,,1450,83,1450,83,,,,,1603,88,1603,88,,,,,,,,,1495,122,1495,122
60293,,,,,,,,,,,,,,,,,,,,,,,,,,,,,,,,,1450,177,57,14,15,1,11,1,56,6,30,3,89,11,43,8,2414,133,225,9,643,47,144,8
21310,,,,,,,,,,,,,,,,,,,,,,,,,,,,,,,,,1465,180,1465,180,1201,145,1201,145,129,15,129,15,369,45,369,45,,,,,,,,
55601,,,,,,,,,,,,,,,,,,,,,,,,,,,,,,,,,1465,180,1465,180,,,,,2012,248,2012,248,,,,,,,,,,,,
59710,,,,,,,,,,,,,,,,,,,,,,,,,,,,,,,,,1478,180,1478,180,,,,,,,,,,,,,2262,258,2262,258,,,,
62006,,,,,,,,,,,,,,,,,,,,,,,,,,,,,,,,,1478,235,128,10,806,115,147,14,1945,248,202,15,,,,,,,,,,,,
61505,,,,,,,,,,,,,,,,,,,,,,,,,,,,,,,,,1533,70,193,15,493,26,123,9,53,5,53,5,140,3,140,3,336,15,336,15,1801,101,1801,101
5410,,,,,,,,,,,,,,,,,,,,,,,,,,,,,,,,,1533,90,1533,90,,,,,,,,,,,,,,,,,,,,
1105,,,,,,,,,,,,,,,,,,,,,,,,,,,,,,,,,1533,162,1533,162,,,,,,,,,,,,,,,,,,,,
67787,,,,,,,,,,,,,,,,,,,,,,,,,,,,,,,,,1603,256,14,3,,,,,5,1,4,1,1916,249,146,18,,,,,,,,
33417,,,,,,,,,,,,,,,,,,,,,,,,,,,,,,,,,1621,83,1621,83,,,,,1756,99,1756,99,,,,,,,,,490,35,490,35
64372,,,,,,,,,,,,,,,,,,,,,,,,,,,,,,,,,1641,177,136,22,287,41,68,13,571,68,128,23,159,24,67,11,238,30,238,30,952,103,952,103
10035,,,,,,,,,,,,,,,,,,,,,,,,,,,,,,,,,1684,79,1684,79,381,23,381,23,1339,77,1339,77,1858,106,1858,106,2050,111,2050,111,2477,126,2477,126
59328,,,,,,,,,,,,,,,,,,,,,,,,,,,,,,,,,1695,98,1695,98,,,,,360,19,360,19,798,51,798,51,95,4,95,4,1913,109,1913,109
67225,,,,,,,,,,,,,,,,,,,,,,,,,,,,,,,,,82,7,20,3,14,3,7,2,,,,,,,,,,,,,,,,
53062,,,,,,,,,,,,,,,,,,,,,,,,,,,,,,,,,1699,154,1699,154,,,,,,,,,,,,,,,,,,,,
68,,,,,,,,,,,,,,,,,,,,,,,,,,,,,,,,,1702,210,1702,210,,,,,,,,,,,,,664,73,664,73,2288,261,2288,261
63326,,,,,,,,,,,,,,,,,,,,,,,,,,,,,,,,,,,,,1,1,1,1,237,8,42,4,62,1,22,1,580,38,96,4,1753,99,145,9
74145,,,,,,,,,,,,,,,,,,,,,,,,,,,,,,,,,,,,,2,1,2,1,71,11,31,4,77,12,36,5,148,16,62,7,110,15,56,9
73372,,,,,,,,,,,,,,,,,,,,,,,,,,,,,,,,,,,,,3,2,1,1,105,5,14,3,120,8,15,1,580,38,56,4,31,2,20,1
67101,,,,,,,,,,,,,,,,,,,,,,,,,,,,,,,,,,,,,6,1,5,1,17,2,8,2,7,1,5,1,1207,128,68,8,347,48,85,12
75397,,,,,,,,,,,,,,,,,,,,,,,,,,,,,,,,,,,,,11,1,9,1,105,5,45,3,320,16,78,3,1438,121,185,22,330,21,110,13
51437,,,,,,,,,,,,,,,,,,,,,,,,,,,,,,,,,,,,,18,1,16,1,214,15,80,4,1096,57,1096,57,1620,93,1620,93,827,45,827,45
68864,,,,,,,,,,,,,,,,,,,,,,,,,,,,,,,,,,,,,20,2,8,2,259,16,44,5,329,26,46,6,39,3,29,3,1670,97,142,5
62329,,,,,,,,,,,,,,,,,,,,,,,,,,,,,,,,,,,,,27,4,17,2,389,40,80,4,655,73,106,8,1675,181,200,16,2069,232,233,14
77509,,,,,,,,,,,,,,,,,,,,,,,,,,,,,,,,,,,,,31,5,31,5,401,50,401,50,414,49,414,49,1751,177,1751,177,740,84,740,84
66328,,,,,,,,,,,,,,,,,,,,,,,,,,,,,,,,,,,,,33,7,19,6,,,,,,,,,,,,,,,,
67124,,,,,,,,,,,,,,,,,,,,,,,,,,,,,,,,,,,,,38,3,27,2,1367,67,106,5,390,17,108,3,444,22,115,2,1706,95,1706,95
70121,,,,,,,,,,,,,,,,,,,,,,,,,,,,,,,,,,,,,48,1,35,1,1148,67,165,5,1614,93,200,6,213,11,213,11,1420,92,1420,92
71810,,,,,,,,,,,,,,,,,,,,,,,,,,,,,,,,,,,,,58,3,11,1,41,3,22,2,96,6,29,1,92,4,47,2,1204,53,129,2
68728,,,,,,,,,,,,,,,,,,,,,,,,,,,,,,,,,,,,,68,13,29,5,1439,149,107,17,21,5,16,3,180,24,75,11,740,84,160,17
65049,,,,,,,,,,,,,,,,,,,,,,,,,,,,,,,,,,,,,4,1,4,1,17,5,13,4,105,14,28,5,62,7,62,7,34,3,34,3
79748,,,,,,,,,,,,,,,,,,,,,,,,,,,,,,,,,,,,,85,18,85,18,344,44,344,44,2217,219,2217,219,1326,137,1326,137,,,,
62804,,,,,,,,,,,,,,,,,,,,,,,,,,,,,,,,,,,,,121,12,52,5,514,55,84,5,877,103,154,13,877,93,156,13,159,20,159,20
79651,,,,,,,,,,,,,,,,,,,,,,,,,,,,,,,,,,,,,121,26,121,26,534,64,534,64,597,67,597,67,444,9,444,9,1781,33,1781,33
59555,,,,,,,,,,,,,,,,,,,,,,,,,,,,,,,,,,,,,126,15,126,15,767,102,767,102,1096,140,1096,140,143,15,143,15,384,52,384,52
60714,,,,,,,,,,,,,,,,,,,,,,,,,,,,,,,,,,,,,218,24,218,24,314,36,314,36,928,108,928,108,444,51,444,51,143,17,143,17
43940,,,,,,,,,,,,,,,,,,,,,,,,,,,,,,,,,,,,,251,34,251,34,2003,246,2003,246,1614,190,1614,190,2245,268,2245,268,,,,
66164,,,,,,,,,,,,,,,,,,,,,,,,,,,,,,,,,,,,,260,32,40,6,27,4,18,2,1043,126,120,10,54,5,35,3,305,35,105,11
52719,,,,,,,,,,,,,,,,,,,,,,,,,,,,,,,,,,,,,296,19,296,19,1972,101,1972,101,,,,,,,,,,,,
58344,,,,,,,,,,,,,,,,,,,,,,,,,,,,,,,,,,,,,330,40,330,40,1508,177,1508,177,,,,,,,,,105,14,105,14
64456,,,,,,,,,,,,,,,,,,,,,,,,,,,,,,,,,,,,,339,41,339,41,2078,252,2078,252,311,37,311,37,1592,167,1592,167,1237,131,1237,131
15884,,,,,,,,,,,,,,,,,,,,,,,,,,,,,,,,,,,,,381,21,381,21,1953,96,1953,96,774,41,774,41,322,19,322,19,1615,87,1615,87
72650,,,,,,,,,,,,,,,,,,,,,,,,,,,,,,,,,,,,,397,23,74,3,1918,113,200,10,73,5,36,5,1943,138,1943,138,845,72,845,72
42386,,,,,,,,,,,,,,,,,,,,,,,,,,,,,,,,,,,,,440,29,440,29,968,53,968,53,50,11,50,11,247,33,247,33,952,100,952,100
61428,,,,,,,,,,,,,,,,,,,,,,,,,,,,,,,,,,,,,448,50,448,50,1392,162,1392,162,1787,211,1787,211,1675,181,1675,181,,,,
65902,,,,,,,,,,,,,,,,,,,,,,,,,,,,,,,,,,,,,448,60,44,8,7,2,6,2,220,32,66,11,223,27,70,9,1450,151,210,24
58455,,,,,,,,,,,,,,,,,,,,,,,,,,,,,,,,,,,,,478,29,119,6,2206,129,2206,129,,,,,1751,96,1751,96,,,,
1574,,,,,,,,,,,,,,,,,,,,,,,,,,,,,,,,,,,,,539,49,539,49,2137,165,2137,165,,,,,,,,,,,,
79256,,,,,,,,,,,,,,,,,,,,,,,,,,,,,,,,,,,,,28,4,28,4,,,,,,,,,,,,,,,,
50401,,,,,,,,,,,,,,,,,,,,,,,,,,,,,,,,,,,,,673,73,673,73,1087,123,1087,123,1724,204,1724,204,388,46,388,46,2536,289,2536,289
45665,,,,,,,,,,,,,,,,,,,,,,,,,,,,,,,,,,,,,704,97,704,97,1953,250,1953,250,1975,260,1975,260,,,,,,,,
5338,,,,,,,,,,,,,,,,,,,,,,,,,,,,,,,,,,,,,717,6,717,6,1113,9,1113,9,2346,36,2346,36,,,,,,,,
65823,,,,,,,,,,,,,,,,,,,,,,,,,,,,,,,,,,,,,746,79,746,79,2189,264,2189,264,,,,,,,,,,,,
44127,,,,,,,,,,,,,,,,,,,,,,,,,,,,,,,,,,,,,746,68,746,68,921,73,921,73,2045,151,2045,151,788,66,788,66,1039,68,1039,68
79455,,,,,,,,,,,,,,,,,,,,,,,,,,,,,,,,,,,,,797,43,797,43,1800,94,1800,94,1279,66,1279,66,,,,,,,,
32965,,,,,,,,,,,,,,,,,,,,,,,,,,,,,,,,,,,,,897,47,897,47,590,39,590,39,1011,53,1011,53,1137,68,1137,68,432,15,432,15
45173,,,,,,,,,,,,,,,,,,,,,,,,,,,,,,,,,,,,,913,29,913,29,1562,54,1562,54,,,,,,,,,549,19,549,19
58733,,,,,,,,,,,,,,,,,,,,,,,,,,,,,,,,,,,,,925,98,925,98,86,12,86,12,1380,156,1380,156,1363,140,1363,140,432,50,432,50
42488,,,,,,,,,,,,,,,,,,,,,,,,,,,,,,,,,,,,,925,47,925,47,1461,71,1461,71,,,,,,,,,,,,
79864,,,,,,,,,,,,,,,,,,,,,,,,,,,,,,,,,,,,,1028,92,1028,92,1562,121,1562,121,,,,,,,,,,,,
72635,,,,,,,,,,,,,,,,,,,,,,,,,,,,,,,,,,,,,1053,165,1053,165,2003,261,2003,261,,,,,,,,,,,,
58520,,,,,,,,,,,,,,,,,,,,,,,,,,,,,,,,,,,,,1053,54,96,5,,,,,,,,,,,,,,,,
79591,,,,,,,,,,,,,,,,,,,,,,,,,,,,,,,,,,,,,1074,169,1074,169,1019,143,1019,143,2217,293,2217,293,596,84,596,84,1827,242,1827,242
49546,,,,,,,,,,,,,,,,,,,,,,,,,,,,,,,,,,,,,1125,137,1125,137,,,,,62,8,62,8,1163,123,1163,123,1801,197,1801,197
24388,,,,,,,,,,,,,,,,,,,,,,,,,,,,,,,,,,,,,1167,32,1167,32,,,,,,,,,,,,,1420,88,1420,88
44743,,,,,,,,,,,,,,,,,,,,,,,,,,,,,,,,,,,,,1185,142,1185,142,1537,194,1537,194,1674,199,1674,199,1055,110,1055,110,1364,164,1364,164
55822,,,,,,,,,,,,,,,,,,,,,,,,,,,,,,,,,,,,,1185,142,1185,142,2225,271,2225,271,,,,,2394,289,2394,289,,,,
55656,,,,,,,,,,,,,,,,,,,,,,,,,,,,,,,,,,,,,1260,116,169,20,,,,,,,,,,,,,,,,
59468,,,,,,,,,,,,,,,,,,,,,,,,,,,,,,,,,,,,,1270,70,1270,70,,,,,,,,,2296,119,2296,119,,,,
79749,,,,,,,,,,,,,,,,,,,,,,,,,,,,,,,,,,,,,1317,162,100,19,534,75,121,22,877,94,154,22,2207,170,2207,170,2048,133,2048,133
49222,,,,,,,,,,,,,,,,,,,,,,,,,,,,,,,,,,,,,1345,92,1345,92,,,,,,,,,,,,,,,,
20233,,,,,,,,,,,,,,,,,,,,,,,,,,,,,,,,,,,,,1364,153,1364,153,838,94,838,94,2129,213,2129,213,856,93,856,93,590,68,590,68
79424,,,,,,,,,,,,,,,,,,,,,,,,,,,,,,,,,,,,,1471,164,1471,164,1815,198,1815,198,2307,228,2307,228,,,,,,,,
6091,,,,,,,,,,,,,,,,,,,,,,,,,,,,,,,,,,,,,1513,232,1513,232,,,,,,,,,,,,,,,,
380,,,,,,,,,,,,,,,,,,,,,,,,,,,,,,,,,,,,,1553,86,1553,86,,,,,,,,,,,,,,,,
64843,,,,,,,,,,,,,,,,,,,,,,,,,,,,,,,,,,,,,1653,254,50,5,,,,,,,,,,,,,,,,
31711,,,,,,,,,,,,,,,,,,,,,,,,,,,,,,,,,,,,,1666,105,1666,105,,,,,1674,103,1674,103,178,21,178,21,2148,161,2148,161
28747,,,,,,,,,,,,,,,,,,,,,,,,,,,,,,,,,,,,,1677,92,1677,92,,,,,,,,,,,,,1706,102,1706,102
71593,,,,,,,,,,,,,,,,,,,,,,,,,,,,,,,,,,,,,,,,,1,1,1,1,566,63,21,2,877,97,62,6,764,86,64,4
74016,,,,,,,,,,,,,,,,,,,,,,,,,,,,,,,,,,,,,,,,,1,1,1,1,51,9,1,1,1,1,1,1,48,8,6,1
74999,,,,,,,,,,,,,,,,,,,,,,,,,,,,,,,,,,,,,,,,,2,1,1,1,86,5,14,3,43,3,10,1,207,18,47,7
74971,,,,,,,,,,,,,,,,,,,,,,,,,,,,,,,,,,,,,,,,,4,1,3,1,928,62,61,9,36,5,27,4,892,57,119,15
72503,,,,,,,,,,,,,,,,,,,,,,,,,,,,,,,,,,,,,,,,,6,1,2,1,14,2,7,1,907,45,15,2,35,6,22,3
66134,,,,,,,,,,,,,,,,,,,,,,,,,,,,,,,,,,,,,,,,,8,3,4,2,96,15,29,4,114,16,36,4,198,22,67,4
72749,,,,,,,,,,,,,,,,,,,,,,,,,,,,,,,,,,,,,,,,,9,2,5,1,444,53,51,4,76,7,29,4,1025,130,124,20
76409,,,,,,,,,,,,,,,,,,,,,,,,,,,,,,,,,,,,,,,,,11,1,9,1,11,1,8,1,1363,141,182,26,229,30,93,14
68843,,,,,,,,,,,,,,,,,,,,,,,,,,,,,,,,,,,,,,,,,12,1,9,1,512,26,52,2,238,10,72,3,2195,108,153,3
60063,,,,,,,,,,,,,,,,,,,,,,,,,,,,,,,,,,,,,,,,,13,1,11,1,1614,186,1614,186,,,,,,,,
69012,,,,,,,,,,,,,,,,,,,,,,,,,,,,,,,,,,,,,,,,,15,2,6,1,13,2,6,1,118,10,38,4,64,11,30,5
63330,,,,,,,,,,,,,,,,,,,,,,,,,,,,,,,,,,,,,,,,,16,1,7,1,1580,79,25,2,285,15,49,2,399,15,54,3
76165,,,,,,,,,,,,,,,,,,,,,,,,,,,,,,,,,,,,,,,,,18,2,13,1,37,2,16,1,830,66,111,11,347,23,85,6
68815,,,,,,,,,,,,,,,,,,,,,,,,,,,,,,,,,,,,,,,,,2,1,2,1,31,4,5,1,10,1,4,1,43,6,11,2
71253,,,,,,,,,,,,,,,,,,,,,,,,,,,,,,,,,,,,,,,,,24,3,9,3,248,20,19,4,76,4,29,3,892,48,65,2
72361,,,,,,,,,,,,,,,,,,,,,,,,,,,,,,,,,,,,,,,,,25,4,17,2,1197,149,63,10,1644,186,134,18,701,86,112,16
65454,,,,,,,,,,,,,,,,,,,,,,,,,,,,,,,,,,,,,,,,,27,3,18,2,55,4,30,4,285,19,75,7,314,20,107,12
41414,,,,,,,,,,,,,,,,,,,,,,,,,,,,,,,,,,,,,,,,,32,8,32,8,529,61,529,61,643,71,643,71,565,63,565,63
67632,,,,,,,,,,,,,,,,,,,,,,,,,,,,,,,,,,,,,,,,,33,3,20,3,1118,83,62,8,580,36,96,11,1383,86,136,15
64830,,,,,,,,,,,,,,,,,,,,,,,,,,,,,,,,,,,,,,,,,35,4,21,4,339,23,49,6,1326,83,126,14,624,48,104,12
67255,,,,,,,,,,,,,,,,,,,,,,,,,,,,,,,,,,,,,,,,,38,2,26,1,1836,92,208,11,213,7,213,7,136,6,136,6
66068,,,,,,,,,,,,,,,,,,,,,,,,,,,,,,,,,,,,,,,,,44,2,10,2,96,3,29,2,336,21,50,3,110,5,47,3
74358,,,,,,,,,,,,,,,,,,,,,,,,,,,,,,,,,,,,,,,,,46,5,46,5,148,16,148,16,136,14,136,14,1891,223,1891,223
70703,,,,,,,,,,,,,,,,,,,,,,,,,,,,,,,,,,,,,,,,,46,1,11,1,92,3,28,1,467,13,52,3,1301,40,134,4
66909,,,,,,,,,,,,,,,,,,,,,,,,,,,,,,,,,,,,,,,,,50,5,25,5,288,20,44,5,298,19,78,9,2274,137,155,18
55222,,,,,,,,,,,,,,,,,,,,,,,,,,,,,,,,,,,,,,,,,50,4,50,4,689,52,689,52,643,29,643,29,1670,97,1670,97
69716,,,,,,,,,,,,,,,,,,,,,,,,,,,,,,,,,,,,,,,,,53,6,26,3,329,21,46,7,596,46,100,13,1638,105,141,18
35172,,,,,,,,,,,,,,,,,,,,,,,,,,,,,,,,,,,,,,,,,56,4,56,4,1502,84,1502,84,,,,,,,,
63335,,,,,,,,,,,,,,,,,,,,,,,,,,,,,,,,,,,,,,,,,56,3,30,3,126,10,56,4,314,10,98,4,1941,111,228,12
76918,,,,,,,,,,,,,,,,,,,,,,,,,,,,,,,,,,,,,,,,,62,8,62,8,547,61,547,61,763,81,763,81,139,16,139,16
74850,,,,,,,,,,,,,,,,,,,,,,,,,,,,,,,,,,,,,,,,,62,1,29,1,715,43,109,3,22,3,19,3,684,49,152,10
60812,,,,,,,,,,,,,,,,,,,,,,,,,,,,,,,,,,,,,,,,,64,8,30,5,329,21,79,9,1027,82,119,16,1849,116,226,24
64083,,,,,,,,,,,,,,,,,,,,,,,,,,,,,,,,,,,,,,,,,69,9,41,4,2247,274,2247,274,75,10,75,10,1266,134,1266,134
30903,,,,,,,,,,,,,,,,,,,,,,,,,,,,,,,,,,,,,,,,,71,3,71,3,2364,127,2364,127,204,10,204,10,892,65,892,65
49016,,,,,,,,,,,,,,,,,,,,,,,,,,,,,,,,,,,,,,,,,71,10,71,10,1563,159,1563,159,49,8,49,8,2302,239,2302,239
68813,,,,,,,,,,,,,,,,,,,,,,,,,,,,,,,,,,,,,,,,,4,2,3,2,3,1,2,1,18,3,6,2,76,13,16,5
68783,,,,,,,,,,,,,,,,,,,,,,,,,,,,,,,,,,,,,,,,,75,8,13,2,144,14,37,6,168,19,44,6,740,89,115,17
41442,,,,,,,,,,,,,,,,,,,,,,,,,,,,,,,,,,,,,,,,,79,4,79,4,2217,115,2217,115,,,,,,,,
58563,,,,,,,,,,,,,,,,,,,,,,,,,,,,,,,,,,,,,,,,,79,5,40,3,59,4,32,4,2380,160,223,17,59,2,35,2
60652,,,,,,,,,,,,,,,,,,,,,,,,,,,,,,,,,,,,,,,,,81,3,81,3,2001,81,2001,81,1751,66,1751,66,2274,85,2274,85
66738,,,,,,,,,,,,,,,,,,,,,,,,,,,,,,,,,,,,,,,,,5,1,4,1,3,1,2,1,27,3,11,1,99,14,21,3
60408,,,,,,,,,,,,,,,,,,,,,,,,,,,,,,,,,,,,,,,,,82,14,82,14,689,79,689,79,1777,181,1777,181,41,6,41,6
77580,,,,,,,,,,,,,,,,,,,,,,,,,,,,,,,,,,,,,,,,,82,9,82,9,597,36,597,36,1390,116,1390,116,785,51,785,51
64925,,,,,,,,,,,,,,,,,,,,,,,,,,,,,,,,,,,,,,,,,89,5,50,4,566,41,131,10,266,14,266,14,1160,67,1160,67
70889,,,,,,,,,,,,,,,,,,,,,,,,,,,,,,,,,,,,,,,,,102,7,44,1,339,15,101,2,1055,64,167,7,1638,92,1638,92
76729,,,,,,,,,,,,,,,,,,,,,,,,,,,,,,,,,,,,,,,,,102,9,102,9,1476,189,1476,189,1558,203,1558,203,1450,194,1450,194
34311,,,,,,,,,,,,,,,,,,,,,,,,,,,,,,,,,,,,,,,,,105,10,105,10,2369,321,2369,321,621,86,621,86,2115,273,2115,273
48989,,,,,,,,,,,,,,,,,,,,,,,,,,,,,,,,,,,,,,,,,105,9,105,9,2314,145,2314,145,1002,61,1002,61,207,18,207,18
67326,,,,,,,,,,,,,,,,,,,,,,,,,,,,,,,,,,,,,,,,,118,6,47,4,311,14,93,3,118,7,60,3,2332,118,2332,118
63973,,,,,,,,,,,,,,,,,,,,,,,,,,,,,,,,,,,,,,,,,118,6,35,4,44,5,17,3,467,22,89,6,272,9,78,1
81542,,,,,,,,,,,,,,,,,,,,,,,,,,,,,,,,,,,,,,,,,124,7,124,7,258,10,258,10,423,23,423,23,1094,47,1094,47
66313,,,,,,,,,,,,,,,,,,,,,,,,,,,,,,,,,,,,,,,,,125,14,36,3,472,57,94,11,1390,181,128,13,1383,179,203,26
64230,,,,,,,,,,,,,,,,,,,,,,,,,,,,,,,,,,,,,,,,,132,13,63,5,689,77,142,12,2066,226,2066,226,191,24,191,24
76315,,,,,,,,,,,,,,,,,,,,,,,,,,,,,,,,,,,,,,,,,132,16,37,4,621,79,56,8,41,5,30,4,527,66,100,14
66031,,,,,,,,,,,,,,,,,,,,,,,,,,,,,,,,,,,,,,,,,135,7,52,4,1173,67,127,10,2349,158,222,16,1137,89,191,14
55785,,,,,,,,,,,,,,,,,,,,,,,,,,,,,,,,,,,,,,,,,153,20,153,20,,,,,,,,,,,,
49561,,,,,,,,,,,,,,,,,,,,,,,,,,,,,,,,,,,,,,,,,158,18,158,18,859,98,859,98,1558,162,1558,162,2255,255,2255,255
40973,,,,,,,,,,,,,,,,,,,,,,,,,,,,,,,,,,,,,,,,,158,22,158,22,1899,229,1899,229,2367,286,2367,286,952,116,952,116
68852,,,,,,,,,,,,,,,,,,,,,,,,,,,,,,,,,,,,,,,,,158,22,158,22,731,91,731,91,1438,149,1438,149,2016,239,2016,239
63410,,,,,,,,,,,,,,,,,,,,,,,,,,,,,,,,,,,,,,,,,9,3,5,2,6,2,4,2,103,14,21,2,44,5,16,2
28065,,,,,,,,,,,,,,,,,,,,,,,,,,,,,,,,,,,,,,,,,168,10,168,10,754,46,754,46,664,39,664,39,624,44,624,44
68510,,,,,,,,,,,,,,,,,,,,,,,,,,,,,,,,,,,,,,,,,168,24,39,6,1724,172,71,8,,,,,,,,
58585,,,,,,,,,,,,,,,,,,,,,,,,,,,,,,,,,,,,,,,,,174,26,174,26,547,73,547,73,1055,110,1055,110,1966,232,1966,232
40827,,,,,,,,,,,,,,,,,,,,,,,,,,,,,,,,,,,,,,,,,181,23,181,23,230,33,230,33,2398,311,2398,311,2148,281,2148,281
50087,,,,,,,,,,,,,,,,,,,,,,,,,,,,,,,,,,,,,,,,,196,21,196,21,2382,286,2382,286,,,,,1473,156,1473,156
67394,,,,,,,,,,,,,,,,,,,,,,,,,,,,,,,,,,,,,,,,,196,21,40,3,1118,132,124,12,359,44,82,9,68,7,42,2
72072,,,,,,,,,,,,,,,,,,,,,,,,,,,,,,,,,,,,,,,,,196,21,75,6,220,25,81,6,276,36,276,36,2033,226,2033,226
71624,,,,,,,,,,,,,,,,,,,,,,,,,,,,,,,,,,,,,,,,,12,1,6,1,2,1,1,1,94,5,19,2,9,2,6,2
59913,,,,,,,,,,,,,,,,,,,,,,,,,,,,,,,,,,,,,,,,,222,13,222,13,,,,,,,,,2491,143,2491,143
69199,,,,,,,,,,,,,,,,,,,,,,,,,,,,,,,,,,,,,,,,,225,35,81,12,820,100,820,100,,,,,,,,
61568,,,,,,,,,,,,,,,,,,,,,,,,,,,,,,,,,,,,,,,,,225,12,225,12,2238,141,2238,141,444,34,444,34,2033,152,2033,152
71399,,,,,,,,,,,,,,,,,,,,,,,,,,,,,,,,,,,,,,,,,225,35,81,12,962,121,157,22,159,17,159,17,1071,132,1071,132
39514,,,,,,,,,,,,,,,,,,,,,,,,,,,,,,,,,,,,,,,,,14,2,14,2,53,7,53,7,42,4,42,4,50,4,50,4
56757,,,,,,,,,,,,,,,,,,,,,,,,,,,,,,,,,,,,,,,,,246,9,246,9,580,29,580,29,1931,106,1931,106,1495,81,1495,81
71053,,,,,,,,,,,,,,,,,,,,,,,,,,,,,,,,,,,,,,,,,246,14,43,6,148,12,60,8,204,16,68,6,740,49,160,17
71157,,,,,,,,,,,,,,,,,,,,,,,,,,,,,,,,,,,,,,,,,246,14,87,8,157,9,157,9,907,54,907,54,384,39,384,39
39957,,,,,,,,,,,,,,,,,,,,,,,,,,,,,,,,,,,,,,,,,259,15,259,15,1641,115,1641,115,931,74,931,74,357,22,357,22
70656,,,,,,,,,,,,,,,,,,,,,,,,,,,,,,,,,,,,,,,,,264,32,45,7,3,2,2,1,2224,223,142,17,1094,117,126,11
79080,,,,,,,,,,,,,,,,,,,,,,,,,,,,,,,,,,,,,,,,,271,37,271,37,1248,157,1248,157,1207,153,1207,153,,,,
73438,,,,,,,,,,,,,,,,,,,,,,,,,,,,,,,,,,,,,,,,,283,36,283,36,1975,197,1975,197,1137,123,1137,123,1160,124,1160,124
64050,,,,,,,,,,,,,,,,,,,,,,,,,,,,,,,,,,,,,,,,,289,43,68,5,200,28,64,9,136,15,66,6,216,31,89,17
51541,,,,,,,,,,,,,,,,,,,,,,,,,,,,,,,,,,,,,,,,,298,35,298,35,1279,145,1279,145,1777,193,1777,193,527,60,527,60
57303,,,,,,,,,,,,,,,,,,,,,,,,,,,,,,,,,,,,,,,,,298,17,298,17,1641,91,1641,91,481,29,481,29,432,15,432,15
44064,,,,,,,,,,,,,,,,,,,,,,,,,,,,,,,,,,,,,,,,,305,18,305,18,1975,113,1975,113,,,,,,,,
57449,,,,,,,,,,,,,,,,,,,,,,,,,,,,,,,,,,,,,,,,,305,12,305,12,1224,58,1224,58,1514,82,1514,82,,,,
63735,,,,,,,,,,,,,,,,,,,,,,,,,,,,,,,,,,,,,,,,,314,49,314,49,1991,238,1991,238,2343,283,2343,283,871,102,871,102
80852,,,,,,,,,,,,,,,,,,,,,,,,,,,,,,,,,,,,,,,,,314,38,314,38,,,,,,,,,,,,
63028,,,,,,,,,,,,,,,,,,,,,,,,,,,,,,,,,,,,,,,,,324,39,324,39,1096,130,1096,130,,,,,,,,
20535,,,,,,,,,,,,,,,,,,,,,,,,,,,,,,,,,,,,,,,,,331,51,331,51,1353,168,1353,168,2066,244,2066,244,667,78,667,78
71218,,,,,,,,,,,,,,,,,,,,,,,,,,,,,,,,,,,,,,,,,344,7,344,7,1502,61,1502,61,1002,40,1002,40,1638,55,1638,55
36460,,,,,,,,,,,,,,,,,,,,,,,,,,,,,,,,,,,,,,,,,352,49,352,49,486,60,486,60,1965,261,1965,261,1383,179,1383,179
2024,,,,,,,,,,,,,,,,,,,,,,,,,,,,,,,,,,,,,,,,,360,20,360,20,414,21,414,21,322,14,322,14,2195,115,2195,115
61902,,,,,,,,,,,,,,,,,,,,,,,,,,,,,,,,,,,,,,,,,389,23,389,23,689,40,689,40,1931,137,1931,137,539,41,539,41
41507,,,,,,,,,,,,,,,,,,,,,,,,,,,,,,,,,,,,,,,,,401,43,401,43,311,37,311,37,2279,259,2279,259,643,75,643,75
76199,,,,,,,,,,,,,,,,,,,,,,,,,,,,,,,,,,,,,,,,,401,43,401,43,1858,223,1858,223,336,42,336,42,410,48,410,48
73559,,,,,,,,,,,,,,,,,,,,,,,,,,,,,,,,,,,,,,,,,423,62,423,62,843,101,843,101,2234,290,2234,290,330,47,330,47
65052,,,,,,,,,,,,,,,,,,,,,,,,,,,,,,,,,,,,,,,,,423,22,423,22,369,25,369,25,1965,119,1965,119,785,55,785,55
52527,,,,,,,,,,,,,,,,,,,,,,,,,,,,,,,,,,,,,,,,,440,2,440,2,859,13,859,13,613,13,613,13,1585,31,1585,31
28217,,,,,,,,,,,,,,,,,,,,,,,,,,,,,,,,,,,,,,,,,440,28,440,28,2291,139,2291,139,1708,103,1708,103,399,16,399,16
45704,,,,,,,,,,,,,,,,,,,,,,,,,,,,,,,,,,,,,,,,,462,67,462,67,2314,311,2314,311,1438,189,1438,189,2425,320,2425,320
65700,,,,,,,,,,,,,,,,,,,,,,,,,,,,,,,,,,,,,,,,,462,36,48,7,501,32,96,12,403,35,85,9,2402,170,245,25
54204,,,,,,,,,,,,,,,,,,,,,,,,,,,,,,,,,,,,,,,,,473,55,473,55,1,1,1,1,1363,143,1363,143,643,27,643,27
8192,,,,,,,,,,,,,,,,,,,,,,,,,,,,,,,,,,,,,,,,,496,59,496,59,731,82,731,82,2367,238,2367,238,1518,162,1518,162
60604,,,,,,,,,,,,,,,,,,,,,,,,,,,,,,,,,,,,,,,,,496,70,496,70,1836,239,1836,239,1185,150,1185,150,667,81,667,81
47906,,,,,,,,,,,,,,,,,,,,,,,,,,,,,,,,,,,,,,,,,534,35,534,35,2349,155,2349,155,,,,,,,,
80873,,,,,,,,,,,,,,,,,,,,,,,,,,,,,,,,,,,,,,,,,27,1,8,1,,,,,,,,,,,,
61972,,,,,,,,,,,,,,,,,,,,,,,,,,,,,,,,,,,,,,,,,555,67,125,22,512,59,125,19,1207,70,1207,70,764,42,764,42
55044,,,,,,,,,,,,,,,,,,,,,,,,,,,,,,,,,,,,,,,,,29,3,29,3,110,16,110,16,,,,,57,10,57,10
66206,,,,,,,,,,,,,,,,,,,,,,,,,,,,,,,,,,,,,,,,,555,31,87,10,859,63,114,10,,,,,,,,
48024,,,,,,,,,,,,,,,,,,,,,,,,,,,,,,,,,,,,,,,,,571,38,571,38,1750,97,1750,97,54,2,54,2,1585,73,1585,73
80746,,,,,,,,,,,,,,,,,,,,,,,,,,,,,,,,,,,,,,,,,590,39,590,39,1975,113,1975,113,1326,79,1326,79,425,14,425,14
61730,,,,,,,,,,,,,,,,,,,,,,,,,,,,,,,,,,,,,,,,,30,4,10,2,16,3,8,1,32,7,16,4,,,,
58188,,,,,,,,,,,,,,,,,,,,,,,,,,,,,,,,,,,,,,,,,605,42,605,42,715,36,715,36,53,1,53,1,2450,123,2450,123
72314,,,,,,,,,,,,,,,,,,,,,,,,,,,,,,,,,,,,,,,,,605,81,49,5,1401,180,67,6,543,75,93,8,2315,304,156,22
69873,,,,,,,,,,,,,,,,,,,,,,,,,,,,,,,,,,,,,,,,,621,82,621,82,329,39,329,39,931,94,931,94,2321,276,2321,276
43782,,,,,,,,,,,,,,,,,,,,,,,,,,,,,,,,,,,,,,,,,637,44,637,44,1956,110,1956,110,1708,94,1708,94,,,,
18799,,,,,,,,,,,,,,,,,,,,,,,,,,,,,,,,,,,,,,,,,637,17,637,17,672,27,672,27,2101,84,2101,84,198,7,198,7
37608,,,,,,,,,,,,,,,,,,,,,,,,,,,,,,,,,,,,,,,,,650,69,650,69,1401,160,1401,160,1438,149,1438,149,1301,137,1301,137
68450,,,,,,,,,,,,,,,,,,,,,,,,,,,,,,,,,,,,,,,,,702,50,50,8,80,7,26,5,725,57,108,14,1114,73,128,16
55819,,,,,,,,,,,,,,,,,,,,,,,,,,,,,,,,,,,,,,,,,702,92,702,92,2152,263,2152,263,,,,,,,,
53759,,,,,,,,,,,,,,,,,,,,,,,,,,,,,,,,,,,,,,,,,767,38,767,38,165,4,165,4,444,30,444,30,1801,120,1801,120
48023,,,,,,,,,,,,,,,,,,,,,,,,,,,,,,,,,,,,,,,,,767,48,767,48,175,8,175,8,423,23,423,23,2187,107,2187,107
70039,,,,,,,,,,,,,,,,,,,,,,,,,,,,,,,,,,,,,,,,,767,102,143,25,190,23,74,12,1390,143,1390,143,892,104,892,104
79373,,,,,,,,,,,,,,,,,,,,,,,,,,,,,,,,,,,,,,,,,767,110,767,110,2030,267,2030,267,,,,,,,,
61970,,,,,,,,,,,,,,,,,,,,,,,,,,,,,,,,,,,,,,,,,767,91,97,6,282,32,75,6,423,48,110,15,146,17,66,6
58025,,,,,,,,,,,,,,,,,,,,,,,,,,,,,,,,,,,,,,,,,797,90,797,90,209,29,209,29,,,,,,,,
72522,,,,,,,,,,,,,,,,,,,,,,,,,,,,,,,,,,,,,,,,,797,92,797,92,461,53,461,53,2334,268,2334,268,1706,187,1706,187
66811,,,,,,,,,,,,,,,,,,,,,,,,,,,,,,,,,,,,,,,,,838,25,838,25,655,25,655,25,1826,70,1826,70,,,,
69926,,,,,,,,,,,,,,,,,,,,,,,,,,,,,,,,,,,,,,,,,44,3,7,1,15,1,6,1,73,8,17,2,15,2,11,1
80821,,,,,,,,,,,,,,,,,,,,,,,,,,,,,,,,,,,,,,,,,856,124,856,124,1563,200,1563,200,1489,194,1489,194,701,86,701,86
48516,,,,,,,,,,,,,,,,,,,,,,,,,,,,,,,,,,,,,,,,,856,124,856,124,102,19,102,19,2018,268,2018,268,643,75,643,75
68399,,,,,,,,,,,,,,,,,,,,,,,,,,,,,,,,,,,,,,,,,876,52,152,10,369,29,105,8,1115,60,1115,60,1420,81,1420,81
77585,,,,,,,,,,,,,,,,,,,,,,,,,,,,,,,,,,,,,,,,,876,45,876,45,547,32,547,32,204,6,204,6,807,44,807,44
43703,,,,,,,,,,,,,,,,,,,,,,,,,,,,,,,,,,,,,,,,,900,4,900,4,2307,35,2307,35,,,,,2332,146,2332,146
80883,,,,,,,,,,,,,,,,,,,,,,,,,,,,,,,,,,,,,,,,,900,120,900,120,,,,,,,,,,,,
78268,,,,,,,,,,,,,,,,,,,,,,,,,,,,,,,,,,,,,,,,,900,133,900,133,1597,208,1597,208,,,,,,,,
21963,,,,,,,,,,,,,,,,,,,,,,,,,,,,,,,,,,,,,,,,,921,50,921,50,1641,94,1641,94,1558,85,1558,85,410,28,410,28
63490,,,,,,,,,,,,,,,,,,,,,,,,,,,,,,,,,,,,,,,,,921,52,921,52,44,3,44,3,2279,136,2279,136,871,60,871,60
56515,,,,,,,,,,,,,,,,,,,,,,,,,,,,,,,,,,,,,,,,,921,98,921,98,1380,142,1380,142,1620,99,1620,99,1638,103,1638,103
50157,,,,,,,,,,,,,,,,,,,,,,,,,,,,,,,,,,,,,,,,,921,105,921,105,2120,263,2120,263,,,,,1383,147,1383,147
62352,,,,,,,,,,,,,,,,,,,,,,,,,,,,,,,,,,,,,,,,,941,55,941,55,1141,65,1141,65,1292,77,1292,77,2467,141,2467,141
81150,,,,,,,,,,,,,,,,,,,,,,,,,,,,,,,,,,,,,,,,,968,127,968,127,,,,,,,,,,,,
64439,,,,,,,,,,,,,,,,,,,,,,,,,,,,,,,,,,,,,,,,,994,132,994,132,2320,285,2320,285,,,,,,,,
36060,,,,,,,,,,,,,,,,,,,,,,,,,,,,,,,,,,,,,,,,,994,59,994,59,200,11,200,11,230,15,230,15,785,59,785,59
5788,,,,,,,,,,,,,,,,,,,,,,,,,,,,,,,,,,,,,,,,,994,54,994,54,2296,120,2296,120,,,,,,,,
9078,,,,,,,,,,,,,,,,,,,,,,,,,,,,,,,,,,,,,,,,,1019,58,1019,58,2367,147,2367,147,,,,,643,50,643,50
43802,,,,,,,,,,,,,,,,,,,,,,,,,,,,,,,,,,,,,,,,,1019,56,1019,56,1248,69,1248,69,1644,91,1644,91,643,30,643,30
37126,,,,,,,,,,,,,,,,,,,,,,,,,,,,,,,,,,,,,,,,,1049,59,1049,59,754,39,754,39,877,55,877,55,1237,54,1237,54
28218,,,,,,,,,,,,,,,,,,,,,,,,,,,,,,,,,,,,,,,,,1087,65,1087,65,928,68,928,68,2101,122,2101,122,,,,
28026,,,,,,,,,,,,,,,,,,,,,,,,,,,,,,,,,,,,,,,,,1087,61,1087,61,1899,189,1899,189,,,,,,,,
8360,,,,,,,,,,,,,,,,,,,,,,,,,,,,,,,,,,,,,,,,,1113,126,1113,126,1533,177,1533,177,1751,190,1751,190,,,,
51709,,,,,,,,,,,,,,,,,,,,,,,,,,,,,,,,,,,,,,,,,1113,66,1113,66,1502,90,1502,90,2066,115,2066,115,,,,
42126,,,,,,,,,,,,,,,,,,,,,,,,,,,,,,,,,,,,,,,,,1113,63,1113,63,501,32,501,32,763,44,763,44,2069,129,2069,129
65035,,,,,,,,,,,,,,,,,,,,,,,,,,,,,,,,,,,,,,,,,1148,66,1148,66,1380,100,1380,100,788,45,788,45,262,27,262,27
79550,,,,,,,,,,,,,,,,,,,,,,,,,,,,,,,,,,,,,,,,,1148,136,1148,136,1313,152,1313,152,1965,218,1965,218,722,79,722,79
64605,,,,,,,,,,,,,,,,,,,,,,,,,,,,,,,,,,,,,,,,,1169,68,1169,68,369,25,369,25,1826,110,1826,110,1160,73,1160,73
31178,,,,,,,,,,,,,,,,,,,,,,,,,,,,,,,,,,,,,,,,,1169,127,1169,127,1224,126,1224,126,931,104,931,104,1638,173,1638,173
10093,,,,,,,,,,,,,,,,,,,,,,,,,,,,,,,,,,,,,,,,,1196,95,1196,95,1445,102,1445,102,1489,126,1489,126,892,57,892,57
19981,,,,,,,,,,,,,,,,,,,,,,,,,,,,,,,,,,,,,,,,,1196,156,1196,156,2129,256,2129,256,,,,,1615,189,1615,189
70068,,,,,,,,,,,,,,,,,,,,,,,,,,,,,,,,,,,,,,,,,1196,163,1196,163,2200,288,2200,288,580,82,580,82,399,53,399,53
57970,,,,,,,,,,,,,,,,,,,,,,,,,,,,,,,,,,,,,,,,,1227,41,1227,41,339,12,339,12,1592,63,1592,63,1450,48,1450,48
37952,,,,,,,,,,,,,,,,,,,,,,,,,,,,,,,,,,,,,,,,,1227,72,1227,72,621,47,621,47,1489,87,1489,87,1638,92,1638,92
47126,,,,,,,,,,,,,,,,,,,,,,,,,,,,,,,,,,,,,,,,,1299,17,1299,17,1614,22,1614,22,1421,27,1421,27,432,7,432,7
13001,,,,,,,,,,,,,,,,,,,,,,,,,,,,,,,,,,,,,,,,,1299,75,1299,75,1096,75,1096,75,2422,145,2422,145,,,,
66460,,,,,,,,,,,,,,,,,,,,,,,,,,,,,,,,,,,,,,,,,1299,168,54,7,1787,215,144,22,1461,153,129,17,,,,
47236,,,,,,,,,,,,,,,,,,,,,,,,,,,,,,,,,,,,,,,,,1323,75,1323,75,1313,73,1313,73,1675,93,1675,93,2132,103,2132,103
55353,,,,,,,,,,,,,,,,,,,,,,,,,,,,,,,,,,,,,,,,,1339,77,1339,77,1096,58,1096,58,1185,70,1185,70,1891,91,1891,91
75314,,,,,,,,,,,,,,,,,,,,,,,,,,,,,,,,,,,,,,,,,1339,174,1339,174,1043,129,1043,129,34,4,34,4,1849,218,1849,218
54324,,,,,,,,,,,,,,,,,,,,,,,,,,,,,,,,,,,,,,,,,1339,155,1339,155,2075,259,2075,259,,,,,,,,
61710,,,,,,,,,,,,,,,,,,,,,,,,,,,,,,,,,,,,,,,,,1339,81,173,15,1011,73,161,14,907,54,907,54,643,50,643,50
54985,,,,,,,,,,,,,,,,,,,,,,,,,,,,,,,,,,,,,,,,,1339,66,1339,66,798,44,798,44,2349,133,2349,133,,,,
40006,,,,,,,,,,,,,,,,,,,,,,,,,,,,,,,,,,,,,,,,,1339,174,1339,174,1445,177,1445,177,1896,220,1896,220,,,,
63818,,,,,,,,,,,,,,,,,,,,,,,,,,,,,,,,,,,,,,,,,1367,79,174,8,369,20,105,5,204,8,204,8,1266,59,1266,59
51665,,,,,,,,,,,,,,,,,,,,,,,,,,,,,,,,,,,,,,,,,1367,145,1367,145,89,14,89,14,322,39,322,39,684,79,684,79
75073,,,,,,,,,,,,,,,,,,,,,,,,,,,,,,,,,,,,,,,,,1367,177,1367,177,126,11,126,11,856,69,856,69,807,67,807,67
44845,,,,,,,,,,,,,,,,,,,,,,,,,,,,,,,,,,,,,,,,,1367,67,1367,67,1445,72,1445,72,1027,61,1027,61,2491,130,2491,130
69368,,,,,,,,,,,,,,,,,,,,,,,,,,,,,,,,,,,,,,,,,1367,177,174,30,461,60,120,17,247,29,247,29,1638,191,1638,191
63817,,,,,,,,,,,,,,,,,,,,,,,,,,,,,,,,,,,,,,,,,1392,109,177,21,1956,144,213,20,,,,,999,67,999,67
32243,,,,,,,,,,,,,,,,,,,,,,,,,,,,,,,,,,,,,,,,,1392,49,1392,49,1705,69,1705,69,2455,100,2455,100,,,,
60654,,,,,,,,,,,,,,,,,,,,,,,,,,,,,,,,,,,,,,,,,1417,85,1417,85,414,29,414,29,931,57,931,57,305,31,305,31
71233,,,,,,,,,,,,,,,,,,,,,,,,,,,,,,,,,,,,,,,,,1417,166,1417,166,820,93,820,93,153,24,153,24,1328,140,1328,140
64441,,,,,,,,,,,,,,,,,,,,,,,,,,,,,,,,,,,,,,,,,1417,185,1417,185,153,17,153,17,1777,204,1777,204,2527,300,2527,300
55333,,,,,,,,,,,,,,,,,,,,,,,,,,,,,,,,,,,,,,,,,1439,78,1439,78,962,53,962,53,1751,120,1751,120,764,59,764,59
57992,,,,,,,,,,,,,,,,,,,,,,,,,,,,,,,,,,,,,,,,,1439,91,1439,91,689,52,689,52,2314,137,2314,137,,,,
55224,,,,,,,,,,,,,,,,,,,,,,,,,,,,,,,,,,,,,,,,,1461,93,183,12,,,,,2303,134,2303,134,,,,
58190,,,,,,,,,,,,,,,,,,,,,,,,,,,,,,,,,,,,,,,,,1461,154,1461,154,1401,143,1401,143,1514,161,1514,161,,,,
27609,,,,,,,,,,,,,,,,,,,,,,,,,,,,,,,,,,,,,,,,,1461,88,1461,88,270,11,270,11,2101,114,2101,114,2431,122,2431,122
12175,,,,,,,,,,,,,,,,,,,,,,,,,,,,,,,,,,,,,,,,,1484,114,1484,114,,,,,,,,,,,,
22930,,,,,,,,,,,,,,,,,,,,,,,,,,,,,,,,,,,,,,,,,1508,177,1508,177,962,111,962,111,2207,250,2207,250,,,,
72324,,,,,,,,,,,,,,,,,,,,,,,,,,,,,,,,,,,,,,,,,1537,20,1537,20,472,9,472,9,2380,39,2380,39,,,,
66197,,,,,,,,,,,,,,,,,,,,,,,,,,,,,,,,,,,,,,,,,71,13,8,1,68,11,9,3,28,2,12,2,30,5,9,2
18741,,,,,,,,,,,,,,,,,,,,,,,,,,,,,,,,,,,,,,,,,1562,87,1562,87,1580,95,1580,95,,,,,827,69,827,69
61493,,,,,,,,,,,,,,,,,,,,,,,,,,,,,,,,,,,,,,,,,1562,166,1562,166,2016,199,2016,199,,,,,,,,
40826,,,,,,,,,,,,,,,,,,,,,,,,,,,,,,,,,,,,,,,,,1603,213,1603,213,1614,213,1614,213,,,,,1989,264,1989,264
44672,,,,,,,,,,,,,,,,,,,,,,,,,,,,,,,,,,,,,,,,,1603,96,1603,96,1248,69,1248,69,705,41,705,41,1237,54,1237,54
47949,,,,,,,,,,,,,,,,,,,,,,,,,,,,,,,,,,,,,,,,,1603,88,1603,88,715,43,715,43,168,19,168,19,1450,117,1450,117
38823,,,,,,,,,,,,,,,,,,,,,,,,,,,,,,,,,,,,,,,,,1623,90,1623,90,1916,114,1916,114,,,,,,,,
76191,,,,,,,,,,,,,,,,,,,,,,,,,,,,,,,,,,,,,,,,,1623,81,1623,81,,,,,,,,,,,,
63033,,,,,,,,,,,,,,,,,,,,,,,,,,,,,,,,,,,,,,,,,78,12,15,4,,,,,,,,,6,2,4,2
34907,,,,,,,,,,,,,,,,,,,,,,,,,,,,,,,,,,,,,,,,,1623,99,1623,99,,,,,,,,,,,,
63497,,,,,,,,,,,,,,,,,,,,,,,,,,,,,,,,,,,,,,,,,1623,92,110,12,1011,73,161,14,1241,77,175,16,347,36,347,36
1794,,,,,,,,,,,,,,,,,,,,,,,,,,,,,,,,,,,,,,,,,1623,127,1623,127,1674,93,1674,93,1185,95,1185,95,1473,94,1473,94
55127,,,,,,,,,,,,,,,,,,,,,,,,,,,,,,,,,,,,,,,,,81,3,26,3,64,4,21,4,35,3,35,3,69,2,69,2
49182,,,,,,,,,,,,,,,,,,,,,,,,,,,,,,,,,,,,,,,,,1654,83,1654,83,,,,,,,,,,,,
40295,,,,,,,,,,,,,,,,,,,,,,,,,,,,,,,,,,,,,,,,,1654,200,1654,200,,,,,,,,,,,,
71500,,,,,,,,,,,,,,,,,,,,,,,,,,,,,,,,,,,,,,,,,1654,218,1654,218,,,,,931,122,931,122,624,73,624,73
48967,,,,,,,,,,,,,,,,,,,,,,,,,,,,,,,,,,,,,,,,,1654,95,1654,95,,,,,,,,,,,,
19023,,,,,,,,,,,,,,,,,,,,,,,,,,,,,,,,,,,,,,,,,1654,129,1654,129,,,,,,,,,1941,126,1941,126
80905,,,,,,,,,,,,,,,,,,,,,,,,,,,,,,,,,,,,,,,,,1654,218,1654,218,38,5,38,5,2360,306,2360,306,845,104,845,104
46389,,,,,,,,,,,,,,,,,,,,,,,,,,,,,,,,,,,,,,,,,1678,132,1678,132,897,58,897,58,1002,81,1002,81,1891,119,1891,119
47180,,,,,,,,,,,,,,,,,,,,,,,,,,,,,,,,,,,,,,,,,1698,211,1698,211,1882,225,1882,225,,,,,,,,
54333,,,,,,,,,,,,,,,,,,,,,,,,,,,,,,,,,,,,,,,,,1714,83,1714,83,,,,,960,52,960,52,1114,61,1114,61
1163,,,,,,,,,,,,,,,,,,,,,,,,,,,,,,,,,,,,,,,,,1714,98,1714,98,1956,110,1956,110,,,,,,,,
78656,,,,,,,,,,,,,,,,,,,,,,,,,,,,,,,,,,,,,,,,,1714,100,1714,100,2217,137,2217,137,,,,,,,,
17423,,,,,,,,,,,,,,,,,,,,,,,,,,,,,,,,,,,,,,,,,1735,105,1735,105,,,,,,,,,,,,
77314,,,,,,,,,,,,,,,,,,,,,,,,,,,,,,,,,,,,,,,,,1735,190,1735,190,1899,189,1899,189,2296,231,2296,231,1585,174,1585,174
80872,,,,,,,,,,,,,,,,,,,,,,,,,,,,,,,,,,,,,,,,,87,14,87,14,,,,,,,,,124,5,124,5
68604,,,,,,,,,,,,,,,,,,,,,,,,,,,,,,,,,,,,,,,,,1735,102,1735,102,1724,114,1724,114,788,45,788,45,1638,103,1638,103
35482,,,,,,,,,,,,,,,,,,,,,,,,,,,,,,,,,,,,,,,,,1735,136,1735,136,912,61,912,61,2427,185,2427,185,,,,
66108,,,,,,,,,,,,,,,,,,,,,,,,,,,,,,,,,,,,,,,,,1756,60,111,2,,,,,,,,,,,,
78963,,,,,,,,,,,,,,,,,,,,,,,,,,,,,,,,,,,,,,,,,1756,218,1756,218,,,,,1002,102,1002,102,,,,
42380,,,,,,,,,,,,,,,,,,,,,,,,,,,,,,,,,,,,,,,,,88,14,88,14,41,5,41,5,18,2,18,2,88,7,88,7
72657,,,,,,,,,,,,,,,,,,,,,,,,,,,,,,,,,,,,,,,,,1756,215,55,8,1224,155,129,19,1326,137,126,16,,,,
35376,,,,,,,,,,,,,,,,,,,,,,,,,,,,,,,,,,,,,,,,,1756,107,1756,107,,,,,,,,,1266,59,1266,59
44854,,,,,,,,,,,,,,,,,,,,,,,,,,,,,,,,,,,,,,,,,1781,92,1781,92,,,,,,,,,,,,
38217,,,,,,,,,,,,,,,,,,,,,,,,,,,,,,,,,,,,,,,,,1781,101,1781,101,,,,,,,,,,,,
43233,,,,,,,,,,,,,,,,,,,,,,,,,,,,,,,,,,,,,,,,,1781,101,1781,101,,,,,1027,78,1027,78,740,54,740,54
42939,,,,,,,,,,,,,,,,,,,,,,,,,,,,,,,,,,,,,,,,,1800,86,1800,86,,,,,,,,,,,,
34248,,,,,,,,,,,,,,,,,,,,,,,,,,,,,,,,,,,,,,,,,1800,220,1800,220,248,30,248,30,2207,265,2207,265,845,96,845,96
10815,,,,,,,,,,,,,,,,,,,,,,,,,,,,,,,,,,,,,,,,,1800,109,1800,109,1705,96,1705,96,,,,,1706,77,1706,77
71623,,,,,,,,,,,,,,,,,,,,,,,,,,,,,,,,,,,,,,,,,1800,103,113,3,,,,,,,,,590,41,590,41
60815,,,,,,,,,,,,,,,,,,,,,,,,,,,,,,,,,,,,,,,,,1832,104,197,20,,,,,2245,132,2245,132,384,39,384,39
51298,,,,,,,,,,,,,,,,,,,,,,,,,,,,,,,,,,,,,,,,,1832,111,1832,111,820,43,820,43,1514,85,1514,85,,,,
8422,,,,,,,,,,,,,,,,,,,,,,,,,,,,,,,,,,,,,,,,,1832,228,1832,228,351,44,351,44,1363,140,1363,140,262,29,262,29
34217,,,,,,,,,,,,,,,,,,,,,,,,,,,,,,,,,,,,,,,,,90,9,90,9,58,6,58,6,118,9,118,9,,,,
48663,,,,,,,,,,,,,,,,,,,,,,,,,,,,,,,,,,,,,,,,,1884,232,1884,232,,,,,,,,,1383,168,1383,168
46657,,,,,,,,,,,,,,,,,,,,,,,,,,,,,,,,,,,,,,,,,1884,110,1884,110,,,,,,,,,952,70,952,70
72095,,,,,,,,,,,,,,,,,,,,,,,,,,,,,,,,,,,,,,,,,1906,236,1906,236,,,,,,,,,,,,
10420,,,,,,,,,,,,,,,,,,,,,,,,,,,,,,,,,,,,,,,,,1906,208,1906,208,190,26,190,26,2101,215,2101,215,892,97,892,97
19808,,,,,,,,,,,,,,,,,,,,,,,,,,,,,,,,,,,,,,,,,1906,91,1906,91,2120,109,2120,109,,,,,,,,
61023,,,,,,,,,,,,,,,,,,,,,,,,,,,,,,,,,,,,,,,,,1906,114,114,7,1279,72,130,5,204,8,80,4,357,11,114,2
70822,,,,,,,,,,,,,,,,,,,,,,,,,,,,,,,,,,,,,,,,,93,1,16,1,,,,,,,,,,,,
48092,,,,,,,,,,,,,,,,,,,,,,,,,,,,,,,,,,,,,,,,,1918,116,1918,116,224,12,224,12,596,37,596,37,2302,142,2302,142
59751,,,,,,,,,,,,,,,,,,,,,,,,,,,,,,,,,,,,,,,,,1935,246,1935,246,,,,,1732,119,1732,119,1562,212,1562,212
75988,,,,,,,,,,,,,,,,,,,,,,,,,,,,,,,,,,,,,,,,,1935,211,1935,211,501,58,501,58,168,23,168,23,347,40,347,40
60325,,,,,,,,,,,,,,,,,,,,,,,,,,,,,,,,,,,,,,,,,94,3,29,2,44,1,15,1,11,1,11,1,88,3,88,3
43508,,,,,,,,,,,,,,,,,,,,,,,,,,,,,,,,,,,,,,,,,1953,212,1953,212,,,,,,,,,,,,
822,,,,,,,,,,,,,,,,,,,,,,,,,,,,,,,,,,,,,,,,,1972,116,1972,116,897,65,897,65,1363,85,1363,85,1801,112,1801,112
45684,,,,,,,,,,,,,,,,,,,,,,,,,,,,,,,,,,,,,,,,,1972,253,1972,253,486,60,486,60,1163,147,1163,147,2321,306,2321,306
6072,,,,,,,,,,,,,,,,,,,,,,,,,,,,,,,,,,,,,,,,,1972,253,1972,253,1614,213,1614,213,,,,,1495,202,1495,202
57436,,,,,,,,,,,,,,,,,,,,,,,,,,,,,,,,,,,,,,,,,1989,244,116,21,,,,,118,10,60,5,845,96,845,96
12348,,,,,,,,,,,,,,,,,,,,,,,,,,,,,,,,,,,,,,,,,2003,242,2003,242,,,,,266,35,266,35,1728,190,1728,190
45201,,,,,,,,,,,,,,,,,,,,,,,,,,,,,,,,,,,,,,,,,2024,72,2024,72,134,5,134,5,1326,56,1326,56,1383,42,1383,42
48058,,,,,,,,,,,,,,,,,,,,,,,,,,,,,,,,,,,,,,,,,2033,120,2033,120,,,,,,,,,,,,
55902,,,,,,,,,,,,,,,,,,,,,,,,,,,,,,,,,,,,,,,,,2033,120,2033,120,2286,126,2286,126,1943,106,1943,106,290,9,290,9
67175,,,,,,,,,,,,,,,,,,,,,,,,,,,,,,,,,,,,,,,,,2033,252,119,23,,,,,1326,137,179,24,1989,236,1989,236
40142,,,,,,,,,,,,,,,,,,,,,,,,,,,,,,,,,,,,,,,,,2033,122,2033,122,,,,,,,,,764,59,764,59
30050,,,,,,,,,,,,,,,,,,,,,,,,,,,,,,,,,,,,,,,,,2045,117,2045,117,1401,83,1401,83,1644,89,1644,89,981,71,981,71
64265,,,,,,,,,,,,,,,,,,,,,,,,,,,,,,,,,,,,,,,,,2061,269,2061,269,,,,,,,,,,,,
73936,,,,,,,,,,,,,,,,,,,,,,,,,,,,,,,,,,,,,,,,,2061,74,120,3,,,,,,,,,,,,
55578,,,,,,,,,,,,,,,,,,,,,,,,,,,,,,,,,,,,,,,,,98,17,30,5,102,14,102,14,,,,,97,18,97,18
25650,,,,,,,,,,,,,,,,,,,,,,,,,,,,,,,,,,,,,,,,,2078,252,2078,252,,,,,2152,241,2152,241,,,,
25231,,,,,,,,,,,,,,,,,,,,,,,,,,,,,,,,,,,,,,,,,2102,164,2102,164,,,,,,,,,,,,
19698,,,,,,,,,,,,,,,,,,,,,,,,,,,,,,,,,,,,,,,,,2111,276,2111,276,,,,,,,,,,,,
47510,,,,,,,,,,,,,,,,,,,,,,,,,,,,,,,,,,,,,,,,,2121,128,2121,128,1502,102,1502,102,,,,,,,,
51944,,,,,,,,,,,,,,,,,,,,,,,,,,,,,,,,,,,,,,,,,2126,278,2126,278,,,,,,,,,,,,
18115,,,,,,,,,,,,,,,,,,,,,,,,,,,,,,,,,,,,,,,,,2137,130,2137,130,,,,,1363,85,1363,85,1518,94,1518,94
65045,,,,,,,,,,,,,,,,,,,,,,,,,,,,,,,,,,,,,,,,,2152,166,2152,166,,,,,1943,149,1943,149,,,,
55089,,,,,,,,,,,,,,,,,,,,,,,,,,,,,,,,,,,,,,,,,2173,263,2173,263,962,121,962,121,558,58,558,58,384,52,384,52
2646,,,,,,,,,,,,,,,,,,,,,,,,,,,,,,,,,,,,,,,,,2181,230,2181,230,,,,,,,,,,,,
43768,,,,,,,,,,,,,,,,,,,,,,,,,,,,,,,,,,,,,,,,,2181,128,2181,128,,,,,,,,,590,26,590,26
53742,,,,,,,,,,,,,,,,,,,,,,,,,,,,,,,,,,,,,,,,,2198,122,2198,122,,,,,506,33,506,33,1728,117,1728,117
34518,,,,,,,,,,,,,,,,,,,,,,,,,,,,,,,,,,,,,,,,,2206,135,2206,135,,,,,,,,,,,,
45564,,,,,,,,,,,,,,,,,,,,,,,,,,,,,,,,,,,,,,,,,2223,293,2223,293,,,,,,,,,,,,
58898,,,,,,,,,,,,,,,,,,,,,,,,,,,,,,,,,,,,,,,,,2225,269,2225,269,2193,270,2193,270,,,,,,,,
13561,,,,,,,,,,,,,,,,,,,,,,,,,,,,,,,,,,,,,,,,,2233,296,2233,296,,,,,1751,236,1751,236,871,110,871,110
55307,,,,,,,,,,,,,,,,,,,,,,,,,,,,,,,,,,,,,,,,,2233,138,2233,138,,,,,,,,,,,,
62891,,,,,,,,,,,,,,,,,,,,,,,,,,,,,,,,,,,,,,,,,2242,270,2242,270,1975,241,1975,241,643,70,643,70,2048,231,2048,231
47793,,,,,,,,,,,,,,,,,,,,,,,,,,,,,,,,,,,,,,,,,2244,299,2244,299,,,,,2435,318,2435,318,,,,
49394,,,,,,,,,,,,,,,,,,,,,,,,,,,,,,,,,,,,,,,,,2252,272,2252,272,,,,,,,,,,,,
33756,,,,,,,,,,,,,,,,,,,,,,,,,,,,,,,,,,,,,,,,,2265,240,2265,240,,,,,,,,,,,,
50250,,,,,,,,,,,,,,,,,,,,,,,,,,,,,,,,,,,,,,,,,2265,275,2265,275,,,,,1137,122,1137,122,330,38,330,38
34077,,,,,,,,,,,,,,,,,,,,,,,,,,,,,,,,,,,,,,,,,2283,125,2283,125,,,,,,,,,,,,
46608,,,,,,,,,,,,,,,,,,,,,,,,,,,,,,,,,,,,,,,,,2285,279,2285,279,,,,,,,,,,,,
63408,,,,,,,,,,,,,,,,,,,,,,,,,,,,,,,,,,,,,,,,,2291,278,2291,278,,,,,,,,,,,,
8282,,,,,,,,,,,,,,,,,,,,,,,,,,,,,,,,,,,,,,,,,2294,304,2294,304,,,,,,,,,,,,
52745,,,,,,,,,,,,,,,,,,,,,,,,,,,,,,,,,,,,,,,,,2298,281,2298,281,102,11,102,11,,,,,,,,
30599,,,,,,,,,,,,,,,,,,,,,,,,,,,,,,,,,,,,,,,,,2300,137,2300,137,,,,,,,,,,,,
74172,,,,,,,,,,,,,,,,,,,,,,,,,,,,,,,,,,,,,,,,,,,,,2,1,1,1,9,2,8,2,643,46,61,11
73107,,,,,,,,,,,,,,,,,,,,,,,,,,,,,,,,,,,,,,,,,,,,,4,1,3,1,124,17,56,5,952,103,122,10
71228,,,,,,,,,,,,,,,,,,,,,,,,,,,,,,,,,,,,,,,,,,,,,5,2,2,2,359,27,51,5,1237,83,68,12
71914,,,,,,,,,,,,,,,,,,,,,,,,,,,,,,,,,,,,,,,,,,,,,8,2,3,1,136,21,12,3,305,35,52,3
83293,,,,,,,,,,,,,,,,,,,,,,,,,,,,,,,,,,,,,,,,,,,,,9,1,4,1,114,7,36,4,191,16,46,6
84736,,,,,,,,,,,,,,,,,,,,,,,,,,,,,,,,,,,,,,,,,,,,,10,1,10,1,,,,,,,,
83292,,,,,,,,,,,,,,,,,,,,,,,,,,,,,,,,,,,,,,,,,,,,,12,2,5,2,257,17,14,2,118,10,40,5
69006,,,,,,,,,,,,,,,,,,,,,,,,,,,,,,,,,,,,,,,,,,,,,15,3,1,1,7,1,6,1,37,7,9,3
67593,,,,,,,,,,,,,,,,,,,,,,,,,,,,,,,,,,,,,,,,,,,,,16,2,13,1,621,86,103,10,2354,310,242,29
84753,,,,,,,,,,,,,,,,,,,,,,,,,,,,,,,,,,,,,,,,,,,,,1,1,1,1,,,,,,,,
75537,,,,,,,,,,,,,,,,,,,,,,,,,,,,,,,,,,,,,,,,,,,,,18,4,9,3,124,12,39,5,1781,209,73,10
43382,,,,,,,,,,,,,,,,,,,,,,,,,,,,,,,,,,,,,,,,,,,,,22,3,22,3,336,42,336,42,1891,254,1891,254
33028,,,,,,,,,,,,,,,,,,,,,,,,,,,,,,,,,,,,,,,,,,,,,26,6,26,6,444,50,444,50,565,63,565,63
72873,,,,,,,,,,,,,,,,,,,,,,,,,,,,,,,,,,,,,,,,,,,,,26,6,10,1,5,2,4,1,2016,210,76,5
83212,,,,,,,,,,,,,,,,,,,,,,,,,,,,,,,,,,,,,,,,,,,,,29,8,29,8,1807,184,1807,184,1266,135,1266,135
71252,,,,,,,,,,,,,,,,,,,,,,,,,,,,,,,,,,,,,,,,,,,,,31,4,11,2,29,2,21,2,432,17,55,1
67405,,,,,,,,,,,,,,,,,,,,,,,,,,,,,,,,,,,,,,,,,,,,,34,4,21,4,87,11,46,4,84,9,48,3
83536,,,,,,,,,,,,,,,,,,,,,,,,,,,,,,,,,,,,,,,,,,,,,48,3,18,2,1002,108,65,7,23,3,18,2
73583,,,,,,,,,,,,,,,,,,,,,,,,,,,,,,,,,,,,,,,,,,,,,50,3,19,3,415,36,86,10,198,16,67,11
63587,,,,,,,,,,,,,,,,,,,,,,,,,,,,,,,,,,,,,,,,,,,,,53,8,12,1,100,11,33,5,59,9,27,7
50247,,,,,,,,,,,,,,,,,,,,,,,,,,,,,,,,,,,,,,,,,,,,,55,6,55,6,596,63,596,63,527,60,527,60
66023,,,,,,,,,,,,,,,,,,,,,,,,,,,,,,,,,,,,,,,,,,,,,70,5,23,4,877,69,62,8,118,10,50,8
80634,,,,,,,,,,,,,,,,,,,,,,,,,,,,,,,,,,,,,,,,,,,,,73,5,13,1,8,2,7,2,290,18,51,4
83343,,,,,,,,,,,,,,,,,,,,,,,,,,,,,,,,,,,,,,,,,,,,,77,14,36,4,415,44,86,11,371,51,116,20
76638,,,,,,,,,,,,,,,,,,,,,,,,,,,,,,,,,,,,,,,,,,,,,79,13,25,3,2411,240,74,8,,,,
83342,,,,,,,,,,,,,,,,,,,,,,,,,,,,,,,,,,,,,,,,,,,,,80,15,39,5,2152,219,216,29,,,,
67133,,,,,,,,,,,,,,,,,,,,,,,,,,,,,,,,,,,,,,,,,,,,,86,8,41,6,76,10,40,6,1039,83,181,13
62824,,,,,,,,,,,,,,,,,,,,,,,,,,,,,,,,,,,,,,,,,,,,,92,9,44,4,161,6,64,5,1638,92,216,8
76262,,,,,,,,,,,,,,,,,,,,,,,,,,,,,,,,,,,,,,,,,,,,,96,10,29,4,580,47,56,7,701,50,112,10
66813,,,,,,,,,,,,,,,,,,,,,,,,,,,,,,,,,,,,,,,,,,,,,110,8,33,6,76,9,29,4,171,13,62,10
61547,,,,,,,,,,,,,,,,,,,,,,,,,,,,,,,,,,,,,,,,,,,,,116,7,116,7,423,24,423,24,1237,70,1237,70
57491,,,,,,,,,,,,,,,,,,,,,,,,,,,,,,,,,,,,,,,,,,,,,116,17,116,17,2417,244,2417,244,1071,113,1071,113
75984,,,,,,,,,,,,,,,,,,,,,,,,,,,,,,,,,,,,,,,,,,,,,120,13,52,5,314,39,98,9,1328,140,202,10
67442,,,,,,,,,,,,,,,,,,,,,,,,,,,,,,,,,,,,,,,,,,,,,124,19,55,9,19,4,18,4,1383,147,203,23
83604,,,,,,,,,,,,,,,,,,,,,,,,,,,,,,,,,,,,,,,,,,,,,126,20,126,20,960,107,960,107,41,6,41,6
74151,,,,,,,,,,,,,,,,,,,,,,,,,,,,,,,,,,,,,,,,,,,,,126,21,2,1,20,2,8,2,143,21,16,5
54369,,,,,,,,,,,,,,,,,,,,,,,,,,,,,,,,,,,,,,,,,,,,,131,3,131,3,247,17,247,17,2016,131,2016,131
46045,,,,,,,,,,,,,,,,,,,,,,,,,,,,,,,,,,,,,,,,,,,,,134,10,134,10,2018,152,2018,152,1518,95,1518,95
68504,,,,,,,,,,,,,,,,,,,,,,,,,,,,,,,,,,,,,,,,,,,,,134,23,17,3,543,75,54,8,20,5,14,4
48860,,,,,,,,,,,,,,,,,,,,,,,,,,,,,,,,,,,,,,,,,,,,,134,8,134,8,2262,133,2262,133,2274,137,2274,137
63260,,,,,,,,,,,,,,,,,,,,,,,,,,,,,,,,,,,,,,,,,,,,,148,22,148,22,467,53,467,53,1137,121,1137,121
57585,,,,,,,,,,,,,,,,,,,,,,,,,,,,,,,,,,,,,,,,,,,,,165,4,165,4,1943,110,1943,110,1237,81,1237,81
83438,,,,,,,,,,,,,,,,,,,,,,,,,,,,,,,,,,,,,,,,,,,,,7,1,7,1,,,,,,,,
19527,,,,,,,,,,,,,,,,,,,,,,,,,,,,,,,,,,,,,,,,,,,,,170,19,170,19,1965,228,1965,228,2169,260,2169,260
73799,,,,,,,,,,,,,,,,,,,,,,,,,,,,,,,,,,,,,,,,,,,,,175,15,3,1,3,1,3,1,1039,59,17,1
77943,,,,,,,,,,,,,,,,,,,,,,,,,,,,,,,,,,,,,,,,,,,,,209,12,39,1,76,4,40,4,1094,78,126,11
72925,,,,,,,,,,,,,,,,,,,,,,,,,,,,,,,,,,,,,,,,,,,,,215,15,80,9,1027,78,1027,78,184,12,184,12
83473,,,,,,,,,,,,,,,,,,,,,,,,,,,,,,,,,,,,,,,,,,,,,220,7,220,7,1732,98,1732,98,,,,
68906,,,,,,,,,,,,,,,,,,,,,,,,,,,,,,,,,,,,,,,,,,,,,224,12,67,4,2483,147,230,20,2539,159,248,24
5100,,,,,,,,,,,,,,,,,,,,,,,,,,,,,,,,,,,,,,,,,,,,,224,3,224,3,686,15,686,15,785,16,785,16
71482,,,,,,,,,,,,,,,,,,,,,,,,,,,,,,,,,,,,,,,,,,,,,241,14,40,4,1027,58,66,5,1518,82,140,8
66721,,,,,,,,,,,,,,,,,,,,,,,,,,,,,,,,,,,,,,,,,,,,,248,14,248,14,1826,100,1826,100,283,23,283,23
53383,,,,,,,,,,,,,,,,,,,,,,,,,,,,,,,,,,,,,,,,,,,,,258,18,70,8,298,28,93,10,1966,150,231,16
48076,,,,,,,,,,,,,,,,,,,,,,,,,,,,,,,,,,,,,,,,,,,,,11,1,11,1,33,1,33,1,92,3,92,3
65552,,,,,,,,,,,,,,,,,,,,,,,,,,,,,,,,,,,,,,,,,,,,,276,18,72,6,223,15,70,7,827,57,168,18
73481,,,,,,,,,,,,,,,,,,,,,,,,,,,,,,,,,,,,,,,,,,,,,276,4,72,1,1489,29,130,3,75,1,45,1
44444,,,,,,,,,,,,,,,,,,,,,,,,,,,,,,,,,,,,,,,,,,,,,288,34,288,34,985,104,985,104,2332,281,2332,281
56057,,,,,,,,,,,,,,,,,,,,,,,,,,,,,,,,,,,,,,,,,,,,,288,38,288,38,1896,257,1896,257,2450,325,2450,325
63420,,,,,,,,,,,,,,,,,,,,,,,,,,,,,,,,,,,,,,,,,,,,,288,11,288,11,1868,103,1868,103,503,26,503,26
56952,,,,,,,,,,,,,,,,,,,,,,,,,,,,,,,,,,,,,,,,,,,,,300,18,300,18,2142,114,2142,114,740,38,740,38
70110,,,,,,,,,,,,,,,,,,,,,,,,,,,,,,,,,,,,,,,,,,,,,311,19,45,2,664,39,59,4,701,51,112,9
83358,,,,,,,,,,,,,,,,,,,,,,,,,,,,,,,,,,,,,,,,,,,,,12,2,12,2,,,,,,,,
56443,,,,,,,,,,,,,,,,,,,,,,,,,,,,,,,,,,,,,,,,,,,,,320,23,320,23,788,36,788,36,701,33,701,33
68478,,,,,,,,,,,,,,,,,,,,,,,,,,,,,,,,,,,,,,,,,,,,,329,11,329,11,1207,50,1207,50,475,16,475,16
65764,,,,,,,,,,,,,,,,,,,,,,,,,,,,,,,,,,,,,,,,,,,,,329,42,96,8,,,,,,,,
75099,,,,,,,,,,,,,,,,,,,,,,,,,,,,,,,,,,,,,,,,,,,,,329,41,46,6,467,53,89,11,490,55,95,8
43984,,,,,,,,,,,,,,,,,,,,,,,,,,,,,,,,,,,,,,,,,,,,,351,42,351,42,664,67,664,67,98,14,98,14
76920,,,,,,,,,,,,,,,,,,,,,,,,,,,,,,,,,,,,,,,,,,,,,351,28,351,28,580,28,580,28,453,19,453,19
72197,,,,,,,,,,,,,,,,,,,,,,,,,,,,,,,,,,,,,,,,,,,,,359,23,104,13,1241,101,1241,101,2288,157,2288,157
2257,,,,,,,,,,,,,,,,,,,,,,,,,,,,,,,,,,,,,,,,,,,,,369,24,369,24,2491,189,2491,189,,,,
54640,,,,,,,,,,,,,,,,,,,,,,,,,,,,,,,,,,,,,,,,,,,,,369,45,369,45,180,22,180,22,5,1,5,1
65205,,,,,,,,,,,,,,,,,,,,,,,,,,,,,,,,,,,,,,,,,,,,,390,27,108,10,1421,88,1421,88,118,10,118,10
69276,,,,,,,,,,,,,,,,,,,,,,,,,,,,,,,,,,,,,,,,,,,,,390,30,85,8,423,19,110,6,1753,104,221,10
70306,,,,,,,,,,,,,,,,,,,,,,,,,,,,,,,,,,,,,,,,,,,,,402,6,87,2,1207,21,173,3,701,13,154,4
57099,,,,,,,,,,,,,,,,,,,,,,,,,,,,,,,,,,,,,,,,,,,,,402,49,402,49,596,63,596,63,807,87,807,87
4315,,,,,,,,,,,,,,,,,,,,,,,,,,,,,,,,,,,,,,,,,,,,,414,29,414,29,1868,113,1868,113,171,15,171,15
38607,,,,,,,,,,,,,,,,,,,,,,,,,,,,,,,,,,,,,,,,,,,,,428,52,428,52,1539,164,1539,164,999,108,999,108
72021,,,,,,,,,,,,,,,,,,,,,,,,,,,,,,,,,,,,,,,,,,,,,428,22,90,1,2334,131,143,4,,,,
56341,,,,,,,,,,,,,,,,,,,,,,,,,,,,,,,,,,,,,,,,,,,,,444,55,444,55,960,107,960,107,357,42,357,42
71541,,,,,,,,,,,,,,,,,,,,,,,,,,,,,,,,,,,,,,,,,,,,,20,4,4,1,28,2,12,2,,,,
64212,,,,,,,,,,,,,,,,,,,,,,,,,,,,,,,,,,,,,,,,,,,,,461,27,93,9,92,12,47,8,2195,165,235,18
34576,,,,,,,,,,,,,,,,,,,,,,,,,,,,,,,,,,,,,,,,,,,,,472,62,472,62,1708,197,1708,197,1670,193,1670,193
53670,,,,,,,,,,,,,,,,,,,,,,,,,,,,,,,,,,,,,,,,,,,,,472,62,472,62,1777,204,1777,204,549,68,549,68
46317,,,,,,,,,,,,,,,,,,,,,,,,,,,,,,,,,,,,,,,,,,,,,512,38,512,38,2050,121,2050,121,1137,64,1137,64
83008,,,,,,,,,,,,,,,,,,,,,,,,,,,,,,,,,,,,,,,,,,,,,512,66,512,66,1558,203,1558,203,207,29,207,29
50034,,,,,,,,,,,,,,,,,,,,,,,,,,,,,,,,,,,,,,,,,,,,,512,33,512,33,372,29,372,29,1562,98,1562,98
84661,,,,,,,,,,,,,,,,,,,,,,,,,,,,,,,,,,,,,,,,,,,,,30,6,30,6,55,12,55,12,59,11,59,11
77463,,,,,,,,,,,,,,,,,,,,,,,,,,,,,,,,,,,,,,,,,,,,,529,69,54,7,2460,294,145,19,45,9,30,7
38408,,,,,,,,,,,,,,,,,,,,,,,,,,,,,,,,,,,,,,,,,,,,,566,36,566,36,2493,150,2493,150,,,,
54741,,,,,,,,,,,,,,,,,,,,,,,,,,,,,,,,,,,,,,,,,,,,,580,72,580,72,336,42,336,42,1670,226,1670,226
84200,,,,,,,,,,,,,,,,,,,,,,,,,,,,,,,,,,,,,,,,,,,,,33,4,33,4,71,9,71,9,66,11,66,11
61557,,,,,,,,,,,,,,,,,,,,,,,,,,,,,,,,,,,,,,,,,,,,,580,65,580,65,1115,116,1115,116,272,32,272,32
56164,,,,,,,,,,,,,,,,,,,,,,,,,,,,,,,,,,,,,,,,,,,,,597,67,597,67,2296,231,2296,231,1562,167,1562,167
69827,,,,,,,,,,,,,,,,,,,,,,,,,,,,,,,,,,,,,,,,,,,,,621,70,56,4,856,92,61,4,164,21,61,3
75757,,,,,,,,,,,,,,,,,,,,,,,,,,,,,,,,,,,,,,,,,,,,,621,79,101,13,1461,153,186,27,146,21,66,10
72625,,,,,,,,,,,,,,,,,,,,,,,,,,,,,,,,,,,,,,,,,,,,,621,24,56,2,1539,61,132,6,1753,59,145,5
22321,,,,,,,,,,,,,,,,,,,,,,,,,,,,,,,,,,,,,,,,,,,,,636,36,636,36,1592,91,1592,91,2097,110,2097,110
81906,,,,,,,,,,,,,,,,,,,,,,,,,,,,,,,,,,,,,,,,,,,,,655,38,655,38,,,,,,,,
38708,,,,,,,,,,,,,,,,,,,,,,,,,,,,,,,,,,,,,,,,,,,,,672,76,672,76,257,34,257,34,1585,174,1585,174
80847,,,,,,,,,,,,,,,,,,,,,,,,,,,,,,,,,,,,,,,,,,,,,672,85,672,85,763,77,763,77,2425,290,2425,290
70161,,,,,,,,,,,,,,,,,,,,,,,,,,,,,,,,,,,,,,,,,,,,,689,40,142,13,705,53,143,12,81,3,81,3
57732,,,,,,,,,,,,,,,,,,,,,,,,,,,,,,,,,,,,,,,,,,,,,689,86,689,86,907,91,907,91,118,18,118,18
51872,,,,,,,,,,,,,,,,,,,,,,,,,,,,,,,,,,,,,,,,,,,,,689,89,689,89,309,37,309,37,2332,308,2332,308
73340,,,,,,,,,,,,,,,,,,,,,,,,,,,,,,,,,,,,,,,,,,,,,689,79,108,18,686,77,105,12,,,,
38054,,,,,,,,,,,,,,,,,,,,,,,,,,,,,,,,,,,,,,,,,,,,,689,89,689,89,1363,177,1363,177,251,38,251,38
67657,,,,,,,,,,,,,,,,,,,,,,,,,,,,,,,,,,,,,,,,,,,,,731,91,59,9,2477,298,146,20,,,,
10885,,,,,,,,,,,,,,,,,,,,,,,,,,,,,,,,,,,,,,,,,,,,,731,44,731,44,2455,134,2455,134,,,,
62525,,,,,,,,,,,,,,,,,,,,,,,,,,,,,,,,,,,,,,,,,,,,,754,40,111,2,506,26,123,3,1383,81,203,8
57602,,,,,,,,,,,,,,,,,,,,,,,,,,,,,,,,,,,,,,,,,,,,,774,11,149,4,285,7,285,7,1383,27,1383,27
76750,,,,,,,,,,,,,,,,,,,,,,,,,,,,,,,,,,,,,,,,,,,,,820,56,22,4,101,5,34,3,1450,90,71,10
78638,,,,,,,,,,,,,,,,,,,,,,,,,,,,,,,,,,,,,,,,,,,,,843,101,113,14,,,,,,,,
43062,,,,,,,,,,,,,,,,,,,,,,,,,,,,,,,,,,,,,,,,,,,,,877,47,877,47,2207,118,2207,118,,,,
58155,,,,,,,,,,,,,,,,,,,,,,,,,,,,,,,,,,,,,,,,,,,,,877,47,877,47,2152,115,2152,115,1753,99,1753,99
83456,,,,,,,,,,,,,,,,,,,,,,,,,,,,,,,,,,,,,,,,,,,,,877,103,877,103,2367,273,2367,273,,,,
60943,,,,,,,,,,,,,,,,,,,,,,,,,,,,,,,,,,,,,,,,,,,,,897,48,897,48,1115,66,1115,66,503,26,503,26
54249,,,,,,,,,,,,,,,,,,,,,,,,,,,,,,,,,,,,,,,,,,,,,912,50,912,50,423,24,423,24,1204,67,1204,67
53098,,,,,,,,,,,,,,,,,,,,,,,,,,,,,,,,,,,,,,,,,,,,,928,108,928,108,388,49,388,49,2444,324,2444,324
48835,,,,,,,,,,,,,,,,,,,,,,,,,,,,,,,,,,,,,,,,,,,,,928,67,928,67,746,42,746,42,2132,131,2132,131
43544,,,,,,,,,,,,,,,,,,,,,,,,,,,,,,,,,,,,,,,,,,,,,928,108,928,108,806,106,806,106,1204,156,1204,156
74682,,,,,,,,,,,,,,,,,,,,,,,,,,,,,,,,,,,,,,,,,,,,,962,114,116,15,1558,203,133,14,,,,
82449,,,,,,,,,,,,,,,,,,,,,,,,,,,,,,,,,,,,,,,,,,,,,962,64,962,64,1185,95,1185,95,432,31,432,31
60540,,,,,,,,,,,,,,,,,,,,,,,,,,,,,,,,,,,,,,,,,,,,,985,53,985,53,444,22,444,22,981,56,981,56
62414,,,,,,,,,,,,,,,,,,,,,,,,,,,,,,,,,,,,,,,,,,,,,985,117,160,16,705,94,705,94,1913,255,1913,255
53626,,,,,,,,,,,,,,,,,,,,,,,,,,,,,,,,,,,,,,,,,,,,,1011,58,1011,58,159,18,159,18,1039,83,1039,83
14562,,,,,,,,,,,,,,,,,,,,,,,,,,,,,,,,,,,,,,,,,,,,,1011,119,1011,119,506,65,506,65,1094,140,1094,140
64810,,,,,,,,,,,,,,,,,,,,,,,,,,,,,,,,,,,,,,,,,,,,,1011,73,118,11,1270,79,125,13,2558,160,249,25
51935,,,,,,,,,,,,,,,,,,,,,,,,,,,,,,,,,,,,,,,,,,,,,1011,68,1011,68,1163,92,1163,92,1204,81,1204,81
69106,,,,,,,,,,,,,,,,,,,,,,,,,,,,,,,,,,,,,,,,,,,,,1011,73,161,14,114,7,57,5,1801,112,1801,112
29338,,,,,,,,,,,,,,,,,,,,,,,,,,,,,,,,,,,,,,,,,,,,,1043,79,1043,79,1965,119,1965,119,262,27,262,27
71686,,,,,,,,,,,,,,,,,,,,,,,,,,,,,,,,,,,,,,,,,,,,,57,6,8,2,6,2,3,1,10,4,7,3
76235,,,,,,,,,,,,,,,,,,,,,,,,,,,,,,,,,,,,,,,,,,,,,1069,128,121,11,,,,,,,,
55122,,,,,,,,,,,,,,,,,,,,,,,,,,,,,,,,,,,,,,,,,,,,,1069,128,1069,128,1777,240,1777,240,,,,
57637,,,,,,,,,,,,,,,,,,,,,,,,,,,,,,,,,,,,,,,,,,,,,1069,56,1069,56,1027,61,1027,61,624,33,624,33
54736,,,,,,,,,,,,,,,,,,,,,,,,,,,,,,,,,,,,,,,,,,,,,1069,128,1069,128,44,4,44,4,1114,144,1114,144
46017,,,,,,,,,,,,,,,,,,,,,,,,,,,,,,,,,,,,,,,,,,,,,1069,64,1069,64,1826,100,1826,100,2148,138,2148,138
63065,,,,,,,,,,,,,,,,,,,,,,,,,,,,,,,,,,,,,,,,,,,,,1096,55,1096,55,101,5,101,5,1941,111,1941,111
82436,,,,,,,,,,,,,,,,,,,,,,,,,,,,,,,,,,,,,,,,,,,,,1096,72,1096,72,2187,169,2187,169,1670,107,1670,107
27560,,,,,,,,,,,,,,,,,,,,,,,,,,,,,,,,,,,,,,,,,,,,,1118,142,1118,142,1855,215,1855,215,,,,
70287,,,,,,,,,,,,,,,,,,,,,,,,,,,,,,,,,,,,,,,,,,,,,1118,116,124,19,1390,145,183,24,2255,235,239,27
81362,,,,,,,,,,,,,,,,,,,,,,,,,,,,,,,,,,,,,,,,,,,,,1118,116,1118,116,2066,212,2066,212,,,,
67447,,,,,,,,,,,,,,,,,,,,,,,,,,,,,,,,,,,,,,,,,,,,,1173,80,1173,80,62,6,62,6,1114,144,1114,144
55132,,,,,,,,,,,,,,,,,,,,,,,,,,,,,,,,,,,,,,,,,,,,,1173,71,1173,71,223,14,223,14,1585,106,1585,106
83226,,,,,,,,,,,,,,,,,,,,,,,,,,,,,,,,,,,,,,,,,,,,,1173,78,1173,78,1326,110,1326,110,,,,
51955,,,,,,,,,,,,,,,,,,,,,,,,,,,,,,,,,,,,,,,,,,,,,1197,149,1197,149,705,94,705,94,1383,179,1383,179
70049,,,,,,,,,,,,,,,,,,,,,,,,,,,,,,,,,,,,,,,,,,,,,1224,86,1224,86,495,23,495,23,1039,59,1039,59
50511,,,,,,,,,,,,,,,,,,,,,,,,,,,,,,,,,,,,,,,,,,,,,1224,126,1224,126,1207,127,1207,127,1801,186,1801,186
44730,,,,,,,,,,,,,,,,,,,,,,,,,,,,,,,,,,,,,,,,,,,,,1224,18,1224,18,1965,34,1965,34,1450,29,1450,29
74112,,,,,,,,,,,,,,,,,,,,,,,,,,,,,,,,,,,,,,,,,,,,,1248,132,181,25,621,65,136,17,55,9,55,9
68117,,,,,,,,,,,,,,,,,,,,,,,,,,,,,,,,,,,,,,,,,,,,,1248,157,181,17,1091,138,1091,138,845,104,845,104
19485,,,,,,,,,,,,,,,,,,,,,,,,,,,,,,,,,,,,,,,,,,,,,1248,157,1248,157,856,115,856,115,2431,323,2431,323
84720,,,,,,,,,,,,,,,,,,,,,,,,,,,,,,,,,,,,,,,,,,,,,1279,163,1279,163,2224,288,2224,288,1753,236,1753,236
74486,,,,,,,,,,,,,,,,,,,,,,,,,,,,,,,,,,,,,,,,,,,,,1279,159,130,20,403,43,106,14,590,70,140,24
57707,,,,,,,,,,,,,,,,,,,,,,,,,,,,,,,,,,,,,,,,,,,,,1279,80,1279,80,1163,68,1163,68,527,37,527,37
9877,,,,,,,,,,,,,,,,,,,,,,,,,,,,,,,,,,,,,,,,,,,,,1279,92,1279,92,2288,137,2288,137,,,,
75118,,,,,,,,,,,,,,,,,,,,,,,,,,,,,,,,,,,,,,,,,,,,,1279,66,23,1,596,31,58,1,18,2,12,1
84350,,,,,,,,,,,,,,,,,,,,,,,,,,,,,,,,,,,,,,,,,,,,,1313,163,1313,163,1644,186,1644,186,871,102,871,102
66865,,,,,,,,,,,,,,,,,,,,,,,,,,,,,,,,,,,,,,,,,,,,,1333,56,65,3,686,26,105,4,,,,
71255,,,,,,,,,,,,,,,,,,,,,,,,,,,,,,,,,,,,,,,,,,,,,1333,92,24,5,,,,,,,,
55625,,,,,,,,,,,,,,,,,,,,,,,,,,,,,,,,,,,,,,,,,,,,,1380,172,1380,172,1390,143,1390,143,667,78,667,78
14602,,,,,,,,,,,,,,,,,,,,,,,,,,,,,,,,,,,,,,,,,,,,,1380,176,1380,176,1363,177,1363,177,2033,268,2033,268
12892,,,,,,,,,,,,,,,,,,,,,,,,,,,,,,,,,,,,,,,,,,,,,1380,82,1380,82,2207,123,2207,123,,,,
60897,,,,,,,,,,,,,,,,,,,,,,,,,,,,,,,,,,,,,,,,,,,,,1380,78,1380,78,806,49,806,49,1801,85,1801,85
82813,,,,,,,,,,,,,,,,,,,,,,,,,,,,,,,,,,,,,,,,,,,,,1401,77,1401,77,1055,80,1055,80,1364,112,1364,112
1760,,,,,,,,,,,,,,,,,,,,,,,,,,,,,,,,,,,,,,,,,,,,,1445,81,1445,81,1826,101,1826,101,,,,
56791,,,,,,,,,,,,,,,,,,,,,,,,,,,,,,,,,,,,,,,,,,,,,1445,81,1445,81,467,35,467,35,722,52,722,52
75000,,,,,,,,,,,,,,,,,,,,,,,,,,,,,,,,,,,,,,,,,,,,,1445,103,68,9,2039,125,72,7,,,,
41233,,,,,,,,,,,,,,,,,,,,,,,,,,,,,,,,,,,,,,,,,,,,,1445,87,1445,87,856,53,856,53,928,68,928,68
3687,,,,,,,,,,,,,,,,,,,,,,,,,,,,,,,,,,,,,,,,,,,,,1476,60,1476,60,1558,62,1558,62,539,18,539,18
65620,,,,,,,,,,,,,,,,,,,,,,,,,,,,,,,,,,,,,,,,,,,,,1502,84,139,7,596,34,132,6,503,21,129,3
39086,,,,,,,,,,,,,,,,,,,,,,,,,,,,,,,,,,,,,,,,,,,,,1502,173,1502,173,1777,193,1777,193,,,,
5184,,,,,,,,,,,,,,,,,,,,,,,,,,,,,,,,,,,,,,,,,,,,,1502,76,1502,76,2451,136,2451,136,,,,
70728,,,,,,,,,,,,,,,,,,,,,,,,,,,,,,,,,,,,,,,,,,,,,1502,193,69,7,,,,,,,,
83653,,,,,,,,,,,,,,,,,,,,,,,,,,,,,,,,,,,,,,,,,,,,,1502,86,1502,86,153,17,153,17,1266,105,1266,105
41598,,,,,,,,,,,,,,,,,,,,,,,,,,,,,,,,,,,,,,,,,,,,,1533,90,1533,90,1868,131,1868,131,,,,
47108,,,,,,,,,,,,,,,,,,,,,,,,,,,,,,,,,,,,,,,,,,,,,1533,105,1533,105,1896,113,1896,113,807,42,807,42
67389,,,,,,,,,,,,,,,,,,,,,,,,,,,,,,,,,,,,,,,,,,,,,1563,63,1563,63,613,22,613,22,2033,73,2033,73
47579,,,,,,,,,,,,,,,,,,,,,,,,,,,,,,,,,,,,,,,,,,,,,1563,107,1563,107,,,,,999,56,999,56
38919,,,,,,,,,,,,,,,,,,,,,,,,,,,,,,,,,,,,,,,,,,,,,1597,81,1597,81,,,,,,,,
38945,,,,,,,,,,,,,,,,,,,,,,,,,,,,,,,,,,,,,,,,,,,,,1641,84,1641,84,,,,,,,,
2003,,,,,,,,,,,,,,,,,,,,,,,,,,,,,,,,,,,,,,,,,,,,,1674,66,1674,66,,,,,,,,
54919,,,,,,,,,,,,,,,,,,,,,,,,,,,,,,,,,,,,,,,,,,,,,1674,93,1674,93,558,32,558,32,1941,93,1941,93
65194,,,,,,,,,,,,,,,,,,,,,,,,,,,,,,,,,,,,,,,,,,,,,1705,202,202,32,180,22,75,10,184,25,184,25
3154,,,,,,,,,,,,,,,,,,,,,,,,,,,,,,,,,,,,,,,,,,,,,1705,87,1705,87,,,,,,,,
6021,,,,,,,,,,,,,,,,,,,,,,,,,,,,,,,,,,,,,,,,,,,,,1750,125,1750,125,1931,148,1931,148,,,,
5245,,,,,,,,,,,,,,,,,,,,,,,,,,,,,,,,,,,,,,,,,,,,,1787,101,1787,101,2325,128,2325,128,,,,
54669,,,,,,,,,,,,,,,,,,,,,,,,,,,,,,,,,,,,,,,,,,,,,1810,216,1810,216,,,,,,,,
74427,,,,,,,,,,,,,,,,,,,,,,,,,,,,,,,,,,,,,,,,,,,,,1836,137,1836,137,,,,,,,,
50119,,,,,,,,,,,,,,,,,,,,,,,,,,,,,,,,,,,,,,,,,,,,,1858,223,1858,223,,,,,,,,
49569,,,,,,,,,,,,,,,,,,,,,,,,,,,,,,,,,,,,,,,,,,,,,1899,232,1899,232,,,,,1891,210,1891,210
69620,,,,,,,,,,,,,,,,,,,,,,,,,,,,,,,,,,,,,,,,,,,,,1916,249,1916,249,2414,313,2414,313,,,,
50052,,,,,,,,,,,,,,,,,,,,,,,,,,,,,,,,,,,,,,,,,,,,,1931,237,1931,237,68,9,68,9,1728,190,1728,190
50090,,,,,,,,,,,,,,,,,,,,,,,,,,,,,,,,,,,,,,,,,,,,,1931,237,1931,237,,,,,,,,
73888,,,,,,,,,,,,,,,,,,,,,,,,,,,,,,,,,,,,,,,,,,,,,94,13,10,1,,,,,,,,
37423,,,,,,,,,,,,,,,,,,,,,,,,,,,,,,,,,,,,,,,,,,,,,1956,256,1956,256,,,,,,,,
10828,,,,,,,,,,,,,,,,,,,,,,,,,,,,,,,,,,,,,,,,,,,,,1956,110,1956,110,,,,,1670,76,1670,76
13888,,,,,,,,,,,,,,,,,,,,,,,,,,,,,,,,,,,,,,,,,,,,,1975,236,1975,236,1137,119,1137,119,115,17,115,17
59283,,,,,,,,,,,,,,,,,,,,,,,,,,,,,,,,,,,,,,,,,,,,,1975,101,1975,101,,,,,,,,
50259,,,,,,,,,,,,,,,,,,,,,,,,,,,,,,,,,,,,,,,,,,,,,1991,244,1991,244,1855,201,1855,201,,,,
62547,,,,,,,,,,,,,,,,,,,,,,,,,,,,,,,,,,,,,,,,,,,,,2001,248,214,18,,,,,59,5,59,5
53355,,,,,,,,,,,,,,,,,,,,,,,,,,,,,,,,,,,,,,,,,,,,,2016,244,2016,244,,,,,,,,
18871,,,,,,,,,,,,,,,,,,,,,,,,,,,,,,,,,,,,,,,,,,,,,2016,146,2016,146,,,,,2554,179,2554,179
67443,,,,,,,,,,,,,,,,,,,,,,,,,,,,,,,,,,,,,,,,,,,,,2030,201,2030,201,,,,,,,,
71426,,,,,,,,,,,,,,,,,,,,,,,,,,,,,,,,,,,,,,,,,,,,,2056,270,2056,270,266,33,266,33,684,83,684,83
59241,,,,,,,,,,,,,,,,,,,,,,,,,,,,,,,,,,,,,,,,,,,,,2056,32,2056,32,,,,,,,,
52182,,,,,,,,,,,,,,,,,,,,,,,,,,,,,,,,,,,,,,,,,,,,,2065,129,2065,129,,,,,565,44,565,44
62460,,,,,,,,,,,,,,,,,,,,,,,,,,,,,,,,,,,,,,,,,,,,,2065,106,147,7,101,5,53,2,290,12,102,6
13546,,,,,,,,,,,,,,,,,,,,,,,,,,,,,,,,,,,,,,,,,,,,,2075,131,2075,131,,,,,,,,
34492,,,,,,,,,,,,,,,,,,,,,,,,,,,,,,,,,,,,,,,,,,,,,2075,127,2075,127,,,,,1706,102,1706,102
74786,,,,,,,,,,,,,,,,,,,,,,,,,,,,,,,,,,,,,,,,,,,,,2075,271,2075,271,,,,,,,,
57870,,,,,,,,,,,,,,,,,,,,,,,,,,,,,,,,,,,,,,,,,,,,,2109,132,2109,132,,,,,,,,
66202,,,,,,,,,,,,,,,,,,,,,,,,,,,,,,,,,,,,,,,,,,,,,2120,101,2120,101,,,,,1039,59,1039,59
70178,,,,,,,,,,,,,,,,,,,,,,,,,,,,,,,,,,,,,,,,,,,,,104,13,17,4,99,13,20,2,,,,
41570,,,,,,,,,,,,,,,,,,,,,,,,,,,,,,,,,,,,,,,,,,,,,2179,138,2179,138,,,,,305,19,305,19
49052,,,,,,,,,,,,,,,,,,,,,,,,,,,,,,,,,,,,,,,,,,,,,2179,134,2179,134,,,,,,,,
42469,,,,,,,,,,,,,,,,,,,,,,,,,,,,,,,,,,,,,,,,,,,,,2179,114,2179,114,,,,,,,,
7227,,,,,,,,,,,,,,,,,,,,,,,,,,,,,,,,,,,,,,,,,,,,,2207,123,2207,123,,,,,,,,
69454,,,,,,,,,,,,,,,,,,,,,,,,,,,,,,,,,,,,,,,,,,,,,2207,120,2207,120,1489,82,1489,82,1670,109,1670,109
13531,,,,,,,,,,,,,,,,,,,,,,,,,,,,,,,,,,,,,,,,,,,,,2238,140,2238,140,,,,,,,,
64858,,,,,,,,,,,,,,,,,,,,,,,,,,,,,,,,,,,,,,,,,,,,,2253,169,148,15,,,,,,,,
29814,,,,,,,,,,,,,,,,,,,,,,,,,,,,,,,,,,,,,,,,,,,,,2264,108,2264,108,,,,,1638,92,1638,92
65853,,,,,,,,,,,,,,,,,,,,,,,,,,,,,,,,,,,,,,,,,,,,,2269,303,224,23,2469,329,228,21,,,,
68792,,,,,,,,,,,,,,,,,,,,,,,,,,,,,,,,,,,,,,,,,,,,,2278,141,149,15,,,,,871,60,170,19
61783,,,,,,,,,,,,,,,,,,,,,,,,,,,,,,,,,,,,,,,,,,,,,2278,277,226,39,,,,,,,,
33609,,,,,,,,,,,,,,,,,,,,,,,,,,,,,,,,,,,,,,,,,,,,,2302,281,2302,281,,,,,,,,
47743,,,,,,,,,,,,,,,,,,,,,,,,,,,,,,,,,,,,,,,,,,,,,2302,141,2302,141,,,,,684,32,684,32
40272,,,,,,,,,,,,,,,,,,,,,,,,,,,,,,,,,,,,,,,,,,,,,2346,154,2346,154,,,,,1025,79,1025,79
30931,,,,,,,,,,,,,,,,,,,,,,,,,,,,,,,,,,,,,,,,,,,,,2359,289,2359,289,,,,,,,,
59349,,,,,,,,,,,,,,,,,,,,,,,,,,,,,,,,,,,,,,,,,,,,,2362,285,2362,285,,,,,,,,
70032,,,,,,,,,,,,,,,,,,,,,,,,,,,,,,,,,,,,,,,,,,,,,2367,156,2367,156,,,,,357,25,357,25
55727,,,,,,,,,,,,,,,,,,,,,,,,,,,,,,,,,,,,,,,,,,,,,111,20,29,3,23,6,23,6,37,9,37,9
62047,,,,,,,,,,,,,,,,,,,,,,,,,,,,,,,,,,,,,,,,,,,,,2378,157,2378,157,,,,,,,,
46292,,,,,,,,,,,,,,,,,,,,,,,,,,,,,,,,,,,,,,,,,,,,,2381,236,2381,236,,,,,,,,
64286,,,,,,,,,,,,,,,,,,,,,,,,,,,,,,,,,,,,,,,,,,,,,2384,287,2384,287,,,,,,,,
37572,,,,,,,,,,,,,,,,,,,,,,,,,,,,,,,,,,,,,,,,,,,,,2404,151,2404,151,,,,,,,,
47536,,,,,,,,,,,,,,,,,,,,,,,,,,,,,,,,,,,,,,,,,,,,,2405,149,2405,149,,,,,,,,
77858,,,,,,,,,,,,,,,,,,,,,,,,,,,,,,,,,,,,,,,,,,,,,,,,,1,1,1,1,667,48,62,5
74846,,,,,,,,,,,,,,,,,,,,,,,,,,,,,,,,,,,,,,,,,,,,,,,,,2,1,2,1,95,8,35,2
71316,,,,,,,,,,,,,,,,,,,,,,,,,,,,,,,,,,,,,,,,,,,,,,,,,4,1,4,1,,,,
81466,,,,,,,,,,,,,,,,,,,,,,,,,,,,,,,,,,,,,,,,,,,,,,,,,6,1,5,1,76,8,32,6
79035,,,,,,,,,,,,,,,,,,,,,,,,,,,,,,,,,,,,,,,,,,,,,,,,,10,3,9,3,785,64,118,11
77686,,,,,,,,,,,,,,,,,,,,,,,,,,,,,,,,,,,,,,,,,,,,,,,,,11,1,10,1,503,17,97,2
72578,,,,,,,,,,,,,,,,,,,,,,,,,,,,,,,,,,,,,,,,,,,,,,,,,12,2,11,2,159,12,59,5
78725,,,,,,,,,,,,,,,,,,,,,,,,,,,,,,,,,,,,,,,,,,,,,,,,,15,2,12,2,216,9,48,1
75152,,,,,,,,,,,,,,,,,,,,,,,,,,,,,,,,,,,,,,,,,,,,,,,,,15,1,12,1,86,2,41,1
76390,,,,,,,,,,,,,,,,,,,,,,,,,,,,,,,,,,,,,,,,,,,,,,,,,17,1,7,1,98,14,13,4
73589,,,,,,,,,,,,,,,,,,,,,,,,,,,,,,,,,,,,,,,,,,,,,,,,,18,1,15,1,242,24,74,10
78198,,,,,,,,,,,,,,,,,,,,,,,,,,,,,,,,,,,,,,,,,,,,,,,,,21,4,17,3,7,1,3,1
73134,,,,,,,,,,,,,,,,,,,,,,,,,,,,,,,,,,,,,,,,,,,,,,,,,23,2,18,2,251,33,50,6
80194,,,,,,,,,,,,,,,,,,,,,,,,,,,,,,,,,,,,,,,,,,,,,,,,,24,2,21,2,98,8,44,5
80889,,,,,,,,,,,,,,,,,,,,,,,,,,,,,,,,,,,,,,,,,,,,,,,,,26,5,19,2,66,11,36,3
74885,,,,,,,,,,,,,,,,,,,,,,,,,,,,,,,,,,,,,,,,,,,,,,,,,28,3,20,3,384,51,53,14
78235,,,,,,,,,,,,,,,,,,,,,,,,,,,,,,,,,,,,,,,,,,,,,,,,,30,2,25,2,314,4,82,2
58220,,,,,,,,,,,,,,,,,,,,,,,,,,,,,,,,,,,,,,,,,,,,,,,,,31,3,31,3,1025,20,1025,20
80064,,,,,,,,,,,,,,,,,,,,,,,,,,,,,,,,,,,,,,,,,,,,,,,,,31,3,22,3,1301,157,134,20
71299,,,,,,,,,,,,,,,,,,,,,,,,,,,,,,,,,,,,,,,,,,,,,,,,,37,2,9,1,565,21,59,2
73661,,,,,,,,,,,,,,,,,,,,,,,,,,,,,,,,,,,,,,,,,,,,,,,,,42,1,24,1,624,26,104,7
76367,,,,,,,,,,,,,,,,,,,,,,,,,,,,,,,,,,,,,,,,,,,,,,,,,45,5,26,4,171,10,45,3
78664,,,,,,,,,,,,,,,,,,,,,,,,,,,,,,,,,,,,,,,,,,,,,,,,,47,6,36,5,184,6,80,3
74833,,,,,,,,,,,,,,,,,,,,,,,,,,,,,,,,,,,,,,,,,,,,,,,,,51,4,34,2,1420,46,207,8
67050,,,,,,,,,,,,,,,,,,,,,,,,,,,,,,,,,,,,,,,,,,,,,,,,,60,9,36,4,527,60,135,16
77234,,,,,,,,,,,,,,,,,,,,,,,,,,,,,,,,,,,,,,,,,,,,,,,,,60,3,27,1,68,2,37,1
68616,,,,,,,,,,,,,,,,,,,,,,,,,,,,,,,,,,,,,,,,,,,,,,,,,62,9,38,5,490,37,95,8
73949,,,,,,,,,,,,,,,,,,,,,,,,,,,,,,,,,,,,,,,,,,,,,,,,,3,1,2,1,7,3,1,1
60852,,,,,,,,,,,,,,,,,,,,,,,,,,,,,,,,,,,,,,,,,,,,,,,,,71,1,71,1,2069,106,2069,106
76255,,,,,,,,,,,,,,,,,,,,,,,,,,,,,,,,,,,,,,,,,,,,,,,,,73,13,28,3,35,5,22,2
66737,,,,,,,,,,,,,,,,,,,,,,,,,,,,,,,,,,,,,,,,,,,,,,,,,73,13,73,13,871,95,871,95
77782,,,,,,,,,,,,,,,,,,,,,,,,,,,,,,,,,,,,,,,,,,,,,,,,,76,10,29,5,1237,100,68,6
79781,,,,,,,,,,,,,,,,,,,,,,,,,,,,,,,,,,,,,,,,,,,,,,,,,84,7,84,7,323,47,323,47
74628,,,,,,,,,,,,,,,,,,,,,,,,,,,,,,,,,,,,,,,,,,,,,,,,,109,2,51,1,153,8,58,4
70108,,,,,,,,,,,,,,,,,,,,,,,,,,,,,,,,,,,,,,,,,,,,,,,,,109,6,35,3,453,30,93,6
48199,,,,,,,,,,,,,,,,,,,,,,,,,,,,,,,,,,,,,,,,,,,,,,,,,128,17,128,17,30,4,30,4
63537,,,,,,,,,,,,,,,,,,,,,,,,,,,,,,,,,,,,,,,,,,,,,,,,,128,13,128,13,47,10,47,10
79056,,,,,,,,,,,,,,,,,,,,,,,,,,,,,,,,,,,,,,,,,,,,,,,,,128,18,11,2,952,100,66,2
76751,,,,,,,,,,,,,,,,,,,,,,,,,,,,,,,,,,,,,,,,,,,,,,,,,136,10,41,5,330,33,84,11
71858,,,,,,,,,,,,,,,,,,,,,,,,,,,,,,,,,,,,,,,,,,,,,,,,,150,23,63,8,1941,217,149,7
58202,,,,,,,,,,,,,,,,,,,,,,,,,,,,,,,,,,,,,,,,,,,,,,,,,150,8,150,8,2115,121,2115,121
71556,,,,,,,,,,,,,,,,,,,,,,,,,,,,,,,,,,,,,,,,,,,,,,,,,161,22,43,5,1450,151,138,13
64586,,,,,,,,,,,,,,,,,,,,,,,,,,,,,,,,,,,,,,,,,,,,,,,,,180,4,75,3,49,2,32,1
75321,,,,,,,,,,,,,,,,,,,,,,,,,,,,,,,,,,,,,,,,,,,,,,,,,192,25,78,11,999,120,178,30
44534,,,,,,,,,,,,,,,,,,,,,,,,,,,,,,,,,,,,,,,,,,,,,,,,,198,26,198,26,1801,211,1801,211
72747,,,,,,,,,,,,,,,,,,,,,,,,,,,,,,,,,,,,,,,,,,,,,,,,,14,3,3,1,37,10,5,2
72803,,,,,,,,,,,,,,,,,,,,,,,,,,,,,,,,,,,,,,,,,,,,,,,,,198,22,45,6,314,20,82,5
85872,,,,,,,,,,,,,,,,,,,,,,,,,,,,,,,,,,,,,,,,,,,,,,,,,15,4,8,2,,,,
66728,,,,,,,,,,,,,,,,,,,,,,,,,,,,,,,,,,,,,,,,,,,,,,,,,213,14,82,8,503,42,129,14
62812,,,,,,,,,,,,,,,,,,,,,,,,,,,,,,,,,,,,,,,,,,,,,,,,,16,1,16,1,117,11,117,11
68358,,,,,,,,,,,,,,,,,,,,,,,,,,,,,,,,,,,,,,,,,,,,,,,,,213,23,13,3,2242,293,77,15
78940,,,,,,,,,,,,,,,,,,,,,,,,,,,,,,,,,,,,,,,,,,,,,,,,,223,27,223,27,68,12,68,12
63008,,,,,,,,,,,,,,,,,,,,,,,,,,,,,,,,,,,,,,,,,,,,,,,,,230,31,230,31,2386,273,2386,273
57440,,,,,,,,,,,,,,,,,,,,,,,,,,,,,,,,,,,,,,,,,,,,,,,,,247,11,247,11,475,24,475,24
42117,,,,,,,,,,,,,,,,,,,,,,,,,,,,,,,,,,,,,,,,,,,,,,,,,247,33,247,33,624,77,624,77
66698,,,,,,,,,,,,,,,,,,,,,,,,,,,,,,,,,,,,,,,,,,,,,,,,,247,28,247,28,807,97,807,97
75438,,,,,,,,,,,,,,,,,,,,,,,,,,,,,,,,,,,,,,,,,,,,,,,,,257,30,47,7,115,18,38,11
71211,,,,,,,,,,,,,,,,,,,,,,,,,,,,,,,,,,,,,,,,,,,,,,,,,18,2,6,2,7,1,2,1
70221,,,,,,,,,,,,,,,,,,,,,,,,,,,,,,,,,,,,,,,,,,,,,,,,,266,30,266,30,2048,246,2048,246
59976,,,,,,,,,,,,,,,,,,,,,,,,,,,,,,,,,,,,,,,,,,,,,,,,,266,33,89,9,1495,202,1495,202
62293,,,,,,,,,,,,,,,,,,,,,,,,,,,,,,,,,,,,,,,,,,,,,,,,,285,8,285,8,643,27,643,27
29218,,,,,,,,,,,,,,,,,,,,,,,,,,,,,,,,,,,,,,,,,,,,,,,,,298,38,298,38,928,98,928,98
85795,,,,,,,,,,,,,,,,,,,,,,,,,,,,,,,,,,,,,,,,,,,,,,,,,21,2,21,2,23,2,23,2
45792,,,,,,,,,,,,,,,,,,,,,,,,,,,,,,,,,,,,,,,,,,,,,,,,,22,4,22,4,86,15,86,15
82270,,,,,,,,,,,,,,,,,,,,,,,,,,,,,,,,,,,,,,,,,,,,,,,,,336,15,336,15,1801,85,1801,85
37100,,,,,,,,,,,,,,,,,,,,,,,,,,,,,,,,,,,,,,,,,,,,,,,,,336,41,336,41,2097,220,2097,220
75450,,,,,,,,,,,,,,,,,,,,,,,,,,,,,,,,,,,,,,,,,,,,,,,,,23,5,8,3,96,17,20,6
62103,,,,,,,,,,,,,,,,,,,,,,,,,,,,,,,,,,,,,,,,,,,,,,,,,23,3,9,3,,,,
39506,,,,,,,,,,,,,,,,,,,,,,,,,,,,,,,,,,,,,,,,,,,,,,,,,372,48,372,48,1383,179,1383,179
73623,,,,,,,,,,,,,,,,,,,,,,,,,,,,,,,,,,,,,,,,,,,,,,,,,388,46,388,46,475,54,475,54
85809,,,,,,,,,,,,,,,,,,,,,,,,,,,,,,,,,,,,,,,,,,,,,,,,,388,41,388,41,,,,
58170,,,,,,,,,,,,,,,,,,,,,,,,,,,,,,,,,,,,,,,,,,,,,,,,,388,49,388,49,1204,156,1204,156
23225,,,,,,,,,,,,,,,,,,,,,,,,,,,,,,,,,,,,,,,,,,,,,,,,,403,20,403,20,928,52,928,52
51602,,,,,,,,,,,,,,,,,,,,,,,,,,,,,,,,,,,,,,,,,,,,,,,,,403,48,403,48,2386,273,2386,273
56567,,,,,,,,,,,,,,,,,,,,,,,,,,,,,,,,,,,,,,,,,,,,,,,,,423,33,423,33,1473,120,1473,120
85334,,,,,,,,,,,,,,,,,,,,,,,,,,,,,,,,,,,,,,,,,,,,,,,,,423,45,88,12,,,,
83856,,,,,,,,,,,,,,,,,,,,,,,,,,,,,,,,,,,,,,,,,,,,,,,,,444,50,444,50,1039,111,1039,111
2303,,,,,,,,,,,,,,,,,,,,,,,,,,,,,,,,,,,,,,,,,,,,,,,,,467,31,467,31,722,36,722,36
40500,,,,,,,,,,,,,,,,,,,,,,,,,,,,,,,,,,,,,,,,,,,,,,,,,481,56,481,56,2288,238,2288,238
60327,,,,,,,,,,,,,,,,,,,,,,,,,,,,,,,,,,,,,,,,,,,,,,,,,481,52,481,52,1420,151,1420,151
55298,,,,,,,,,,,,,,,,,,,,,,,,,,,,,,,,,,,,,,,,,,,,,,,,,495,37,495,37,1204,95,1204,95
33856,,,,,,,,,,,,,,,,,,,,,,,,,,,,,,,,,,,,,,,,,,,,,,,,,506,59,506,59,1473,154,1473,154
52115,,,,,,,,,,,,,,,,,,,,,,,,,,,,,,,,,,,,,,,,,,,,,,,,,506,53,506,53,1849,218,1849,218
65775,,,,,,,,,,,,,,,,,,,,,,,,,,,,,,,,,,,,,,,,,,,,,,,,,528,11,528,11,1328,26,1328,26
85875,,,,,,,,,,,,,,,,,,,,,,,,,,,,,,,,,,,,,,,,,,,,,,,,,543,43,543,43,1849,145,1849,145
24399,,,,,,,,,,,,,,,,,,,,,,,,,,,,,,,,,,,,,,,,,,,,,,,,,543,43,543,43,357,25,357,25
43061,,,,,,,,,,,,,,,,,,,,,,,,,,,,,,,,,,,,,,,,,,,,,,,,,558,36,558,36,2302,126,2302,126
68396,,,,,,,,,,,,,,,,,,,,,,,,,,,,,,,,,,,,,,,,,,,,,,,,,558,45,558,45,1204,95,1204,95
71230,,,,,,,,,,,,,,,,,,,,,,,,,,,,,,,,,,,,,,,,,,,,,,,,,558,43,55,7,503,35,57,10
44930,,,,,,,,,,,,,,,,,,,,,,,,,,,,,,,,,,,,,,,,,,,,,,,,,558,29,558,29,1301,72,1301,72
48905,,,,,,,,,,,,,,,,,,,,,,,,,,,,,,,,,,,,,,,,,,,,,,,,,31,6,31,6,104,8,104,8
80517,,,,,,,,,,,,,,,,,,,,,,,,,,,,,,,,,,,,,,,,,,,,,,,,,596,46,596,46,2332,160,2332,160
72709,,,,,,,,,,,,,,,,,,,,,,,,,,,,,,,,,,,,,,,,,,,,,,,,,596,31,100,2,191,10,65,5
51441,,,,,,,,,,,,,,,,,,,,,,,,,,,,,,,,,,,,,,,,,,,,,,,,,621,33,621,33,139,7,139,7
85233,,,,,,,,,,,,,,,,,,,,,,,,,,,,,,,,,,,,,,,,,,,,,,,,,643,71,643,71,490,55,490,55
83171,,,,,,,,,,,,,,,,,,,,,,,,,,,,,,,,,,,,,,,,,,,,,,,,,643,36,643,36,722,39,722,39
30880,,,,,,,,,,,,,,,,,,,,,,,,,,,,,,,,,,,,,,,,,,,,,,,,,664,39,664,39,1266,84,1266,84
70783,,,,,,,,,,,,,,,,,,,,,,,,,,,,,,,,,,,,,,,,,,,,,,,,,664,51,664,51,1160,92,1160,92
66673,,,,,,,,,,,,,,,,,,,,,,,,,,,,,,,,,,,,,,,,,,,,,,,,,686,40,686,40,2547,131,2547,131
52510,,,,,,,,,,,,,,,,,,,,,,,,,,,,,,,,,,,,,,,,,,,,,,,,,705,40,705,40,48,4,48,4
63349,,,,,,,,,,,,,,,,,,,,,,,,,,,,,,,,,,,,,,,,,,,,,,,,,705,45,143,9,1204,67,1204,67
46682,,,,,,,,,,,,,,,,,,,,,,,,,,,,,,,,,,,,,,,,,,,,,,,,,746,49,746,49,565,40,565,40
65302,,,,,,,,,,,,,,,,,,,,,,,,,,,,,,,,,,,,,,,,,,,,,,,,,42,8,15,2,,,,
38572,,,,,,,,,,,,,,,,,,,,,,,,,,,,,,,,,,,,,,,,,,,,,,,,,763,81,763,81,1495,160,1495,160
74191,,,,,,,,,,,,,,,,,,,,,,,,,,,,,,,,,,,,,,,,,,,,,,,,,806,61,806,61,1827,143,1827,143
14121,,,,,,,,,,,,,,,,,,,,,,,,,,,,,,,,,,,,,,,,,,,,,,,,,856,88,856,88,2419,288,2419,288
68651,,,,,,,,,,,,,,,,,,,,,,,,,,,,,,,,,,,,,,,,,,,,,,,,,856,46,856,46,,,,
62471,,,,,,,,,,,,,,,,,,,,,,,,,,,,,,,,,,,,,,,,,,,,,,,,,877,48,877,48,330,16,330,16
39968,,,,,,,,,,,,,,,,,,,,,,,,,,,,,,,,,,,,,,,,,,,,,,,,,877,97,877,97,1383,147,1383,147
58021,,,,,,,,,,,,,,,,,,,,,,,,,,,,,,,,,,,,,,,,,,,,,,,,,907,101,907,101,590,68,590,68
31166,,,,,,,,,,,,,,,,,,,,,,,,,,,,,,,,,,,,,,,,,,,,,,,,,931,51,931,51,1562,84,1562,84
86360,,,,,,,,,,,,,,,,,,,,,,,,,,,,,,,,,,,,,,,,,,,,,,,,,931,94,931,94,2302,275,2302,275
71765,,,,,,,,,,,,,,,,,,,,,,,,,,,,,,,,,,,,,,,,,,,,,,,,,960,99,117,13,1204,149,194,33
53298,,,,,,,,,,,,,,,,,,,,,,,,,,,,,,,,,,,,,,,,,,,,,,,,,960,73,960,73,1266,105,1266,105
41090,,,,,,,,,,,,,,,,,,,,,,,,,,,,,,,,,,,,,,,,,,,,,,,,,960,73,960,73,1383,113,1383,113
58154,,,,,,,,,,,,,,,,,,,,,,,,,,,,,,,,,,,,,,,,,,,,,,,,,55,6,55,6,37,4,37,4
39436,,,,,,,,,,,,,,,,,,,,,,,,,,,,,,,,,,,,,,,,,,,,,,,,,985,56,985,56,2148,113,2148,113
51550,,,,,,,,,,,,,,,,,,,,,,,,,,,,,,,,,,,,,,,,,,,,,,,,,1002,128,1002,128,667,81,667,81
43392,,,,,,,,,,,,,,,,,,,,,,,,,,,,,,,,,,,,,,,,,,,,,,,,,59,13,59,13,23,6,23,6
66107,,,,,,,,,,,,,,,,,,,,,,,,,,,,,,,,,,,,,,,,,,,,,,,,,1055,43,121,5,1615,54,215,9
10207,,,,,,,,,,,,,,,,,,,,,,,,,,,,,,,,,,,,,,,,,,,,,,,,,1055,55,1055,55,1160,67,1160,67
65665,,,,,,,,,,,,,,,,,,,,,,,,,,,,,,,,,,,,,,,,,,,,,,,,,1055,85,67,9,25,4,18,4
58036,,,,,,,,,,,,,,,,,,,,,,,,,,,,,,,,,,,,,,,,,,,,,,,,,64,8,20,3,64,10,64,10
71685,,,,,,,,,,,,,,,,,,,,,,,,,,,,,,,,,,,,,,,,,,,,,,,,,64,9,16,4,4,1,3,1
1412,,,,,,,,,,,,,,,,,,,,,,,,,,,,,,,,,,,,,,,,,,,,,,,,,1115,121,1115,121,2374,243,2374,243
86116,,,,,,,,,,,,,,,,,,,,,,,,,,,,,,,,,,,,,,,,,,,,,,,,,1137,67,1137,67,,,,
68166,,,,,,,,,,,,,,,,,,,,,,,,,,,,,,,,,,,,,,,,,,,,,,,,,1137,62,1137,62,2425,139,2425,139
62554,,,,,,,,,,,,,,,,,,,,,,,,,,,,,,,,,,,,,,,,,,,,,,,,,1163,68,1163,68,1518,98,1518,98
44911,,,,,,,,,,,,,,,,,,,,,,,,,,,,,,,,,,,,,,,,,,,,,,,,,1185,69,1185,69,2513,132,2513,132
76494,,,,,,,,,,,,,,,,,,,,,,,,,,,,,,,,,,,,,,,,,,,,,,,,,1241,130,1241,130,701,80,701,80
74179,,,,,,,,,,,,,,,,,,,,,,,,,,,,,,,,,,,,,,,,,,,,,,,,,1241,75,1241,75,2553,132,2553,132
72412,,,,,,,,,,,,,,,,,,,,,,,,,,,,,,,,,,,,,,,,,,,,,,,,,1241,127,16,4,1801,197,74,3
13800,,,,,,,,,,,,,,,,,,,,,,,,,,,,,,,,,,,,,,,,,,,,,,,,,1241,72,1241,72,2539,147,2539,147
42632,,,,,,,,,,,,,,,,,,,,,,,,,,,,,,,,,,,,,,,,,,,,,,,,,1270,129,1270,129,475,54,475,54
58196,,,,,,,,,,,,,,,,,,,,,,,,,,,,,,,,,,,,,,,,,,,,,,,,,1270,166,1270,166,,,,
33304,,,,,,,,,,,,,,,,,,,,,,,,,,,,,,,,,,,,,,,,,,,,,,,,,1270,131,1270,131,1827,188,1827,188
36264,,,,,,,,,,,,,,,,,,,,,,,,,,,,,,,,,,,,,,,,,,,,,,,,,1270,129,1270,129,2148,238,2148,238
52673,,,,,,,,,,,,,,,,,,,,,,,,,,,,,,,,,,,,,,,,,,,,,,,,,1270,166,1270,166,1301,167,1301,167
57692,,,,,,,,,,,,,,,,,,,,,,,,,,,,,,,,,,,,,,,,,,,,,,,,,1292,105,1292,105,1518,95,1518,95
67703,,,,,,,,,,,,,,,,,,,,,,,,,,,,,,,,,,,,,,,,,,,,,,,,,1326,173,1326,173,1114,144,1114,144
66173,,,,,,,,,,,,,,,,,,,,,,,,,,,,,,,,,,,,,,,,,,,,,,,,,1326,80,1326,80,2148,113,2148,113
47253,,,,,,,,,,,,,,,,,,,,,,,,,,,,,,,,,,,,,,,,,,,,,,,,,1363,77,1363,77,2480,157,2480,157
60380,,,,,,,,,,,,,,,,,,,,,,,,,,,,,,,,,,,,,,,,,,,,,,,,,1390,145,1390,145,347,41,347,41
46023,,,,,,,,,,,,,,,,,,,,,,,,,,,,,,,,,,,,,,,,,,,,,,,,,1421,79,1421,79,,,,
67332,,,,,,,,,,,,,,,,,,,,,,,,,,,,,,,,,,,,,,,,,,,,,,,,,1461,191,186,17,684,83,152,22
49685,,,,,,,,,,,,,,,,,,,,,,,,,,,,,,,,,,,,,,,,,,,,,,,,,1461,81,1461,81,,,,
9902,,,,,,,,,,,,,,,,,,,,,,,,,,,,,,,,,,,,,,,,,,,,,,,,,1461,124,1461,124,1301,86,1301,86
65984,,,,,,,,,,,,,,,,,,,,,,,,,,,,,,,,,,,,,,,,,,,,,,,,,1489,194,1489,194,952,122,952,122
43158,,,,,,,,,,,,,,,,,,,,,,,,,,,,,,,,,,,,,,,,,,,,,,,,,1489,161,1489,161,191,26,191,26
331,,,,,,,,,,,,,,,,,,,,,,,,,,,,,,,,,,,,,,,,,,,,,,,,,1489,87,1489,87,2115,125,2115,125
80063,,,,,,,,,,,,,,,,,,,,,,,,,,,,,,,,,,,,,,,,,,,,,,,,,1514,82,70,6,262,11,77,5
86129,,,,,,,,,,,,,,,,,,,,,,,,,,,,,,,,,,,,,,,,,,,,,,,,,1514,164,1514,164,1585,185,1585,185
71159,,,,,,,,,,,,,,,,,,,,,,,,,,,,,,,,,,,,,,,,,,,,,,,,,1539,84,1539,84,1670,91,1670,91
68535,,,,,,,,,,,,,,,,,,,,,,,,,,,,,,,,,,,,,,,,,,,,,,,,,85,1,18,1,,,,
83152,,,,,,,,,,,,,,,,,,,,,,,,,,,,,,,,,,,,,,,,,,,,,,,,,1558,173,1558,173,,,,
13768,,,,,,,,,,,,,,,,,,,,,,,,,,,,,,,,,,,,,,,,,,,,,,,,,1592,167,1592,167,,,,
30303,,,,,,,,,,,,,,,,,,,,,,,,,,,,,,,,,,,,,,,,,,,,,,,,,1592,207,1592,207,1849,249,1849,249
7688,,,,,,,,,,,,,,,,,,,,,,,,,,,,,,,,,,,,,,,,,,,,,,,,,1592,167,1592,167,410,48,410,48
78010,,,,,,,,,,,,,,,,,,,,,,,,,,,,,,,,,,,,,,,,,,,,,,,,,1620,183,1620,183,1781,209,1781,209
86016,,,,,,,,,,,,,,,,,,,,,,,,,,,,,,,,,,,,,,,,,,,,,,,,,1644,171,1644,171,,,,
38240,,,,,,,,,,,,,,,,,,,,,,,,,,,,,,,,,,,,,,,,,,,,,,,,,1644,175,1644,175,2444,279,2444,279
42523,,,,,,,,,,,,,,,,,,,,,,,,,,,,,,,,,,,,,,,,,,,,,,,,,1675,91,1675,91,1518,82,1518,82
40779,,,,,,,,,,,,,,,,,,,,,,,,,,,,,,,,,,,,,,,,,,,,,,,,,1675,114,1675,114,827,69,827,69
46461,,,,,,,,,,,,,,,,,,,,,,,,,,,,,,,,,,,,,,,,,,,,,,,,,1675,101,1675,101,701,33,701,33
60686,,,,,,,,,,,,,,,,,,,,,,,,,,,,,,,,,,,,,,,,,,,,,,,,,1708,186,1708,186,89,11,89,11
2049,,,,,,,,,,,,,,,,,,,,,,,,,,,,,,,,,,,,,,,,,,,,,,,,,1732,98,1732,98,,,,
61706,,,,,,,,,,,,,,,,,,,,,,,,,,,,,,,,,,,,,,,,,,,,,,,,,1732,106,1732,106,305,31,305,31
58946,,,,,,,,,,,,,,,,,,,,,,,,,,,,,,,,,,,,,,,,,,,,,,,,,1732,175,1732,175,1237,131,1237,131
67014,,,,,,,,,,,,,,,,,,,,,,,,,,,,,,,,,,,,,,,,,,,,,,,,,1751,100,1751,100,272,12,272,12
64842,,,,,,,,,,,,,,,,,,,,,,,,,,,,,,,,,,,,,,,,,,,,,,,,,1751,236,204,19,,,,
67754,,,,,,,,,,,,,,,,,,,,,,,,,,,,,,,,,,,,,,,,,,,,,,,,,1777,121,1777,121,785,64,785,64
77723,,,,,,,,,,,,,,,,,,,,,,,,,,,,,,,,,,,,,,,,,,,,,,,,,1777,137,1777,137,,,,
70022,,,,,,,,,,,,,,,,,,,,,,,,,,,,,,,,,,,,,,,,,,,,,,,,,1777,193,136,12,,,,
80228,,,,,,,,,,,,,,,,,,,,,,,,,,,,,,,,,,,,,,,,,,,,,,,,,1777,121,136,12,2169,163,152,13
36507,,,,,,,,,,,,,,,,,,,,,,,,,,,,,,,,,,,,,,,,,,,,,,,,,1807,243,1807,243,,,,
45626,,,,,,,,,,,,,,,,,,,,,,,,,,,,,,,,,,,,,,,,,,,,,,,,,1826,248,1826,248,1670,226,1670,226
43633,,,,,,,,,,,,,,,,,,,,,,,,,,,,,,,,,,,,,,,,,,,,,,,,,1868,217,1868,217,290,42,290,42
85871,,,,,,,,,,,,,,,,,,,,,,,,,,,,,,,,,,,,,,,,,,,,,,,,,98,20,98,20,30,8,30,8
70736,,,,,,,,,,,,,,,,,,,,,,,,,,,,,,,,,,,,,,,,,,,,,,,,,1868,204,207,18,,,,
48472,,,,,,,,,,,,,,,,,,,,,,,,,,,,,,,,,,,,,,,,,,,,,,,,,1896,113,1896,113,,,,
86696,,,,,,,,,,,,,,,,,,,,,,,,,,,,,,,,,,,,,,,,,,,,,,,,,1943,214,1943,214,118,14,118,14
74152,,,,,,,,,,,,,,,,,,,,,,,,,,,,,,,,,,,,,,,,,,,,,,,,,1943,110,71,5,667,48,108,8
68130,,,,,,,,,,,,,,,,,,,,,,,,,,,,,,,,,,,,,,,,,,,,,,,,,1984,220,1984,220,171,22,171,22
44935,,,,,,,,,,,,,,,,,,,,,,,,,,,,,,,,,,,,,,,,,,,,,,,,,1984,109,1984,109,,,,
85874,,,,,,,,,,,,,,,,,,,,,,,,,,,,,,,,,,,,,,,,,,,,,,,,,104,7,104,7,25,3,25,3
74852,,,,,,,,,,,,,,,,,,,,,,,,,,,,,,,,,,,,,,,,,,,,,,,,,1997,204,139,15,1039,72,181,13
70123,,,,,,,,,,,,,,,,,,,,,,,,,,,,,,,,,,,,,,,,,,,,,,,,,1997,111,1997,111,,,,
46156,,,,,,,,,,,,,,,,,,,,,,,,,,,,,,,,,,,,,,,,,,,,,,,,,2018,152,2018,152,1753,110,1753,110
64123,,,,,,,,,,,,,,,,,,,,,,,,,,,,,,,,,,,,,,,,,,,,,,,,,106,15,22,4,69,12,14,4
67375,,,,,,,,,,,,,,,,,,,,,,,,,,,,,,,,,,,,,,,,,,,,,,,,,106,2,29,1,,,,
63590,,,,,,,,,,,,,,,,,,,,,,,,,,,,,,,,,,,,,,,,,,,,,,,,,2050,241,213,32,981,118,177,29
45285,,,,,,,,,,,,,,,,,,,,,,,,,,,,,,,,,,,,,,,,,,,,,,,,,2066,81,2066,81,,,,
63655,,,,,,,,,,,,,,,,,,,,,,,,,,,,,,,,,,,,,,,,,,,,,,,,,2066,112,2066,112,,,,
85777,,,,,,,,,,,,,,,,,,,,,,,,,,,,,,,,,,,,,,,,,,,,,,,,,2085,82,2085,82,,,,
45656,,,,,,,,,,,,,,,,,,,,,,,,,,,,,,,,,,,,,,,,,,,,,,,,,2101,116,2101,116,,,,
12728,,,,,,,,,,,,,,,,,,,,,,,,,,,,,,,,,,,,,,,,,,,,,,,,,2101,160,2101,160,2069,135,2069,135
53986,,,,,,,,,,,,,,,,,,,,,,,,,,,,,,,,,,,,,,,,,,,,,,,,,2101,234,2101,234,2211,248,2211,248
6978,,,,,,,,,,,,,,,,,,,,,,,,,,,,,,,,,,,,,,,,,,,,,,,,,2125,115,2125,115,,,,
25092,,,,,,,,,,,,,,,,,,,,,,,,,,,,,,,,,,,,,,,,,,,,,,,,,2125,254,2125,254,77,12,77,12
52836,,,,,,,,,,,,,,,,,,,,,,,,,,,,,,,,,,,,,,,,,,,,,,,,,2142,258,2142,258,251,33,251,33
64950,,,,,,,,,,,,,,,,,,,,,,,,,,,,,,,,,,,,,,,,,,,,,,,,,2142,120,2142,120,453,30,453,30
64646,,,,,,,,,,,,,,,,,,,,,,,,,,,,,,,,,,,,,,,,,,,,,,,,,2142,164,2142,164,41,5,41,5
45569,,,,,,,,,,,,,,,,,,,,,,,,,,,,,,,,,,,,,,,,,,,,,,,,,2152,280,2152,280,722,88,722,88
46112,,,,,,,,,,,,,,,,,,,,,,,,,,,,,,,,,,,,,,,,,,,,,,,,,2163,123,2163,123,1753,97,1753,97
32326,,,,,,,,,,,,,,,,,,,,,,,,,,,,,,,,,,,,,,,,,,,,,,,,,2163,242,2163,242,,,,
77326,,,,,,,,,,,,,,,,,,,,,,,,,,,,,,,,,,,,,,,,,,,,,,,,,2177,244,2177,244,722,82,722,82
38,,,,,,,,,,,,,,,,,,,,,,,,,,,,,,,,,,,,,,,,,,,,,,,,,113,15,113,15,,,,
25403,,,,,,,,,,,,,,,,,,,,,,,,,,,,,,,,,,,,,,,,,,,,,,,,,113,8,113,8,,,,
71599,,,,,,,,,,,,,,,,,,,,,,,,,,,,,,,,,,,,,,,,,,,,,,,,,2200,221,73,7,,,,
55518,,,,,,,,,,,,,,,,,,,,,,,,,,,,,,,,,,,,,,,,,,,,,,,,,2224,127,2224,127,549,30,549,30
40759,,,,,,,,,,,,,,,,,,,,,,,,,,,,,,,,,,,,,,,,,,,,,,,,,2234,122,2234,122,2471,125,2471,125
1628,,,,,,,,,,,,,,,,,,,,,,,,,,,,,,,,,,,,,,,,,,,,,,,,,2245,123,2245,123,527,23,527,23
8770,,,,,,,,,,,,,,,,,,,,,,,,,,,,,,,,,,,,,,,,,,,,,,,,,2245,226,2245,226,,,,
9107,,,,,,,,,,,,,,,,,,,,,,,,,,,,,,,,,,,,,,,,,,,,,,,,,2279,126,2279,126,,,,
44049,,,,,,,,,,,,,,,,,,,,,,,,,,,,,,,,,,,,,,,,,,,,,,,,,2303,127,2303,127,2229,110,2229,110
51428,,,,,,,,,,,,,,,,,,,,,,,,,,,,,,,,,,,,,,,,,,,,,,,,,2325,303,2325,303,,,,
19524,,,,,,,,,,,,,,,,,,,,,,,,,,,,,,,,,,,,,,,,,,,,,,,,,2360,94,2360,94,,,,
17698,,,,,,,,,,,,,,,,,,,,,,,,,,,,,,,,,,,,,,,,,,,,,,,,,2367,273,2367,273,,,,
48825,,,,,,,,,,,,,,,,,,,,,,,,,,,,,,,,,,,,,,,,,,,,,,,,,2367,134,2367,134,,,,
45119,,,,,,,,,,,,,,,,,,,,,,,,,,,,,,,,,,,,,,,,,,,,,,,,,2380,96,2380,96,,,,
35878,,,,,,,,,,,,,,,,,,,,,,,,,,,,,,,,,,,,,,,,,,,,,,,,,2406,135,2406,135,,,,
46520,,,,,,,,,,,,,,,,,,,,,,,,,,,,,,,,,,,,,,,,,,,,,,,,,2417,144,2417,144,,,,
14293,,,,,,,,,,,,,,,,,,,,,,,,,,,,,,,,,,,,,,,,,,,,,,,,,2422,278,2422,278,,,,
55904,,,,,,,,,,,,,,,,,,,,,,,,,,,,,,,,,,,,,,,,,,,,,,,,,117,18,117,18,29,7,29,7
44250,,,,,,,,,,,,,,,,,,,,,,,,,,,,,,,,,,,,,,,,,,,,,,,,,2448,326,2448,326,,,,
39790,,,,,,,,,,,,,,,,,,,,,,,,,,,,,,,,,,,,,,,,,,,,,,,,,2455,146,2455,146,,,,
9124,,,,,,,,,,,,,,,,,,,,,,,,,,,,,,,,,,,,,,,,,,,,,,,,,2474,297,2474,297,,,,
80100,,,,,,,,,,,,,,,,,,,,,,,,,,,,,,,,,,,,,,,,,,,,,,,,,2482,300,2482,300,,,,
34661,,,,,,,,,,,,,,,,,,,,,,,,,,,,,,,,,,,,,,,,,,,,,,,,,2489,148,2489,148,,,,
19193,,,,,,,,,,,,,,,,,,,,,,,,,,,,,,,,,,,,,,,,,,,,,,,,,2502,249,2502,249,,,,
58253,,,,,,,,,,,,,,,,,,,,,,,,,,,,,,,,,,,,,,,,,,,,,,,,,,,,,1,1,1,1
78977,,,,,,,,,,,,,,,,,,,,,,,,,,,,,,,,,,,,,,,,,,,,,,,,,,,,,2,1,2,1
73231,,,,,,,,,,,,,,,,,,,,,,,,,,,,,,,,,,,,,,,,,,,,,,,,,,,,,3,1,3,1
85819,,,,,,,,,,,,,,,,,,,,,,,,,,,,,,,,,,,,,,,,,,,,,,,,,,,,,4,2,1,1
73099,,,,,,,,,,,,,,,,,,,,,,,,,,,,,,,,,,,,,,,,,,,,,,,,,,,,,6,1,2,1
83224,,,,,,,,,,,,,,,,,,,,,,,,,,,,,,,,,,,,,,,,,,,,,,,,,,,,,8,2,2,1
70766,,,,,,,,,,,,,,,,,,,,,,,,,,,,,,,,,,,,,,,,,,,,,,,,,,,,,9,2,3,1
71386,,,,,,,,,,,,,,,,,,,,,,,,,,,,,,,,,,,,,,,,,,,,,,,,,,,,,11,3,4,2
68706,,,,,,,,,,,,,,,,,,,,,,,,,,,,,,,,,,,,,,,,,,,,,,,,,,,,,12,3,7,2
80752,,,,,,,,,,,,,,,,,,,,,,,,,,,,,,,,,,,,,,,,,,,,,,,,,,,,,12,2,1,1
74478,,,,,,,,,,,,,,,,,,,,,,,,,,,,,,,,,,,,,,,,,,,,,,,,,,,,,12,1,7,1
82084,,,,,,,,,,,,,,,,,,,,,,,,,,,,,,,,,,,,,,,,,,,,,,,,,,,,,15,3,10,3
82343,,,,,,,,,,,,,,,,,,,,,,,,,,,,,,,,,,,,,,,,,,,,,,,,,,,,,16,1,10,1
75720,,,,,,,,,,,,,,,,,,,,,,,,,,,,,,,,,,,,,,,,,,,,,,,,,,,,,17,4,11,3
81172,,,,,,,,,,,,,,,,,,,,,,,,,,,,,,,,,,,,,,,,,,,,,,,,,,,,,19,2,2,1
77427,,,,,,,,,,,,,,,,,,,,,,,,,,,,,,,,,,,,,,,,,,,,,,,,,,,,,21,3,15,2
83167,,,,,,,,,,,,,,,,,,,,,,,,,,,,,,,,,,,,,,,,,,,,,,,,,,,,,21,3,15,2
71018,,,,,,,,,,,,,,,,,,,,,,,,,,,,,,,,,,,,,,,,,,,,,,,,,,,,,23,3,7,2
62630,,,,,,,,,,,,,,,,,,,,,,,,,,,,,,,,,,,,,,,,,,,,,,,,,,,,,26,1,19,1
87994,,,,,,,,,,,,,,,,,,,,,,,,,,,,,,,,,,,,,,,,,,,,,,,,,,,,,27,3,27,3
69073,,,,,,,,,,,,,,,,,,,,,,,,,,,,,,,,,,,,,,,,,,,,,,,,,,,,,27,1,27,1
73065,,,,,,,,,,,,,,,,,,,,,,,,,,,,,,,,,,,,,,,,,,,,,,,,,,,,,31,2,22,2
82848,,,,,,,,,,,,,,,,,,,,,,,,,,,,,,,,,,,,,,,,,,,,,,,,,,,,,34,6,8,2
66757,,,,,,,,,,,,,,,,,,,,,,,,,,,,,,,,,,,,,,,,,,,,,,,,,,,,,40,8,28,6
88794,,,,,,,,,,,,,,,,,,,,,,,,,,,,,,,,,,,,,,,,,,,,,,,,,,,,,2,1,1,1
71094,,,,,,,,,,,,,,,,,,,,,,,,,,,,,,,,,,,,,,,,,,,,,,,,,,,,,41,5,10,3
67980,,,,,,,,,,,,,,,,,,,,,,,,,,,,,,,,,,,,,,,,,,,,,,,,,,,,,45,8,30,3
84292,,,,,,,,,,,,,,,,,,,,,,,,,,,,,,,,,,,,,,,,,,,,,,,,,,,,,3,1,2,1
75573,,,,,,,,,,,,,,,,,,,,,,,,,,,,,,,,,,,,,,,,,,,,,,,,,,,,,49,2,49,2
75446,,,,,,,,,,,,,,,,,,,,,,,,,,,,,,,,,,,,,,,,,,,,,,,,,,,,,51,8,26,6
64585,,,,,,,,,,,,,,,,,,,,,,,,,,,,,,,,,,,,,,,,,,,,,,,,,,,,,51,3,33,2
4558,,,,,,,,,,,,,,,,,,,,,,,,,,,,,,,,,,,,,,,,,,,,,,,,,,,,,53,3,53,3
75447,,,,,,,,,,,,,,,,,,,,,,,,,,,,,,,,,,,,,,,,,,,,,,,,,,,,,59,9,11,3
79087,,,,,,,,,,,,,,,,,,,,,,,,,,,,,,,,,,,,,,,,,,,,,,,,,,,,,59,6,27,3
66240,,,,,,,,,,,,,,,,,,,,,,,,,,,,,,,,,,,,,,,,,,,,,,,,,,,,,66,6,66,6
33423,,,,,,,,,,,,,,,,,,,,,,,,,,,,,,,,,,,,,,,,,,,,,,,,,,,,,68,4,68,4
72896,,,,,,,,,,,,,,,,,,,,,,,,,,,,,,,,,,,,,,,,,,,,,,,,,,,,,68,3,31,2
65348,,,,,,,,,,,,,,,,,,,,,,,,,,,,,,,,,,,,,,,,,,,,,,,,,,,,,68,2,68,2
77526,,,,,,,,,,,,,,,,,,,,,,,,,,,,,,,,,,,,,,,,,,,,,,,,,,,,,77,7,12,2
69259,,,,,,,,,,,,,,,,,,,,,,,,,,,,,,,,,,,,,,,,,,,,,,,,,,,,,86,10,49,4
82439,,,,,,,,,,,,,,,,,,,,,,,,,,,,,,,,,,,,,,,,,,,,,,,,,,,,,90,12,34,9
82736,,,,,,,,,,,,,,,,,,,,,,,,,,,,,,,,,,,,,,,,,,,,,,,,,,,,,98,4,98,4
75433,,,,,,,,,,,,,,,,,,,,,,,,,,,,,,,,,,,,,,,,,,,,,,,,,,,,,105,9,37,3
88756,,,,,,,,,,,,,,,,,,,,,,,,,,,,,,,,,,,,,,,,,,,,,,,,,,,,,113,16,113,16
77007,,,,,,,,,,,,,,,,,,,,,,,,,,,,,,,,,,,,,,,,,,,,,,,,,,,,,118,10,14,4
48630,,,,,,,,,,,,,,,,,,,,,,,,,,,,,,,,,,,,,,,,,,,,,,,,,,,,,127,4,127,4
78266,,,,,,,,,,,,,,,,,,,,,,,,,,,,,,,,,,,,,,,,,,,,,,,,,,,,,133,6,15,1
74574,,,,,,,,,,,,,,,,,,,,,,,,,,,,,,,,,,,,,,,,,,,,,,,,,,,,,146,22,44,13
72453,,,,,,,,,,,,,,,,,,,,,,,,,,,,,,,,,,,,,,,,,,,,,,,,,,,,,146,19,55,2
26498,,,,,,,,,,,,,,,,,,,,,,,,,,,,,,,,,,,,,,,,,,,,,,,,,,,,,153,24,153,24
73588,,,,,,,,,,,,,,,,,,,,,,,,,,,,,,,,,,,,,,,,,,,,,,,,,,,,,153,13,71,8
68581,,,,,,,,,,,,,,,,,,,,,,,,,,,,,,,,,,,,,,,,,,,,,,,,,,,,,159,22,59,9
63617,,,,,,,,,,,,,,,,,,,,,,,,,,,,,,,,,,,,,,,,,,,,,,,,,,,,,171,24,77,12
72740,,,,,,,,,,,,,,,,,,,,,,,,,,,,,,,,,,,,,,,,,,,,,,,,,,,,,184,27,64,16
74596,,,,,,,,,,,,,,,,,,,,,,,,,,,,,,,,,,,,,,,,,,,,,,,,,,,,,184,15,184,15
69652,,,,,,,,,,,,,,,,,,,,,,,,,,,,,,,,,,,,,,,,,,,,,,,,,,,,,10,2,8,2
89003,,,,,,,,,,,,,,,,,,,,,,,,,,,,,,,,,,,,,,,,,,,,,,,,,,,,,198,22,198,22
58149,,,,,,,,,,,,,,,,,,,,,,,,,,,,,,,,,,,,,,,,,,,,,,,,,,,,,198,15,198,15
72761,,,,,,,,,,,,,,,,,,,,,,,,,,,,,,,,,,,,,,,,,,,,,,,,,,,,,198,25,198,25
43731,,,,,,,,,,,,,,,,,,,,,,,,,,,,,,,,,,,,,,,,,,,,,,,,,,,,,207,3,207,3
76391,,,,,,,,,,,,,,,,,,,,,,,,,,,,,,,,,,,,,,,,,,,,,,,,,,,,,216,31,70,17
88492,,,,,,,,,,,,,,,,,,,,,,,,,,,,,,,,,,,,,,,,,,,,,,,,,,,,,216,20,48,8
8846,,,,,,,,,,,,,,,,,,,,,,,,,,,,,,,,,,,,,,,,,,,,,,,,,,,,,223,17,223,17
52680,,,,,,,,,,,,,,,,,,,,,,,,,,,,,,,,,,,,,,,,,,,,,,,,,,,,,229,34,229,34
55999,,,,,,,,,,,,,,,,,,,,,,,,,,,,,,,,,,,,,,,,,,,,,,,,,,,,,233,22,233,22
77704,,,,,,,,,,,,,,,,,,,,,,,,,,,,,,,,,,,,,,,,,,,,,,,,,,,,,233,27,73,5
80466,,,,,,,,,,,,,,,,,,,,,,,,,,,,,,,,,,,,,,,,,,,,,,,,,,,,,242,10,74,4
88655,,,,,,,,,,,,,,,,,,,,,,,,,,,,,,,,,,,,,,,,,,,,,,,,,,,,,242,37,242,37
43830,,,,,,,,,,,,,,,,,,,,,,,,,,,,,,,,,,,,,,,,,,,,,,,,,,,,,262,27,262,27
73982,,,,,,,,,,,,,,,,,,,,,,,,,,,,,,,,,,,,,,,,,,,,,,,,,,,,,14,1,2,1
70678,,,,,,,,,,,,,,,,,,,,,,,,,,,,,,,,,,,,,,,,,,,,,,,,,,,,,272,36,78,11
67513,,,,,,,,,,,,,,,,,,,,,,,,,,,,,,,,,,,,,,,,,,,,,,,,,,,,,290,18,290,18
70302,,,,,,,,,,,,,,,,,,,,,,,,,,,,,,,,,,,,,,,,,,,,,,,,,,,,,290,12,290,12
60720,,,,,,,,,,,,,,,,,,,,,,,,,,,,,,,,,,,,,,,,,,,,,,,,,,,,,314,24,314,24
86296,,,,,,,,,,,,,,,,,,,,,,,,,,,,,,,,,,,,,,,,,,,,,,,,,,,,,314,44,314,44
57746,,,,,,,,,,,,,,,,,,,,,,,,,,,,,,,,,,,,,,,,,,,,,,,,,,,,,323,38,323,38
62912,,,,,,,,,,,,,,,,,,,,,,,,,,,,,,,,,,,,,,,,,,,,,,,,,,,,,330,21,330,21
72440,,,,,,,,,,,,,,,,,,,,,,,,,,,,,,,,,,,,,,,,,,,,,,,,,,,,,330,38,330,38
35634,,,,,,,,,,,,,,,,,,,,,,,,,,,,,,,,,,,,,,,,,,,,,,,,,,,,,330,21,330,21
56496,,,,,,,,,,,,,,,,,,,,,,,,,,,,,,,,,,,,,,,,,,,,,,,,,,,,,357,17,357,17
75445,,,,,,,,,,,,,,,,,,,,,,,,,,,,,,,,,,,,,,,,,,,,,,,,,,,,,371,50,87,18
90195,,,,,,,,,,,,,,,,,,,,,,,,,,,,,,,,,,,,,,,,,,,,,,,,,,,,,22,5,12,3
59080,,,,,,,,,,,,,,,,,,,,,,,,,,,,,,,,,,,,,,,,,,,,,,,,,,,,,371,14,371,14
79652,,,,,,,,,,,,,,,,,,,,,,,,,,,,,,,,,,,,,,,,,,,,,,,,,,,,,384,44,384,44
51746,,,,,,,,,,,,,,,,,,,,,,,,,,,,,,,,,,,,,,,,,,,,,,,,,,,,,399,53,399,53
90481,,,,,,,,,,,,,,,,,,,,,,,,,,,,,,,,,,,,,,,,,,,,,,,,,,,,,399,53,399,53
60573,,,,,,,,,,,,,,,,,,,,,,,,,,,,,,,,,,,,,,,,,,,,,,,,,,,,,425,29,425,29
55093,,,,,,,,,,,,,,,,,,,,,,,,,,,,,,,,,,,,,,,,,,,,,,,,,,,,,425,17,425,17
68807,,,,,,,,,,,,,,,,,,,,,,,,,,,,,,,,,,,,,,,,,,,,,,,,,,,,,425,30,91,7
73480,,,,,,,,,,,,,,,,,,,,,,,,,,,,,,,,,,,,,,,,,,,,,,,,,,,,,432,49,122,14
60590,,,,,,,,,,,,,,,,,,,,,,,,,,,,,,,,,,,,,,,,,,,,,,,,,,,,,432,21,432,21
54571,,,,,,,,,,,,,,,,,,,,,,,,,,,,,,,,,,,,,,,,,,,,,,,,,,,,,453,30,453,30
45366,,,,,,,,,,,,,,,,,,,,,,,,,,,,,,,,,,,,,,,,,,,,,,,,,,,,,453,15,453,15
83207,,,,,,,,,,,,,,,,,,,,,,,,,,,,,,,,,,,,,,,,,,,,,,,,,,,,,453,34,453,34
88691,,,,,,,,,,,,,,,,,,,,,,,,,,,,,,,,,,,,,,,,,,,,,,,,,,,,,453,51,453,51
4966,,,,,,,,,,,,,,,,,,,,,,,,,,,,,,,,,,,,,,,,,,,,,,,,,,,,,453,61,453,61
82167,,,,,,,,,,,,,,,,,,,,,,,,,,,,,,,,,,,,,,,,,,,,,,,,,,,,,475,54,475,54
74365,,,,,,,,,,,,,,,,,,,,,,,,,,,,,,,,,,,,,,,,,,,,,,,,,,,,,475,33,56,9
32294,,,,,,,,,,,,,,,,,,,,,,,,,,,,,,,,,,,,,,,,,,,,,,,,,,,,,490,55,490,55
72149,,,,,,,,,,,,,,,,,,,,,,,,,,,,,,,,,,,,,,,,,,,,,,,,,,,,,490,19,490,19
79475,,,,,,,,,,,,,,,,,,,,,,,,,,,,,,,,,,,,,,,,,,,,,,,,,,,,,503,35,503,35
81268,,,,,,,,,,,,,,,,,,,,,,,,,,,,,,,,,,,,,,,,,,,,,,,,,,,,,503,64,57,7
65359,,,,,,,,,,,,,,,,,,,,,,,,,,,,,,,,,,,,,,,,,,,,,,,,,,,,,527,60,527,60
29130,,,,,,,,,,,,,,,,,,,,,,,,,,,,,,,,,,,,,,,,,,,,,,,,,,,,,527,68,527,68
47923,,,,,,,,,,,,,,,,,,,,,,,,,,,,,,,,,,,,,,,,,,,,,,,,,,,,,527,40,527,40
45538,,,,,,,,,,,,,,,,,,,,,,,,,,,,,,,,,,,,,,,,,,,,,,,,,,,,,549,62,549,62
75295,,,,,,,,,,,,,,,,,,,,,,,,,,,,,,,,,,,,,,,,,,,,,,,,,,,,,565,67,101,4
80877,,,,,,,,,,,,,,,,,,,,,,,,,,,,,,,,,,,,,,,,,,,,,,,,,,,,,565,69,101,15
34862,,,,,,,,,,,,,,,,,,,,,,,,,,,,,,,,,,,,,,,,,,,,,,,,,,,,,565,25,565,25
46762,,,,,,,,,,,,,,,,,,,,,,,,,,,,,,,,,,,,,,,,,,,,,,,,,,,,,611,45,611,45
74848,,,,,,,,,,,,,,,,,,,,,,,,,,,,,,,,,,,,,,,,,,,,,,,,,,,,,624,44,60,4
89748,,,,,,,,,,,,,,,,,,,,,,,,,,,,,,,,,,,,,,,,,,,,,,,,,,,,,624,73,624,73
46488,,,,,,,,,,,,,,,,,,,,,,,,,,,,,,,,,,,,,,,,,,,,,,,,,,,,,624,77,624,77
69881,,,,,,,,,,,,,,,,,,,,,,,,,,,,,,,,,,,,,,,,,,,,,,,,,,,,,667,31,146,4
79861,,,,,,,,,,,,,,,,,,,,,,,,,,,,,,,,,,,,,,,,,,,,,,,,,,,,,667,78,667,78
83141,,,,,,,,,,,,,,,,,,,,,,,,,,,,,,,,,,,,,,,,,,,,,,,,,,,,,667,52,62,9
88791,,,,,,,,,,,,,,,,,,,,,,,,,,,,,,,,,,,,,,,,,,,,,,,,,,,,,36,9,36,9
59883,,,,,,,,,,,,,,,,,,,,,,,,,,,,,,,,,,,,,,,,,,,,,,,,,,,,,684,37,684,37
64144,,,,,,,,,,,,,,,,,,,,,,,,,,,,,,,,,,,,,,,,,,,,,,,,,,,,,684,47,684,47
80845,,,,,,,,,,,,,,,,,,,,,,,,,,,,,,,,,,,,,,,,,,,,,,,,,,,,,701,86,701,86
67998,,,,,,,,,,,,,,,,,,,,,,,,,,,,,,,,,,,,,,,,,,,,,,,,,,,,,701,33,154,5
74048,,,,,,,,,,,,,,,,,,,,,,,,,,,,,,,,,,,,,,,,,,,,,,,,,,,,,722,39,159,7
75248,,,,,,,,,,,,,,,,,,,,,,,,,,,,,,,,,,,,,,,,,,,,,,,,,,,,,740,89,115,17
68340,,,,,,,,,,,,,,,,,,,,,,,,,,,,,,,,,,,,,,,,,,,,,,,,,,,,,44,5,12,2
70152,,,,,,,,,,,,,,,,,,,,,,,,,,,,,,,,,,,,,,,,,,,,,,,,,,,,,807,67,807,67
89023,,,,,,,,,,,,,,,,,,,,,,,,,,,,,,,,,,,,,,,,,,,,,,,,,,,,,827,91,827,91
43200,,,,,,,,,,,,,,,,,,,,,,,,,,,,,,,,,,,,,,,,,,,,,,,,,,,,,827,88,827,88
79640,,,,,,,,,,,,,,,,,,,,,,,,,,,,,,,,,,,,,,,,,,,,,,,,,,,,,871,110,871,110
75778,,,,,,,,,,,,,,,,,,,,,,,,,,,,,,,,,,,,,,,,,,,,,,,,,,,,,892,65,119,10
43283,,,,,,,,,,,,,,,,,,,,,,,,,,,,,,,,,,,,,,,,,,,,,,,,,,,,,892,75,892,75
62708,,,,,,,,,,,,,,,,,,,,,,,,,,,,,,,,,,,,,,,,,,,,,,,,,,,,,999,108,999,108
88047,,,,,,,,,,,,,,,,,,,,,,,,,,,,,,,,,,,,,,,,,,,,,,,,,,,,,999,35,999,35
3134,,,,,,,,,,,,,,,,,,,,,,,,,,,,,,,,,,,,,,,,,,,,,,,,,,,,,1025,130,1025,130
74481,,,,,,,,,,,,,,,,,,,,,,,,,,,,,,,,,,,,,,,,,,,,,,,,,,,,,1025,125,179,31
76273,,,,,,,,,,,,,,,,,,,,,,,,,,,,,,,,,,,,,,,,,,,,,,,,,,,,,1039,115,181,9
62302,,,,,,,,,,,,,,,,,,,,,,,,,,,,,,,,,,,,,,,,,,,,,,,,,,,,,1039,72,1039,72
64769,,,,,,,,,,,,,,,,,,,,,,,,,,,,,,,,,,,,,,,,,,,,,,,,,,,,,1039,127,1039,127
18647,,,,,,,,,,,,,,,,,,,,,,,,,,,,,,,,,,,,,,,,,,,,,,,,,,,,,1071,44,1071,44
46084,,,,,,,,,,,,,,,,,,,,,,,,,,,,,,,,,,,,,,,,,,,,,,,,,,,,,1071,69,1071,69
77468,,,,,,,,,,,,,,,,,,,,,,,,,,,,,,,,,,,,,,,,,,,,,,,,,,,,,66,2,20,1
88747,,,,,,,,,,,,,,,,,,,,,,,,,,,,,,,,,,,,,,,,,,,,,,,,,,,,,1094,117,1094,117
65911,,,,,,,,,,,,,,,,,,,,,,,,,,,,,,,,,,,,,,,,,,,,,,,,,,,,,1114,22,187,5
70240,,,,,,,,,,,,,,,,,,,,,,,,,,,,,,,,,,,,,,,,,,,,,,,,,,,,,1114,136,187,32
85337,,,,,,,,,,,,,,,,,,,,,,,,,,,,,,,,,,,,,,,,,,,,,,,,,,,,,1114,61,1114,61
74849,,,,,,,,,,,,,,,,,,,,,,,,,,,,,,,,,,,,,,,,,,,,,,,,,,,,,69,2,7,1
58156,,,,,,,,,,,,,,,,,,,,,,,,,,,,,,,,,,,,,,,,,,,,,,,,,,,,,1160,142,1160,142
9794,,,,,,,,,,,,,,,,,,,,,,,,,,,,,,,,,,,,,,,,,,,,,,,,,,,,,1160,92,1160,92
76240,,,,,,,,,,,,,,,,,,,,,,,,,,,,,,,,,,,,,,,,,,,,,,,,,,,,,1204,95,1204,95
13740,,,,,,,,,,,,,,,,,,,,,,,,,,,,,,,,,,,,,,,,,,,,,,,,,,,,,1237,81,1237,81
80257,,,,,,,,,,,,,,,,,,,,,,,,,,,,,,,,,,,,,,,,,,,,,,,,,,,,,1237,153,68,8
58138,,,,,,,,,,,,,,,,,,,,,,,,,,,,,,,,,,,,,,,,,,,,,,,,,,,,,1237,67,1237,67
51856,,,,,,,,,,,,,,,,,,,,,,,,,,,,,,,,,,,,,,,,,,,,,,,,,,,,,1237,100,1237,100
54694,,,,,,,,,,,,,,,,,,,,,,,,,,,,,,,,,,,,,,,,,,,,,,,,,,,,,1301,76,1301,76
56884,,,,,,,,,,,,,,,,,,,,,,,,,,,,,,,,,,,,,,,,,,,,,,,,,,,,,1301,73,1301,73
55629,,,,,,,,,,,,,,,,,,,,,,,,,,,,,,,,,,,,,,,,,,,,,,,,,,,,,1328,87,1328,87
47777,,,,,,,,,,,,,,,,,,,,,,,,,,,,,,,,,,,,,,,,,,,,,,,,,,,,,1328,140,1328,140
17043,,,,,,,,,,,,,,,,,,,,,,,,,,,,,,,,,,,,,,,,,,,,,,,,,,,,,1364,145,1364,145
28956,,,,,,,,,,,,,,,,,,,,,,,,,,,,,,,,,,,,,,,,,,,,,,,,,,,,,1364,76,1364,76
29079,,,,,,,,,,,,,,,,,,,,,,,,,,,,,,,,,,,,,,,,,,,,,,,,,,,,,1383,147,1383,147
77750,,,,,,,,,,,,,,,,,,,,,,,,,,,,,,,,,,,,,,,,,,,,,,,,,,,,,1383,168,1383,168
46485,,,,,,,,,,,,,,,,,,,,,,,,,,,,,,,,,,,,,,,,,,,,,,,,,,,,,1383,79,1383,79
79586,,,,,,,,,,,,,,,,,,,,,,,,,,,,,,,,,,,,,,,,,,,,,,,,,,,,,1383,91,1383,91
52410,,,,,,,,,,,,,,,,,,,,,,,,,,,,,,,,,,,,,,,,,,,,,,,,,,,,,1383,92,1383,92
55181,,,,,,,,,,,,,,,,,,,,,,,,,,,,,,,,,,,,,,,,,,,,,,,,,,,,,1420,81,1420,81
60798,,,,,,,,,,,,,,,,,,,,,,,,,,,,,,,,,,,,,,,,,,,,,,,,,,,,,81,10,81,10
70720,,,,,,,,,,,,,,,,,,,,,,,,,,,,,,,,,,,,,,,,,,,,,,,,,,,,,1450,175,1450,175
10638,,,,,,,,,,,,,,,,,,,,,,,,,,,,,,,,,,,,,,,,,,,,,,,,,,,,,1473,69,1473,69
52962,,,,,,,,,,,,,,,,,,,,,,,,,,,,,,,,,,,,,,,,,,,,,,,,,,,,,1473,156,1473,156
70008,,,,,,,,,,,,,,,,,,,,,,,,,,,,,,,,,,,,,,,,,,,,,,,,,,,,,88,15,8,3
1756,,,,,,,,,,,,,,,,,,,,,,,,,,,,,,,,,,,,,,,,,,,,,,,,,,,,,1495,70,1495,70
71757,,,,,,,,,,,,,,,,,,,,,,,,,,,,,,,,,,,,,,,,,,,,,,,,,,,,,1541,165,1541,165
74973,,,,,,,,,,,,,,,,,,,,,,,,,,,,,,,,,,,,,,,,,,,,,,,,,,,,,1541,164,1541,164
23448,,,,,,,,,,,,,,,,,,,,,,,,,,,,,,,,,,,,,,,,,,,,,,,,,,,,,1562,171,1562,171
52677,,,,,,,,,,,,,,,,,,,,,,,,,,,,,,,,,,,,,,,,,,,,,,,,,,,,,1562,212,1562,212
48065,,,,,,,,,,,,,,,,,,,,,,,,,,,,,,,,,,,,,,,,,,,,,,,,,,,,,1562,167,1562,167
59617,,,,,,,,,,,,,,,,,,,,,,,,,,,,,,,,,,,,,,,,,,,,,,,,,,,,,1585,218,1585,218
32993,,,,,,,,,,,,,,,,,,,,,,,,,,,,,,,,,,,,,,,,,,,,,,,,,,,,,1585,169,1585,169
63070,,,,,,,,,,,,,,,,,,,,,,,,,,,,,,,,,,,,,,,,,,,,,,,,,,,,,1585,85,214,10
39878,,,,,,,,,,,,,,,,,,,,,,,,,,,,,,,,,,,,,,,,,,,,,,,,,,,,,1638,107,1638,107
42637,,,,,,,,,,,,,,,,,,,,,,,,,,,,,,,,,,,,,,,,,,,,,,,,,,,,,1670,91,1670,91
73366,,,,,,,,,,,,,,,,,,,,,,,,,,,,,,,,,,,,,,,,,,,,,,,,,,,,,95,17,1,1
78411,,,,,,,,,,,,,,,,,,,,,,,,,,,,,,,,,,,,,,,,,,,,,,,,,,,,,1706,197,143,22
66746,,,,,,,,,,,,,,,,,,,,,,,,,,,,,,,,,,,,,,,,,,,,,,,,,,,,,1728,231,1728,231
73323,,,,,,,,,,,,,,,,,,,,,,,,,,,,,,,,,,,,,,,,,,,,,,,,,,,,,1728,199,72,9
66613,,,,,,,,,,,,,,,,,,,,,,,,,,,,,,,,,,,,,,,,,,,,,,,,,,,,,1781,139,1781,139
61311,,,,,,,,,,,,,,,,,,,,,,,,,,,,,,,,,,,,,,,,,,,,,,,,,,,,,1827,242,1827,242
1306,,,,,,,,,,,,,,,,,,,,,,,,,,,,,,,,,,,,,,,,,,,,,,,,,,,,,1827,216,1827,216
62068,,,,,,,,,,,,,,,,,,,,,,,,,,,,,,,,,,,,,,,,,,,,,,,,,,,,,1827,242,1827,242
47862,,,,,,,,,,,,,,,,,,,,,,,,,,,,,,,,,,,,,,,,,,,,,,,,,,,,,1849,145,1849,145
52992,,,,,,,,,,,,,,,,,,,,,,,,,,,,,,,,,,,,,,,,,,,,,,,,,,,,,1849,189,1849,189
23633,,,,,,,,,,,,,,,,,,,,,,,,,,,,,,,,,,,,,,,,,,,,,,,,,,,,,1870,124,1870,124
30002,,,,,,,,,,,,,,,,,,,,,,,,,,,,,,,,,,,,,,,,,,,,,,,,,,,,,1891,223,1891,223
71950,,,,,,,,,,,,,,,,,,,,,,,,,,,,,,,,,,,,,,,,,,,,,,,,,,,,,1913,213,227,12
29840,,,,,,,,,,,,,,,,,,,,,,,,,,,,,,,,,,,,,,,,,,,,,,,,,,,,,1913,213,1913,213
84674,,,,,,,,,,,,,,,,,,,,,,,,,,,,,,,,,,,,,,,,,,,,,,,,,,,,,1941,119,75,11
72989,,,,,,,,,,,,,,,,,,,,,,,,,,,,,,,,,,,,,,,,,,,,,,,,,,,,,1941,200,1941,200
43065,,,,,,,,,,,,,,,,,,,,,,,,,,,,,,,,,,,,,,,,,,,,,,,,,,,,,1941,111,1941,111
66075,,,,,,,,,,,,,,,,,,,,,,,,,,,,,,,,,,,,,,,,,,,,,,,,,,,,,106,20,106,20
73977,,,,,,,,,,,,,,,,,,,,,,,,,,,,,,,,,,,,,,,,,,,,,,,,,,,,,1941,119,1941,119
46248,,,,,,,,,,,,,,,,,,,,,,,,,,,,,,,,,,,,,,,,,,,,,,,,,,,,,1966,120,1966,120
34854,,,,,,,,,,,,,,,,,,,,,,,,,,,,,,,,,,,,,,,,,,,,,,,,,,,,,1989,221,1989,221
18155,,,,,,,,,,,,,,,,,,,,,,,,,,,,,,,,,,,,,,,,,,,,,,,,,,,,,108,11,108,11
67487,,,,,,,,,,,,,,,,,,,,,,,,,,,,,,,,,,,,,,,,,,,,,,,,,,,,,2016,210,2016,210
23,,,,,,,,,,,,,,,,,,,,,,,,,,,,,,,,,,,,,,,,,,,,,,,,,,,,,2048,213,2048,213
89312,,,,,,,,,,,,,,,,,,,,,,,,,,,,,,,,,,,,,,,,,,,,,,,,,,,,,2069,100,2069,100
69198,,,,,,,,,,,,,,,,,,,,,,,,,,,,,,,,,,,,,,,,,,,,,,,,,,,,,2069,156,2069,156
87644,,,,,,,,,,,,,,,,,,,,,,,,,,,,,,,,,,,,,,,,,,,,,,,,,,,,,2097,220,2097,220
30555,,,,,,,,,,,,,,,,,,,,,,,,,,,,,,,,,,,,,,,,,,,,,,,,,,,,,2132,137,2132,137
57862,,,,,,,,,,,,,,,,,,,,,,,,,,,,,,,,,,,,,,,,,,,,,,,,,,,,,2148,238,2148,238
34377,,,,,,,,,,,,,,,,,,,,,,,,,,,,,,,,,,,,,,,,,,,,,,,,,,,,,2187,228,2187,228
32455,,,,,,,,,,,,,,,,,,,,,,,,,,,,,,,,,,,,,,,,,,,,,,,,,,,,,2187,35,2187,35
67901,,,,,,,,,,,,,,,,,,,,,,,,,,,,,,,,,,,,,,,,,,,,,,,,,,,,,2211,289,2211,289
42740,,,,,,,,,,,,,,,,,,,,,,,,,,,,,,,,,,,,,,,,,,,,,,,,,,,,,2242,125,2242,125
63984,,,,,,,,,,,,,,,,,,,,,,,,,,,,,,,,,,,,,,,,,,,,,,,,,,,,,2242,269,237,41
55395,,,,,,,,,,,,,,,,,,,,,,,,,,,,,,,,,,,,,,,,,,,,,,,,,,,,,118,2,118,2
70362,,,,,,,,,,,,,,,,,,,,,,,,,,,,,,,,,,,,,,,,,,,,,,,,,,,,,2274,137,2274,137
7053,,,,,,,,,,,,,,,,,,,,,,,,,,,,,,,,,,,,,,,,,,,,,,,,,,,,,119,4,119,4
51255,,,,,,,,,,,,,,,,,,,,,,,,,,,,,,,,,,,,,,,,,,,,,,,,,,,,,2288,113,2288,113
58948,,,,,,,,,,,,,,,,,,,,,,,,,,,,,,,,,,,,,,,,,,,,,,,,,,,,,2288,261,2288,261
40060,,,,,,,,,,,,,,,,,,,,,,,,,,,,,,,,,,,,,,,,,,,,,,,,,,,,,2321,276,2321,276
63768,,,,,,,,,,,,,,,,,,,,,,,,,,,,,,,,,,,,,,,,,,,,,,,,,,,,,120,4,120,4
64260,,,,,,,,,,,,,,,,,,,,,,,,,,,,,,,,,,,,,,,,,,,,,,,,,,,,,2348,269,2348,269
88410,,,,,,,,,,,,,,,,,,,,,,,,,,,,,,,,,,,,,,,,,,,,,,,,,,,,,2354,284,242,42
56959,,,,,,,,,,,,,,,,,,,,,,,,,,,,,,,,,,,,,,,,,,,,,,,,,,,,,2354,172,2354,172
29033,,,,,,,,,,,,,,,,,,,,,,,,,,,,,,,,,,,,,,,,,,,,,,,,,,,,,2364,144,2364,144
65880,,,,,,,,,,,,,,,,,,,,,,,,,,,,,,,,,,,,,,,,,,,,,,,,,,,,,2386,124,2386,124
76252,,,,,,,,,,,,,,,,,,,,,,,,,,,,,,,,,,,,,,,,,,,,,,,,,,,,,2394,248,2394,248
45407,,,,,,,,,,,,,,,,,,,,,,,,,,,,,,,,,,,,,,,,,,,,,,,,,,,,,2425,90,2425,90
23702,,,,,,,,,,,,,,,,,,,,,,,,,,,,,,,,,,,,,,,,,,,,,,,,,,,,,2450,280,2450,280
19289,,,,,,,,,,,,,,,,,,,,,,,,,,,,,,,,,,,,,,,,,,,,,,,,,,,,,2450,123,2450,123
90163,,,,,,,,,,,,,,,,,,,,,,,,,,,,,,,,,,,,,,,,,,,,,,,,,,,,,2471,176,2471,176
42714,,,,,,,,,,,,,,,,,,,,,,,,,,,,,,,,,,,,,,,,,,,,,,,,,,,,,2480,131,2480,131
60774,,,,,,,,,,,,,,,,,,,,,,,,,,,,,,,,,,,,,,,,,,,,,,,,,,,,,2487,179,2487,179
72411,,,,,,,,,,,,,,,,,,,,,,,,,,,,,,,,,,,,,,,,,,,,,,,,,,,,,2501,296,157,25
89073,,,,,,,,,,,,,,,,,,,,,,,,,,,,,,,,,,,,,,,,,,,,,,,,,,,,,2508,131,2508,131
52563,,,,,,,,,,,,,,,,,,,,,,,,,,,,,,,,,,,,,,,,,,,,,,,,,,,,,2513,157,2513,157
58934,,,,,,,,,,,,,,,,,,,,,,,,,,,,,,,,,,,,,,,,,,,,,,,,,,,,,2525,158,2525,158
56856,,,,,,,,,,,,,,,,,,,,,,,,,,,,,,,,,,,,,,,,,,,,,,,,,,,,,2527,288,2527,288
67357,,,,,,,,,,,,,,,,,,,,,,,,,,,,,,,,,,,,,,,,,,,,,,,,,,,,,2544,181,2544,181
15548,,,,,,,,,,,,,,,,,,,,,,,,,,,,,,,,,,,,,,,,,,,,,,,,,,,,,2546,290,2546,290
22249,,,,,,,,,,,,,,,,,,,,,,,,,,,,,,,,,,,,,,,,,,,,,,,,,,,,,2547,335,2547,335
